order_id,order_date,customer_id,category,product,unit_price,quantity,discount,total_amount,region,payment_method,channel,satisfaction,delivery_days
ORD000001,2024-03-12,CUST01386,Electronics,Laptop,1125.25,2,0,2250.5,Central,Credit Card,Phone,5,1
ORD000002,2024-01-14,CUST01467,Electronics,Laptop,367.03,5,0.1,1651.64,Central,Mobile Money,Mobile App,4,8
ORD000003,2024-03-22,CUST00697,Sports,Yoga Mat,651.36,1,0.2,521.09,East,Debit Card,Mobile App,5,13
ORD000004,2024-06-25,CUST01653,Home,Lamp,50.71,1,0,50.71,North,Mobile Money,Web,4,7
ORD000005,2024-07-04,CUST01443,Electronics,Smartwatch,475.11,5,0.2,1900.44,North,Credit Card,Mobile App,5,13
ORD000006,2024-05-22,CUST01709,Home,Lamp,344.3,1,0.05,327.09,East,Debit Card,In-Store,4,6
ORD000007,2024-11-21,CUST01494,Clothing,Socks,47.38,1,0.1,42.64,South,Debit Card,Phone,3,7
ORD000008,2024-06-15,CUST01590,Home,Pillow,279.94,2,0.15,475.9,North,Debit Card,Web,5,13
ORD000009,2024-06-10,CUST01023,Home,Blender,118.08,2,0.1,212.54,West,Mobile Money,Mobile App,3,5
ORD000010,2024-10-26,CUST01196,Clothing,Jeans,114.3,5,0,571.5,West,PayPal,Mobile App,4,3
ORD000011,2024-02-26,CUST00328,Sports,Dumbbell,90.91,1,0.2,72.73,West,Bank Transfer,Web,4,7
ORD000012,2024-10-10,CUST00024,Books,Cookbook,59.79,5,0,298.95,North,Bank Transfer,In-Store,5,13
ORD000013,2024-01-02,CUST01794,Home,Lamp,128.0,2,0.05,243.2,East,Bank Transfer,Mobile App,5,9
ORD000014,2024-04-11,CUST01562,Electronics,Camera,482.74,5,0.1,2172.33,South,Bank Transfer,Web,3,10
ORD000015,2024-06-06,CUST00494,Home,Blender,22.5,3,0.2,54.0,Central,Credit Card,Web,4,12
ORD000016,2024-03-05,CUST00974,Books,Novel,58.79,5,0.2,235.16,Central,Debit Card,In-Store,3,9
ORD000017,2024-12-19,CUST00639,Sports,Dumbbell,772.2,5,0.2,3088.8,West,PayPal,Phone,4,9
ORD000018,2024-01-11,CUST00472,Books,Novel,18.63,1,0,18.63,Central,Debit Card,Web,4,2
ORD000019,2024-06-18,CUST00488,Electronics,Smartphone,147.73,1,0.2,118.18,East,Mobile Money,Mobile App,3,9
ORD000020,2024-08-30,CUST00969,Clothing,Socks,140.97,5,0.1,634.37,West,Debit Card,Web,3,2
ORD000021,2024-01-28,CUST01324,Books,Comic,28.3,4,0.2,90.56,North,Credit Card,Phone,5,12
ORD000022,2024-08-17,CUST00376,Home,Lamp,110.73,2,0.1,199.31,East,Mobile Money,Mobile App,2,14
ORD000023,2024-01-26,CUST01108,Electronics,Headphones,1221.63,5,0,6108.15,North,Credit Card,Mobile App,4,3
ORD000024,2024-03-25,CUST00800,Books,Biography,31.47,4,0,125.88,East,Mobile Money,In-Store,4,7
ORD000025,2024-05-31,CUST00120,Sports,Bicycle,580.36,2,0,1160.72,Central,Bank Transfer,Web,3,12
ORD000026,2024-09-28,CUST01968,Home,Lamp,34.3,4,0.1,123.48,Central,Credit Card,Mobile App,3,2
ORD000027,2024-03-02,CUST01167,Sports,Football,546.67,2,0.05,1038.67,South,Bank Transfer,Web,5,10
ORD000028,2024-06-10,CUST00419,Electronics,Headphones,1003.19,5,0.1,4514.35,East,Debit Card,In-Store,5,7
ORD000029,2024-02-07,CUST01273,Clothing,Socks,100.37,4,0,401.48,Central,Credit Card,Web,1,9
ORD000030,2024-05-05,CUST00324,Clothing,Hat,47.13,3,0,141.39,West,Bank Transfer,In-Store,4,10
ORD000031,2024-12-05,CUST01799,Sports,Football,540.93,5,0,2704.65,South,PayPal,Web,2,2
ORD000032,2024-06-24,CUST01299,Sports,Basketball,232.43,5,0,1162.15,East,Bank Transfer,Phone,3,5
ORD000033,2024-01-02,CUST00268,Electronics,Laptop,969.71,3,0,2909.13,East,Debit Card,Phone,3,9
ORD000034,2024-03-17,CUST01710,Books,Cookbook,5.53,1,0.15,4.7,East,Bank Transfer,Mobile App,5,7
ORD000035,2024-04-17,CUST01366,Clothing,T-Shirt,53.16,1,0,53.16,North,PayPal,Phone,4,10
ORD000036,2024-01-13,CUST01894,Clothing,Jeans,131.04,2,0.05,248.98,East,Mobile Money,Mobile App,3,5
ORD000037,2024-08-28,CUST01673,Clothing,Socks,25.13,1,0.2,20.1,West,PayPal,In-Store,4,14
ORD000038,2024-06-17,CUST00143,Clothing,Jeans,13.31,2,0.05,25.29,East,PayPal,Phone,3,11
ORD000039,2024-04-01,CUST00544,Sports,Yoga Mat,752.6,1,0,752.6,North,Credit Card,Phone,4,6
ORD000040,2024-07-16,CUST00390,Home,Blender,248.39,5,0,1241.95,East,Credit Card,Phone,5,1
ORD000041,2024-08-08,CUST01361,Sports,Tennis Racket,555.75,2,0,1111.5,East,Bank Transfer,In-Store,2,11
ORD000042,2024-12-07,CUST00825,Electronics,Camera,1355.07,5,0,6775.35,East,Bank Transfer,Mobile App,4,4
ORD000043,2024-10-18,CUST01123,Books,Guide,56.72,2,0.1,102.1,North,PayPal,In-Store,3,4
ORD000044,2024-08-14,CUST00438,Books,Cookbook,38.37,3,0.05,109.35,Central,Mobile Money,Mobile App,4,11
ORD000045,2024-02-17,CUST01539,Electronics,Tablet,797.41,5,0,3987.05,South,PayPal,Mobile App,5,13
ORD000046,2024-11-08,CUST00150,Clothing,Jeans,13.42,2,0.05,25.5,West,Mobile Money,Mobile App,5,12
ORD000047,2024-12-18,CUST01538,Books,Biography,26.98,2,0.15,45.87,North,Mobile Money,Mobile App,2,3
ORD000048,2024-03-03,CUST01642,Sports,Dumbbell,59.17,2,0.2,94.67,West,Bank Transfer,In-Store,5,13
ORD000049,2024-10-07,CUST00326,Books,Cookbook,49.83,5,0.05,236.69,West,Mobile Money,In-Store,4,13
ORD000050,2024-11-16,CUST00901,Clothing,Socks,48.82,5,0.05,231.89,North,PayPal,Mobile App,3,5
ORD000051,2024-03-18,CUST01422,Home,Table,358.82,1,0,358.82,South,Debit Card,Web,3,7
ORD000052,2024-04-15,CUST00798,Books,Comic,34.84,4,0,139.36,Central,Credit Card,Phone,5,8
ORD000053,2024-08-02,CUST01505,Electronics,Tablet,482.99,4,0.2,1545.57,Central,Bank Transfer,Mobile App,5,8
ORD000054,2024-06-21,CUST01635,Clothing,Jacket,71.02,1,0.05,67.47,West,Debit Card,Phone,4,3
ORD000055,2024-10-15,CUST00172,Sports,Tennis Racket,41.03,4,0.1,147.71,West,Debit Card,Phone,4,3
ORD000056,2024-06-16,CUST01802,Electronics,Tablet,599.7,2,0.05,1139.43,West,PayPal,Phone,3,5
ORD000057,2024-06-28,CUST00141,Electronics,Headphones,78.11,5,0,390.55,North,Credit Card,Mobile App,3,4
ORD000058,2024-12-08,CUST01942,Electronics,Smartwatch,270.95,2,0.05,514.81,South,Mobile Money,In-Store,2,13
ORD000059,2024-03-24,CUST00222,Home,Chair,248.27,1,0.2,198.62,Central,Credit Card,In-Store,5,10
ORD000060,2024-10-30,CUST01285,Books,Biography,56.78,2,0,113.56,South,Credit Card,In-Store,4,14
ORD000061,2024-01-22,CUST00878,Sports,Football,641.06,5,0.2,2564.24,East,Credit Card,In-Store,4,1
ORD000062,2024-08-23,CUST00892,Books,Biography,10.8,3,0.15,27.54,South,Bank Transfer,In-Store,5,10
ORD000063,2024-06-14,CUST01702,Sports,Dumbbell,382.6,5,0,1913.0,North,PayPal,Phone,5,4
ORD000064,2024-01-15,CUST00666,Books,Cookbook,38.57,4,0,154.28,South,Mobile Money,Mobile App,4,6
ORD000065,2024-05-21,CUST01059,Home,Table,122.67,5,0.15,521.35,South,Credit Card,Mobile App,5,12
ORD000066,2024-08-31,CUST01006,Books,Biography,35.53,2,0.15,60.4,West,Credit Card,Web,5,5
ORD000067,2024-10-24,CUST01134,Clothing,Sneakers,106.85,3,0.15,272.47,Central,PayPal,Phone,5,12
ORD000068,2024-06-05,CUST00248,Sports,Yoga Mat,294.41,4,0,1177.64,South,PayPal,Web,3,12
ORD000069,2024-09-04,CUST01208,Sports,Bicycle,164.42,2,0.15,279.51,Central,Bank Transfer,In-Store,4,2
ORD000070,2024-01-08,CUST00260,Clothing,Jacket,41.85,2,0,83.7,East,Credit Card,Web,5,9
ORD000071,2024-01-07,CUST00962,Home,Pillow,378.47,4,0,1513.88,West,Mobile Money,In-Store,4,3
ORD000072,2024-02-03,CUST00152,Electronics,Tablet,1414.54,4,0,5658.16,Central,Credit Card,Mobile App,4,3
ORD000073,2024-10-12,CUST01242,Sports,Yoga Mat,86.44,2,0,172.88,Central,Bank Transfer,Mobile App,5,13
ORD000074,2024-10-28,CUST00626,Sports,Dumbbell,371.4,4,0,1485.6,Central,Bank Transfer,Web,5,10
ORD000075,2024-02-11,CUST00356,Electronics,Smartphone,957.0,3,0.15,2440.35,Central,Credit Card,Mobile App,4,1
ORD000076,2024-01-17,CUST01448,Books,Biography,42.92,4,0,171.68,East,Mobile Money,Web,3,11
ORD000077,2024-04-11,CUST01116,Clothing,Jacket,120.3,5,0.15,511.28,South,Debit Card,In-Store,5,14
ORD000078,2024-10-18,CUST00900,Clothing,T-Shirt,18.35,3,0.1,49.54,North,Mobile Money,In-Store,5,12
ORD000079,2024-02-11,CUST01822,Books,Comic,32.53,4,0.05,123.61,West,PayPal,In-Store,4,1
ORD000080,2024-01-11,CUST01377,Electronics,Smartphone,1444.77,5,0.1,6501.46,East,Bank Transfer,Web,5,13
ORD000081,2024-04-02,CUST00893,Clothing,Sneakers,82.65,4,0,330.6,West,Credit Card,Phone,5,6
ORD000082,2024-03-23,CUST01421,Books,Comic,22.66,1,0.2,18.13,West,PayPal,Phone,4,14
ORD000083,2024-06-14,CUST01583,Sports,Football,374.76,3,0,1124.28,West,Bank Transfer,Web,2,11
ORD000084,2024-07-04,CUST01021,Sports,Dumbbell,342.33,2,0.1,616.19,West,Credit Card,Mobile App,4,5
ORD000085,2024-09-05,CUST01994,Sports,Basketball,743.58,4,0.15,2528.17,Central,Debit Card,Mobile App,3,5
ORD000086,2024-02-28,CUST00241,Sports,Football,450.76,1,0,450.76,South,Mobile Money,In-Store,4,9
ORD000087,2024-08-21,CUST00786,Home,Blender,336.37,4,0,1345.48,South,Bank Transfer,Mobile App,4,14
ORD000088,2024-09-16,CUST00006,Electronics,Tablet,1170.38,4,0,4681.52,East,PayPal,Phone,3,14
ORD000089,2024-10-09,CUST00773,Clothing,Sneakers,85.4,3,0,256.2,West,PayPal,Mobile App,5,12
ORD000090,2024-06-11,CUST01445,Clothing,Hat,63.62,4,0,254.48,West,Mobile Money,Mobile App,5,8
ORD000091,2024-02-21,CUST00902,Electronics,Smartphone,778.32,5,0,3891.6,North,Bank Transfer,Phone,5,1
ORD000092,2024-08-28,CUST00543,Clothing,Sneakers,131.93,2,0,263.86,East,Bank Transfer,Phone,5,11
ORD000093,2024-06-11,CUST01818,Electronics,Tablet,1285.89,5,0.05,6107.98,West,Bank Transfer,Web,4,10
ORD000094,2024-02-16,CUST00202,Electronics,Smartphone,965.18,3,0,2895.54,North,Mobile Money,Mobile App,4,12
ORD000095,2024-07-02,CUST00299,Home,Lamp,32.71,1,0,32.71,South,Bank Transfer,Phone,4,10
ORD000096,2024-07-14,CUST00494,Clothing,Jeans,34.51,5,0.2,138.04,West,Bank Transfer,Mobile App,5,4
ORD000097,2024-01-05,CUST00953,Books,Guide,18.97,3,0.15,48.37,East,Bank Transfer,Mobile App,5,2
ORD000098,2024-08-05,CUST00936,Books,Comic,59.32,3,0.15,151.27,East,Debit Card,Phone,5,14
ORD000099,2024-10-21,CUST01433,Books,Novel,18.05,5,0,90.25,East,Credit Card,Phone,3,5
ORD000100,2024-09-11,CUST01850,Electronics,Smartwatch,1304.35,1,0.1,1173.91,East,Debit Card,In-Store,5,4
ORD000101,2024-02-19,CUST01324,Clothing,Hat,45.09,2,0.15,76.65,North,PayPal,Phone,5,1
ORD000102,2024-06-16,CUST00360,Sports,Yoga Mat,591.24,1,0,591.24,South,Debit Card,In-Store,5,9
ORD000103,2024-09-03,CUST00605,Sports,Yoga Mat,667.77,3,0.2,1602.65,East,Credit Card,Phone,5,2
ORD000104,2024-10-12,CUST01620,Clothing,Jeans,130.42,4,0.2,417.34,West,Credit Card,In-Store,5,9
ORD000105,2024-07-14,CUST01926,Electronics,Headphones,584.45,3,0.1,1578.01,East,Credit Card,Mobile App,5,8
ORD000106,2024-11-08,CUST00130,Electronics,Smartwatch,1332.14,5,0,6660.7,West,PayPal,Phone,3,2
ORD000107,2024-02-29,CUST01818,Clothing,T-Shirt,142.48,3,0.05,406.07,Central,Debit Card,Phone,2,8
ORD000108,2024-10-27,CUST00317,Home,Pillow,380.51,5,0.05,1807.42,West,Credit Card,Phone,5,10
ORD000109,2024-08-15,CUST00484,Books,Comic,6.8,3,0,20.4,East,Credit Card,In-Store,4,9
ORD000110,2024-08-20,CUST00435,Home,Lamp,168.28,2,0,336.56,Central,Credit Card,Web,2,13
ORD000111,2024-02-05,CUST01136,Home,Chair,395.7,5,0,1978.5,South,Bank Transfer,Mobile App,5,14
ORD000112,2024-05-21,CUST00297,Clothing,Jacket,118.41,5,0,592.05,South,Bank Transfer,In-Store,5,13
ORD000113,2024-01-08,CUST01615,Clothing,T-Shirt,102.55,1,0,102.55,South,Bank Transfer,In-Store,4,1
ORD000114,2024-02-28,CUST00976,Clothing,Jacket,17.34,4,0.1,62.42,West,PayPal,Web,5,8
ORD000115,2024-12-03,CUST00939,Sports,Basketball,757.42,1,0.15,643.81,North,Credit Card,Phone,5,14
ORD000116,2024-08-15,CUST00166,Books,Biography,42.74,4,0.15,145.32,East,Bank Transfer,Mobile App,3,2
ORD000117,2024-12-30,CUST01224,Clothing,Jacket,97.4,5,0.1,438.3,Central,PayPal,Phone,3,9
ORD000118,2024-12-01,CUST01575,Sports,Dumbbell,97.36,1,0.2,77.89,Central,Debit Card,Phone,5,8
ORD000119,2024-07-31,CUST00641,Clothing,Sneakers,57.45,4,0.05,218.31,West,PayPal,In-Store,5,6
ORD000120,2024-02-13,CUST00198,Clothing,Socks,139.22,1,0,139.22,East,Debit Card,Web,2,10
ORD000121,2024-06-30,CUST01928,Sports,Tennis Racket,277.12,1,0.05,263.26,West,Credit Card,In-Store,5,10
ORD000122,2024-03-20,CUST00460,Home,Table,54.89,5,0,274.45,North,PayPal,In-Store,4,2
ORD000123,2024-10-14,CUST01677,Home,Toaster,102.07,4,0.2,326.62,Central,Bank Transfer,Web,5,10
ORD000124,2024-06-28,CUST01782,Home,Lamp,84.46,3,0,253.38,South,Bank Transfer,Phone,1,2
ORD000125,2024-09-28,CUST00860,Clothing,Socks,98.64,1,0,98.64,West,PayPal,Mobile App,3,6
ORD000126,2024-02-13,CUST00319,Home,Pillow,139.89,5,0.1,629.51,South,Bank Transfer,Web,5,11
ORD000127,2024-11-06,CUST00560,Electronics,Tablet,692.51,4,0.05,2631.54,South,Bank Transfer,Web,4,6
ORD000128,2024-09-26,CUST00094,Books,Novel,20.58,5,0.05,97.76,South,Mobile Money,Web,4,1
ORD000129,2024-05-10,CUST00246,Clothing,Jacket,142.35,2,0.2,227.76,North,Mobile Money,Phone,4,3
ORD000130,2024-10-13,CUST01652,Clothing,Sneakers,84.56,2,0.1,152.21,East,Credit Card,Phone,5,14
ORD000131,2024-06-09,CUST01175,Electronics,Headphones,77.18,1,0.2,61.74,West,Mobile Money,In-Store,5,2
ORD000132,2024-11-12,CUST01413,Books,Novel,58.14,2,0.2,93.02,East,Credit Card,Phone,5,14
ORD000133,2024-02-10,CUST00636,Electronics,Smartphone,681.73,4,0.1,2454.23,East,Debit Card,In-Store,4,13
ORD000134,2024-09-18,CUST01590,Clothing,T-Shirt,81.47,1,0.1,73.32,East,PayPal,Mobile App,3,4
ORD000135,2024-03-19,CUST01343,Electronics,Smartphone,421.15,2,0.1,758.07,North,Debit Card,Phone,5,8
ORD000136,2024-11-21,CUST00662,Sports,Tennis Racket,370.15,5,0.15,1573.14,East,Debit Card,Phone,5,2
ORD000137,2024-01-29,CUST00152,Books,Biography,39.73,3,0.1,107.27,East,Mobile Money,Phone,4,1
ORD000138,2024-02-16,CUST01039,Electronics,Tablet,1255.96,1,0.15,1067.57,West,Mobile Money,Web,5,8
ORD000139,2024-09-13,CUST00127,Sports,Bicycle,166.83,5,0.05,792.44,West,Credit Card,In-Store,3,12
ORD000140,2024-12-28,CUST00900,Electronics,Smartwatch,986.88,1,0,986.88,Central,Bank Transfer,Mobile App,4,6
ORD000141,2024-11-02,CUST01293,Home,Table,164.16,3,0.15,418.61,East,Credit Card,In-Store,3,2
ORD000142,2024-12-02,CUST01235,Sports,Bicycle,321.52,3,0.15,819.88,South,PayPal,Web,5,10
ORD000143,2024-10-31,CUST00174,Clothing,Jacket,53.43,4,0,213.72,East,Bank Transfer,Phone,5,11
ORD000144,2024-11-26,CUST01042,Home,Chair,272.99,5,0,1364.95,East,Credit Card,In-Store,4,5
ORD000145,2024-04-25,CUST00318,Clothing,Jeans,57.84,4,0,231.36,North,PayPal,Web,5,9
ORD000146,2024-06-21,CUST01266,Sports,Bicycle,709.27,1,0.15,602.88,South,Bank Transfer,Phone,5,3
ORD000147,2024-03-25,CUST00090,Clothing,Jeans,126.39,5,0.2,505.56,West,PayPal,Mobile App,5,8
ORD000148,2024-09-30,CUST01978,Sports,Yoga Mat,606.87,4,0,2427.48,West,Debit Card,In-Store,3,11
ORD000149,2024-07-14,CUST00858,Sports,Dumbbell,380.11,3,0.2,912.26,South,Debit Card,Mobile App,5,14
ORD000150,2024-02-22,CUST01057,Home,Lamp,261.85,3,0.1,706.99,North,PayPal,Web,5,13
ORD000151,2024-08-11,CUST01865,Clothing,Jacket,72.9,5,0,364.5,South,Mobile Money,In-Store,2,1
ORD000152,2024-07-16,CUST00768,Books,Novel,26.8,3,0,80.4,South,Credit Card,In-Store,5,2
ORD000153,2024-08-29,CUST00285,Home,Chair,67.98,3,0.2,163.15,West,Mobile Money,Web,5,2
ORD000154,2024-11-07,CUST00228,Electronics,Tablet,362.7,2,0.1,652.86,East,Debit Card,In-Store,4,2
ORD000155,2024-02-02,CUST01854,Electronics,Smartphone,658.75,5,0.05,3129.06,West,Bank Transfer,Web,2,11
ORD000156,2024-08-07,CUST00723,Sports,Tennis Racket,208.71,2,0,417.42,South,Bank Transfer,Phone,1,3
ORD000157,2024-10-05,CUST01040,Electronics,Smartwatch,1463.25,1,0.1,1316.92,Central,Credit Card,Phone,4,14
ORD000158,2024-01-09,CUST00139,Books,Novel,39.96,3,0,119.88,East,Debit Card,Web,4,13
ORD000159,2024-06-29,CUST01667,Sports,Bicycle,610.21,2,0,1220.42,South,Mobile Money,Phone,4,11
ORD000160,2024-05-30,CUST01621,Clothing,Jeans,18.83,4,0,75.32,South,Credit Card,In-Store,3,5
ORD000161,2024-05-09,CUST01325,Sports,Dumbbell,791.52,5,0.05,3759.72,South,PayPal,In-Store,1,14
ORD000162,2024-07-07,CUST00820,Electronics,Camera,531.29,1,0.2,425.03,West,Mobile Money,In-Store,5,3
ORD000163,2024-02-12,CUST00162,Books,Guide,32.36,5,0,161.8,West,Bank Transfer,Mobile App,5,9
ORD000164,2024-05-31,CUST01235,Home,Table,54.5,3,0.15,138.98,West,Debit Card,Phone,4,6
ORD000165,2024-08-10,CUST01621,Books,Novel,44.97,3,0.1,121.42,North,Credit Card,Phone,3,6
ORD000166,2024-11-07,CUST00898,Sports,Bicycle,549.94,1,0,549.94,North,Debit Card,Web,4,4
ORD000167,2024-11-05,CUST00922,Home,Table,162.4,5,0,812.0,East,PayPal,Phone,3,13
ORD000168,2024-06-09,CUST00512,Electronics,Smartwatch,249.66,3,0.05,711.53,North,Credit Card,Mobile App,4,8
ORD000169,2024-05-13,CUST00440,Sports,Dumbbell,732.56,1,0,732.56,Central,PayPal,Phone,5,4
ORD000170,2024-08-15,CUST01660,Electronics,Smartphone,1286.6,4,0,5146.4,East,PayPal,Web,5,9
ORD000171,2024-12-29,CUST01307,Sports,Yoga Mat,715.24,2,0.15,1215.91,South,PayPal,Mobile App,5,2
ORD000172,2024-07-03,CUST00756,Clothing,Jeans,43.14,4,0,172.56,West,Bank Transfer,Mobile App,4,10
ORD000173,2024-07-29,CUST01687,Electronics,Laptop,498.47,4,0.1,1794.49,Central,Credit Card,Mobile App,5,6
ORD000174,2024-03-06,CUST01598,Electronics,Headphones,725.46,5,0,3627.3,Central,Bank Transfer,Mobile App,5,13
ORD000175,2024-03-04,CUST00623,Clothing,Sneakers,80.4,1,0.2,64.32,South,Debit Card,In-Store,5,12
ORD000176,2024-02-10,CUST01301,Clothing,Jacket,142.65,5,0,713.25,Central,PayPal,Mobile App,3,11
ORD000177,2024-03-27,CUST01190,Home,Toaster,220.39,5,0.15,936.66,South,Debit Card,In-Store,5,14
ORD000178,2024-01-24,CUST01580,Sports,Football,663.68,1,0,663.68,Central,PayPal,Mobile App,5,13
ORD000179,2024-11-17,CUST01315,Sports,Dumbbell,502.12,1,0.05,477.01,East,Mobile Money,Mobile App,4,13
ORD000180,2024-08-13,CUST00952,Books,Comic,29.94,1,0,29.94,South,PayPal,Mobile App,4,6
ORD000181,2024-03-07,CUST01055,Home,Pillow,395.39,3,0.05,1126.86,Central,Credit Card,In-Store,5,4
ORD000182,2024-02-19,CUST01937,Books,Novel,19.71,2,0,39.42,West,Bank Transfer,Phone,2,4
ORD000183,2024-03-22,CUST01055,Clothing,Jacket,140.73,3,0,422.19,West,Mobile Money,In-Store,4,8
ORD000184,2024-05-03,CUST00723,Electronics,Laptop,1420.59,5,0.05,6747.8,North,Credit Card,In-Store,3,8
ORD000185,2024-01-05,CUST00883,Sports,Bicycle,544.57,3,0.1,1470.34,South,PayPal,In-Store,5,13
ORD000186,2024-10-14,CUST01134,Books,Comic,7.49,1,0.1,6.74,East,Credit Card,Phone,3,9
ORD000187,2024-11-08,CUST01997,Books,Cookbook,20.38,5,0.15,86.62,North,Mobile Money,In-Store,3,13
ORD000188,2024-11-04,CUST01025,Home,Toaster,376.5,2,0,753.0,North,Credit Card,Web,4,3
ORD000189,2024-09-20,CUST01908,Home,Blender,214.94,2,0.1,386.89,Central,PayPal,Mobile App,2,7
ORD000190,2024-09-16,CUST01091,Sports,Bicycle,677.23,5,0,3386.15,West,Bank Transfer,In-Store,5,8
ORD000191,2024-10-25,CUST01841,Electronics,Tablet,530.3,1,0.05,503.78,North,Bank Transfer,Phone,3,5
ORD000192,2024-09-02,CUST01289,Sports,Tennis Racket,197.48,1,0.1,177.73,Central,Mobile Money,Mobile App,3,14
ORD000193,2024-01-10,CUST00858,Clothing,T-Shirt,90.16,1,0,90.16,South,Mobile Money,Mobile App,4,7
ORD000194,2024-03-11,CUST01149,Sports,Tennis Racket,738.01,1,0.15,627.31,East,Mobile Money,Phone,5,6
ORD000195,2024-06-30,CUST01777,Clothing,Sneakers,137.7,3,0.1,371.79,East,Bank Transfer,Phone,4,4
ORD000196,2024-05-27,CUST01414,Clothing,Jacket,88.13,2,0,176.26,West,PayPal,Phone,5,6
ORD000197,2024-12-12,CUST01835,Sports,Bicycle,233.3,1,0.1,209.97,West,PayPal,Mobile App,4,5
ORD000198,2024-08-14,CUST01531,Electronics,Tablet,1435.2,1,0,1435.2,West,Debit Card,Mobile App,4,14
ORD000199,2024-02-25,CUST01202,Sports,Yoga Mat,747.76,3,0,2243.28,South,Debit Card,Web,4,11
ORD000200,2024-07-30,CUST00968,Sports,Basketball,517.6,1,0,517.6,North,Debit Card,Web,3,9
ORD000201,2024-11-29,CUST01975,Clothing,Sneakers,101.4,4,0.05,385.32,East,PayPal,In-Store,3,11
ORD000202,2024-01-20,CUST00359,Electronics,Laptop,995.83,2,0.1,1792.49,West,Debit Card,Web,5,14
ORD000203,2024-01-05,CUST01235,Books,Biography,15.25,3,0,45.75,North,PayPal,In-Store,3,8
ORD000204,2024-09-15,CUST00395,Sports,Tennis Racket,405.25,2,0.2,648.4,North,PayPal,Mobile App,5,12
ORD000205,2024-06-21,CUST01163,Books,Guide,19.15,2,0,38.3,South,Debit Card,Phone,5,14
ORD000206,2024-02-18,CUST00288,Books,Cookbook,23.04,4,0.15,78.34,West,PayPal,Mobile App,4,1
ORD000207,2024-06-03,CUST01174,Home,Blender,105.68,3,0,317.04,North,PayPal,In-Store,4,12
ORD000208,2024-03-22,CUST01030,Clothing,T-Shirt,103.49,4,0,413.96,East,Credit Card,In-Store,4,6
ORD000209,2024-03-19,CUST01241,Sports,Basketball,190.92,2,0.05,362.75,East,Mobile Money,Phone,4,13
ORD000210,2024-11-01,CUST00168,Sports,Bicycle,663.97,2,0.15,1128.75,Central,Mobile Money,In-Store,5,2
ORD000211,2024-04-13,CUST00307,Sports,Football,68.17,5,0.1,306.76,South,PayPal,Phone,4,2
ORD000212,2024-08-16,CUST00929,Clothing,Socks,91.64,1,0.1,82.48,South,Bank Transfer,Phone,5,8
ORD000213,2024-01-12,CUST01673,Sports,Football,455.86,3,0.15,1162.44,North,Debit Card,Web,5,1
ORD000214,2024-02-05,CUST00967,Books,Comic,43.52,5,0,217.6,North,PayPal,Phone,5,3
ORD000215,2024-07-14,CUST01879,Clothing,Socks,146.97,4,0,587.88,West,Mobile Money,Web,4,11
ORD000216,2024-04-01,CUST00805,Sports,Basketball,529.76,3,0,1589.28,Central,Debit Card,Mobile App,5,14
ORD000217,2024-10-05,CUST00777,Electronics,Laptop,1468.81,4,0.15,4993.95,South,Debit Card,Phone,5,6
ORD000218,2024-12-04,CUST01569,Clothing,Jacket,36.39,1,0,36.39,North,Debit Card,Mobile App,4,2
ORD000219,2024-12-26,CUST00502,Electronics,Smartwatch,98.69,5,0.15,419.43,North,Mobile Money,Phone,5,4
ORD000220,2024-09-14,CUST00480,Sports,Basketball,608.42,1,0,608.42,Central,PayPal,In-Store,5,4
ORD000221,2024-07-30,CUST00125,Home,Chair,394.49,5,0,1972.45,Central,Bank Transfer,Mobile App,3,11
ORD000222,2024-12-09,CUST01075,Books,Cookbook,32.26,3,0.15,82.26,East,Mobile Money,Phone,5,3
ORD000223,2024-05-03,CUST00616,Home,Blender,85.79,5,0.05,407.5,South,Mobile Money,Web,5,9
ORD000224,2024-05-04,CUST00677,Books,Biography,35.65,2,0.05,67.74,North,Mobile Money,In-Store,3,2
ORD000225,2024-07-12,CUST01235,Sports,Bicycle,666.94,1,0,666.94,North,Credit Card,Mobile App,4,13
ORD000226,2024-04-16,CUST00682,Sports,Bicycle,543.73,2,0.05,1033.09,East,Credit Card,Mobile App,5,4
ORD000227,2024-12-22,CUST00419,Electronics,Camera,1499.38,4,0,5997.52,West,Debit Card,In-Store,4,13
ORD000228,2024-05-13,CUST01808,Home,Blender,194.51,3,0,583.53,West,Mobile Money,Web,4,13
ORD000229,2024-07-30,CUST01770,Books,Comic,55.29,3,0,165.87,South,Debit Card,Web,1,5
ORD000230,2024-03-19,CUST00472,Sports,Tennis Racket,471.73,4,0,1886.92,West,Bank Transfer,Mobile App,3,8
ORD000231,2024-09-07,CUST01315,Sports,Bicycle,755.9,3,0,2267.7,West,Mobile Money,Mobile App,5,12
ORD000232,2024-04-04,CUST01111,Home,Chair,68.88,5,0.05,327.18,North,Bank Transfer,Web,5,14
ORD000233,2024-03-11,CUST00474,Electronics,Camera,120.35,1,0.05,114.33,North,Debit Card,Web,5,4
ORD000234,2024-12-07,CUST01870,Sports,Dumbbell,311.1,5,0.15,1322.18,West,Mobile Money,Web,5,1
ORD000235,2024-05-20,CUST00588,Sports,Tennis Racket,340.84,1,0.1,306.76,North,Bank Transfer,Phone,4,13
ORD000236,2024-05-03,CUST01079,Clothing,T-Shirt,138.53,5,0,692.65,East,PayPal,In-Store,3,13
ORD000237,2024-10-16,CUST01428,Books,Novel,25.52,4,0.05,96.98,South,PayPal,Web,3,11
ORD000238,2024-08-31,CUST00020,Electronics,Laptop,637.65,4,0.1,2295.54,South,Credit Card,Phone,2,14
ORD000239,2024-02-18,CUST01883,Books,Guide,48.14,5,0.2,192.56,North,Debit Card,Mobile App,5,14
ORD000240,2024-05-23,CUST01155,Sports,Dumbbell,231.45,1,0.15,196.73,North,Debit Card,In-Store,5,1
ORD000241,2024-06-02,CUST00493,Clothing,Hat,30.19,4,0,120.76,Central,Mobile Money,In-Store,3,7
ORD000242,2024-06-26,CUST00896,Clothing,Socks,111.38,5,0.15,473.37,South,Credit Card,In-Store,3,10
ORD000243,2024-11-20,CUST00923,Sports,Tennis Racket,329.43,3,0,988.29,West,Debit Card,In-Store,3,9
ORD000244,2024-07-13,CUST01267,Books,Biography,15.22,5,0.15,64.68,East,Debit Card,Web,3,2
ORD000245,2024-07-18,CUST00219,Home,Chair,161.3,2,0.15,274.21,North,Credit Card,In-Store,4,8
ORD000246,2024-08-08,CUST01137,Home,Table,54.36,1,0,54.36,Central,Mobile Money,Web,4,1
ORD000247,2024-06-15,CUST00026,Electronics,Tablet,853.62,5,0.1,3841.29,East,Mobile Money,Phone,5,13
ORD000248,2024-09-23,CUST00780,Electronics,Camera,1356.65,2,0.1,2441.97,South,Debit Card,In-Store,3,5
ORD000249,2024-05-21,CUST00992,Home,Blender,71.18,2,0.05,135.24,North,PayPal,In-Store,4,4
ORD000250,2024-03-10,CUST01944,Books,Cookbook,38.92,4,0,155.68,West,PayPal,Phone,3,13
ORD000251,2024-06-02,CUST01941,Home,Blender,143.87,5,0,719.35,South,Mobile Money,In-Store,3,3
ORD000252,2024-05-04,CUST00575,Books,Comic,21.03,4,0.1,75.71,West,PayPal,Web,3,10
ORD000253,2024-10-08,CUST01490,Clothing,Hat,149.62,2,0.15,254.35,West,Debit Card,Phone,2,13
ORD000254,2024-09-12,CUST00621,Home,Pillow,41.63,4,0.15,141.54,South,PayPal,Mobile App,3,12
ORD000255,2024-10-25,CUST01038,Books,Biography,9.07,5,0.05,43.08,West,Bank Transfer,Web,4,13
ORD000256,2024-11-22,CUST00224,Home,Pillow,359.77,5,0.1,1618.97,South,PayPal,Mobile App,5,11
ORD000257,2024-06-18,CUST00882,Sports,Football,459.31,4,0.2,1469.79,North,Credit Card,Web,5,5
ORD000258,2024-12-18,CUST00913,Clothing,Hat,114.56,5,0.1,515.52,East,Mobile Money,Phone,4,13
ORD000259,2024-09-04,CUST00852,Sports,Bicycle,410.36,3,0,1231.08,North,Credit Card,Mobile App,2,6
ORD000260,2024-09-04,CUST00200,Home,Table,190.3,2,0.1,342.54,West,Mobile Money,In-Store,3,2
ORD000261,2024-06-24,CUST01387,Home,Lamp,326.92,1,0,326.92,South,Debit Card,Mobile App,4,9
ORD000262,2024-07-26,CUST00382,Clothing,Jacket,88.38,4,0,353.52,West,Mobile Money,Web,4,12
ORD000263,2024-01-03,CUST00422,Sports,Basketball,370.67,4,0.05,1408.55,East,Credit Card,Web,5,13
ORD000264,2024-02-28,CUST01767,Sports,Basketball,305.32,2,0.05,580.11,West,Bank Transfer,In-Store,3,10
ORD000265,2024-06-29,CUST01265,Books,Cookbook,26.59,1,0,26.59,South,PayPal,Web,5,11
ORD000266,2024-04-03,CUST00290,Clothing,Jacket,26.5,3,0,79.5,Central,Mobile Money,Phone,4,10
ORD000267,2024-11-21,CUST01883,Clothing,Hat,63.72,2,0.05,121.07,South,Bank Transfer,Mobile App,4,8
ORD000268,2024-01-28,CUST01950,Home,Chair,87.03,4,0.1,313.31,North,Mobile Money,Mobile App,5,4
ORD000269,2024-12-16,CUST01455,Books,Cookbook,32.8,4,0.05,124.64,West,Mobile Money,Mobile App,4,2
ORD000270,2024-01-17,CUST01102,Sports,Football,640.79,2,0,1281.58,East,Debit Card,Phone,3,10
ORD000271,2024-05-17,CUST01687,Books,Cookbook,33.09,5,0,165.45,East,Bank Transfer,Web,5,13
ORD000272,2024-11-30,CUST00610,Books,Cookbook,17.02,4,0,68.08,North,Mobile Money,In-Store,5,6
ORD000273,2024-05-01,CUST01511,Electronics,Headphones,1304.67,1,0.2,1043.74,Central,PayPal,Phone,4,3
ORD000274,2024-01-31,CUST01091,Sports,Basketball,632.18,2,0.2,1011.49,East,Bank Transfer,Mobile App,5,6
ORD000275,2024-02-18,CUST01537,Home,Table,235.5,5,0.15,1000.88,West,Credit Card,In-Store,3,14
ORD000276,2024-12-30,CUST00507,Clothing,Socks,131.25,2,0,262.5,West,Mobile Money,Mobile App,3,10
ORD000277,2024-11-20,CUST01575,Home,Pillow,174.48,4,0,697.92,North,Mobile Money,In-Store,5,12
ORD000278,2024-01-02,CUST01735,Home,Blender,380.85,3,0.1,1028.29,North,Mobile Money,In-Store,5,14
ORD000279,2024-04-18,CUST00662,Electronics,Smartwatch,626.69,4,0.2,2005.41,East,PayPal,Mobile App,5,10
ORD000280,2024-02-20,CUST01714,Books,Comic,54.18,1,0,54.18,West,Credit Card,Web,4,14
ORD000281,2024-12-18,CUST01807,Clothing,Sneakers,73.91,4,0,295.64,East,Debit Card,In-Store,5,2
ORD000282,2024-07-21,CUST01487,Home,Table,46.73,2,0,93.46,South,Mobile Money,Web,4,12
ORD000283,2024-10-30,CUST01393,Electronics,Laptop,359.46,1,0,359.46,West,Credit Card,Web,3,12
ORD000284,2024-03-08,CUST00469,Home,Lamp,395.44,4,0.15,1344.5,West,Credit Card,Web,5,2
ORD000285,2024-03-09,CUST01387,Home,Table,354.18,2,0.05,672.94,South,Credit Card,Web,4,10
ORD000286,2024-03-18,CUST01262,Clothing,Sneakers,59.17,2,0.15,100.59,West,Debit Card,Web,5,2
ORD000287,2024-08-07,CUST00287,Clothing,T-Shirt,92.54,4,0,370.16,South,PayPal,Web,3,4
ORD000288,2024-12-19,CUST01735,Sports,Tennis Racket,488.01,5,0,2440.05,East,Debit Card,Mobile App,1,12
ORD000289,2024-07-16,CUST01024,Books,Comic,40.54,2,0.05,77.03,Central,Credit Card,Web,2,6
ORD000290,2024-07-06,CUST00354,Home,Chair,163.93,5,0.05,778.67,West,Credit Card,Web,4,10
ORD000291,2024-07-22,CUST01288,Electronics,Laptop,430.17,1,0,430.17,Central,Mobile Money,Phone,4,12
ORD000292,2024-03-19,CUST00635,Books,Novel,40.23,5,0.1,181.04,North,Bank Transfer,Mobile App,3,13
ORD000293,2024-11-28,CUST00136,Clothing,Hat,55.75,5,0.15,236.94,East,Mobile Money,Mobile App,5,1
ORD000294,2024-11-09,CUST00634,Clothing,T-Shirt,139.45,1,0.05,132.48,South,Credit Card,Web,4,12
ORD000295,2024-09-24,CUST01685,Clothing,Socks,11.59,4,0,46.36,East,Debit Card,In-Store,4,3
ORD000296,2024-08-07,CUST00131,Home,Pillow,356.27,1,0,356.27,East,Bank Transfer,Web,3,8
ORD000297,2024-10-17,CUST00323,Books,Cookbook,24.81,4,0.2,79.39,East,Credit Card,Web,4,4
ORD000298,2024-01-24,CUST00785,Sports,Football,54.35,1,0,54.35,South,Debit Card,Web,4,9
ORD000299,2024-06-12,CUST00160,Books,Textbook,22.7,4,0.15,77.18,Central,PayPal,Web,4,9
ORD000300,2024-07-24,CUST00953,Electronics,Smartphone,373.62,5,0,1868.1,East,PayPal,In-Store,2,2
ORD000301,2024-10-15,CUST01515,Sports,Dumbbell,26.22,2,0,52.44,Central,Debit Card,Phone,5,6
ORD000302,2024-10-06,CUST00503,Sports,Dumbbell,798.27,2,0.15,1357.06,South,Credit Card,Phone,5,1
ORD000303,2024-01-01,CUST00771,Clothing,Hat,58.5,1,0,58.5,East,Credit Card,Mobile App,5,9
ORD000304,2024-12-30,CUST00090,Clothing,Sneakers,78.88,1,0,78.88,South,Bank Transfer,Phone,3,12
ORD000305,2024-02-18,CUST01306,Home,Blender,390.2,1,0.1,351.18,West,Credit Card,Web,4,7
ORD000306,2024-07-20,CUST01507,Clothing,Jeans,50.83,3,0.2,121.99,East,PayPal,Phone,5,5
ORD000307,2024-10-26,CUST00217,Clothing,T-Shirt,142.1,2,0.2,227.36,South,Mobile Money,Phone,3,6
ORD000308,2024-06-06,CUST01746,Books,Novel,34.48,2,0.05,65.51,North,Credit Card,Mobile App,4,13
ORD000309,2024-06-16,CUST01457,Home,Pillow,283.3,1,0,283.3,South,PayPal,Phone,2,9
ORD000310,2024-07-26,CUST01139,Electronics,Camera,483.32,2,0,966.64,Central,Debit Card,Web,5,8
ORD000311,2024-04-23,CUST01687,Electronics,Smartphone,226.11,1,0.2,180.89,West,PayPal,Web,3,10
ORD000312,2024-02-03,CUST01323,Sports,Yoga Mat,735.59,1,0,735.59,West,Debit Card,Web,3,14
ORD000313,2024-03-27,CUST00888,Home,Lamp,31.44,4,0,125.76,West,Mobile Money,Web,5,7
ORD000314,2024-05-23,CUST00305,Books,Textbook,24.47,2,0,48.94,North,Bank Transfer,Mobile App,4,11
ORD000315,2024-02-01,CUST00785,Home,Blender,173.62,5,0.05,824.69,South,Mobile Money,Mobile App,2,11
ORD000316,2024-01-10,CUST01602,Sports,Basketball,511.99,5,0.2,2047.96,East,Mobile Money,Phone,5,6
ORD000317,2024-01-14,CUST00449,Sports,Tennis Racket,270.85,3,0,812.55,North,PayPal,Web,3,13
ORD000318,2024-03-22,CUST01346,Books,Cookbook,24.66,5,0,123.3,South,PayPal,Web,2,13
ORD000319,2024-03-29,CUST01214,Clothing,Hat,128.51,4,0,514.04,East,PayPal,Web,3,12
ORD000320,2024-09-09,CUST00360,Home,Toaster,231.99,5,0,1159.95,West,Credit Card,Web,4,1
ORD000321,2024-01-01,CUST01258,Clothing,Hat,40.63,5,0.05,192.99,South,Debit Card,In-Store,3,12
ORD000322,2024-12-26,CUST01586,Clothing,Jacket,18.34,2,0.1,33.01,North,Bank Transfer,In-Store,5,2
ORD000323,2024-02-21,CUST00661,Home,Pillow,377.64,4,0.1,1359.5,South,Debit Card,Phone,3,13
ORD000324,2024-11-10,CUST00458,Books,Guide,22.45,5,0.15,95.41,Central,Debit Card,Phone,5,5
ORD000325,2024-10-20,CUST01579,Home,Chair,83.42,1,0.15,70.91,Central,Credit Card,Mobile App,5,10
ORD000326,2024-09-11,CUST01527,Home,Toaster,100.04,5,0,500.2,North,Debit Card,In-Store,2,6
ORD000327,2024-12-28,CUST01494,Clothing,Socks,133.94,1,0.2,107.15,East,Mobile Money,Web,5,5
ORD000328,2024-02-25,CUST00099,Clothing,Jeans,107.04,3,0,321.12,West,Mobile Money,Phone,5,3
ORD000329,2024-07-11,CUST00982,Books,Biography,53.5,3,0.1,144.45,Central,Debit Card,Mobile App,2,8
ORD000330,2024-02-23,CUST00349,Electronics,Laptop,477.62,3,0,1432.86,West,Debit Card,Web,2,9
ORD000331,2024-12-26,CUST01931,Electronics,Tablet,911.34,5,0.05,4328.86,South,Bank Transfer,Phone,1,3
ORD000332,2024-12-22,CUST01896,Electronics,Laptop,530.09,2,0.05,1007.17,Central,PayPal,In-Store,4,5
ORD000333,2024-09-08,CUST00739,Clothing,T-Shirt,16.95,5,0.1,76.28,North,Mobile Money,Web,3,5
ORD000334,2024-03-28,CUST00168,Sports,Dumbbell,175.75,1,0,175.75,West,Credit Card,In-Store,4,13
ORD000335,2024-11-24,CUST00379,Books,Biography,31.9,3,0,95.7,East,Mobile Money,In-Store,4,3
ORD000336,2024-04-25,CUST01156,Books,Novel,19.48,4,0,77.92,North,Debit Card,Web,5,2
ORD000337,2024-10-10,CUST00793,Home,Toaster,174.38,5,0,871.9,Central,Mobile Money,Phone,2,10
ORD000338,2024-01-18,CUST01845,Clothing,Sneakers,51.84,4,0.2,165.89,Central,Bank Transfer,Mobile App,5,2
ORD000339,2024-04-08,CUST00868,Books,Textbook,57.2,2,0,114.4,North,Mobile Money,Mobile App,2,14
ORD000340,2024-07-17,CUST01131,Clothing,Hat,46.1,1,0,46.1,East,PayPal,Phone,4,14
ORD000341,2024-08-02,CUST00307,Electronics,Camera,953.43,5,0.2,3813.72,South,Bank Transfer,Web,3,2
ORD000342,2024-07-29,CUST01342,Sports,Football,632.88,5,0,3164.4,West,Bank Transfer,Phone,3,1
ORD000343,2024-12-14,CUST00080,Clothing,Jacket,66.42,5,0.1,298.89,West,PayPal,Mobile App,4,1
ORD000344,2024-06-04,CUST01727,Books,Comic,54.34,1,0,54.34,West,Credit Card,Mobile App,3,3
ORD000345,2024-08-01,CUST00183,Home,Pillow,185.6,3,0,556.8,South,Mobile Money,Mobile App,4,14
ORD000346,2024-07-10,CUST01056,Books,Guide,31.65,5,0.2,126.6,South,Credit Card,In-Store,5,12
ORD000347,2024-01-15,CUST01793,Sports,Dumbbell,125.81,5,0.1,566.14,South,Credit Card,Mobile App,3,1
ORD000348,2024-07-07,CUST01035,Books,Novel,55.49,2,0,110.98,West,Credit Card,Web,5,4
ORD000349,2024-08-30,CUST00717,Home,Blender,243.71,2,0.2,389.94,East,Debit Card,In-Store,5,12
ORD000350,2024-10-19,CUST00439,Electronics,Tablet,89.8,1,0,89.8,South,Debit Card,Mobile App,5,5
ORD000351,2024-03-08,CUST01232,Books,Cookbook,6.1,1,0.05,5.8,North,Debit Card,In-Store,4,10
ORD000352,2024-07-11,CUST00941,Home,Pillow,387.3,3,0.05,1103.8,East,Debit Card,Phone,5,5
ORD000353,2024-09-18,CUST01980,Sports,Tennis Racket,329.78,1,0,329.78,East,Bank Transfer,In-Store,5,5
ORD000354,2024-06-15,CUST00535,Electronics,Headphones,142.56,3,0.15,363.53,East,Debit Card,Mobile App,5,9
ORD000355,2024-12-04,CUST00287,Clothing,T-Shirt,122.76,5,0.05,583.11,North,Mobile Money,In-Store,3,5
ORD000356,2024-12-28,CUST01672,Books,Biography,26.36,1,0.1,23.72,South,PayPal,Mobile App,5,11
ORD000357,2024-06-02,CUST01722,Sports,Bicycle,632.22,3,0.1,1706.99,Central,Debit Card,In-Store,5,2
ORD000358,2024-04-03,CUST01843,Books,Textbook,45.75,5,0.2,183.0,East,Credit Card,Mobile App,5,6
ORD000359,2024-06-18,CUST01200,Clothing,Socks,132.0,4,0.2,422.4,East,Mobile Money,Web,5,8
ORD000360,2024-08-29,CUST01025,Electronics,Camera,896.18,5,0,4480.9,North,Mobile Money,In-Store,5,7
ORD000361,2024-07-28,CUST01829,Electronics,Smartphone,249.18,2,0,498.36,West,Debit Card,In-Store,5,14
ORD000362,2024-11-20,CUST00926,Clothing,T-Shirt,78.26,2,0,156.52,East,Debit Card,Mobile App,2,10
ORD000363,2024-11-10,CUST00880,Clothing,Sneakers,119.93,1,0,119.93,West,Mobile Money,Phone,4,7
ORD000364,2024-06-13,CUST01088,Electronics,Laptop,823.98,3,0,2471.94,South,Credit Card,Web,5,11
ORD000365,2024-03-07,CUST01031,Clothing,Jeans,107.09,3,0,321.27,Central,PayPal,Mobile App,2,2
ORD000366,2024-09-23,CUST00692,Electronics,Tablet,1425.27,4,0.15,4845.92,West,Debit Card,In-Store,5,8
ORD000367,2024-04-26,CUST00269,Home,Chair,78.48,4,0,313.92,South,Credit Card,Mobile App,3,2
ORD000368,2024-11-23,CUST01096,Home,Pillow,265.46,1,0.05,252.19,Central,Credit Card,Web,3,11
ORD000369,2024-02-29,CUST00779,Electronics,Camera,1262.37,1,0.15,1073.01,North,Bank Transfer,In-Store,5,8
ORD000370,2024-08-03,CUST01357,Clothing,Jeans,107.33,1,0,107.33,Central,PayPal,Mobile App,4,7
ORD000371,2024-02-28,CUST01020,Electronics,Smartwatch,1092.21,1,0,1092.21,South,Bank Transfer,Mobile App,5,13
ORD000372,2024-07-28,CUST00081,Home,Toaster,389.65,3,0.15,993.61,Central,Mobile Money,Mobile App,4,12
ORD000373,2024-02-15,CUST01711,Books,Comic,17.9,1,0.15,15.22,Central,Mobile Money,Mobile App,5,2
ORD000374,2024-11-25,CUST00607,Sports,Football,584.38,1,0,584.38,East,Mobile Money,Web,3,2
ORD000375,2024-12-12,CUST01513,Clothing,T-Shirt,129.31,3,0.2,310.34,North,Credit Card,Web,4,1
ORD000376,2024-08-12,CUST00550,Clothing,Socks,100.61,3,0,301.83,North,PayPal,In-Store,5,3
ORD000377,2024-07-16,CUST00980,Electronics,Headphones,630.36,4,0,2521.44,West,Debit Card,Web,4,3
ORD000378,2024-10-18,CUST00372,Electronics,Smartphone,200.38,5,0.05,951.81,Central,Mobile Money,In-Store,4,10
ORD000379,2024-09-06,CUST00843,Electronics,Camera,1325.93,2,0.05,2519.27,West,Credit Card,Web,2,5
ORD000380,2024-10-22,CUST00459,Home,Lamp,286.26,5,0.2,1145.04,East,Bank Transfer,Web,5,7
ORD000381,2024-10-12,CUST01256,Clothing,Sneakers,58.4,4,0,233.6,North,Credit Card,Mobile App,5,9
ORD000382,2024-09-08,CUST00678,Books,Biography,52.82,1,0.2,42.26,East,Credit Card,Mobile App,4,9
ORD000383,2024-08-15,CUST00918,Books,Biography,49.94,1,0.05,47.44,North,Mobile Money,Phone,5,6
ORD000384,2024-07-25,CUST01142,Electronics,Headphones,1130.6,1,0,1130.6,Central,Credit Card,Web,4,13
ORD000385,2024-04-15,CUST00935,Sports,Tennis Racket,517.28,5,0.1,2327.76,East,PayPal,Web,4,14
ORD000386,2024-08-30,CUST00745,Clothing,Sneakers,56.48,5,0.1,254.16,West,Credit Card,Web,5,13
ORD000387,2024-09-24,CUST00218,Clothing,T-Shirt,57.79,3,0.1,156.03,North,Debit Card,Phone,4,3
ORD000388,2024-03-02,CUST00805,Books,Novel,18.99,2,0,37.98,South,Mobile Money,Mobile App,5,12
ORD000389,2024-12-10,CUST01582,Home,Lamp,306.5,1,0.15,260.52,West,Mobile Money,Mobile App,5,8
ORD000390,2024-10-26,CUST01042,Electronics,Smartwatch,1117.51,5,0.05,5308.17,South,Bank Transfer,Mobile App,4,12
ORD000391,2024-06-13,CUST00788,Clothing,T-Shirt,64.24,5,0.1,289.08,West,Bank Transfer,Mobile App,4,5
ORD000392,2024-03-09,CUST01234,Books,Comic,58.38,4,0.2,186.82,Central,PayPal,In-Store,3,12
ORD000393,2024-05-28,CUST01887,Sports,Bicycle,189.53,2,0.1,341.15,South,Debit Card,In-Store,4,12
ORD000394,2024-12-07,CUST01381,Electronics,Tablet,865.31,5,0.1,3893.9,Central,PayPal,Phone,5,13
ORD000395,2024-01-28,CUST00410,Electronics,Smartwatch,204.38,4,0,817.52,East,Debit Card,In-Store,4,11
ORD000396,2024-10-04,CUST01668,Home,Chair,338.16,3,0,1014.48,West,Credit Card,Mobile App,1,12
ORD000397,2024-12-06,CUST00782,Sports,Dumbbell,205.32,3,0.15,523.57,West,Mobile Money,In-Store,2,9
ORD000398,2024-08-14,CUST01867,Electronics,Laptop,1128.32,2,0.1,2030.98,East,Bank Transfer,Mobile App,5,13
ORD000399,2024-03-29,CUST00245,Clothing,Jacket,72.83,1,0,72.83,West,Credit Card,Phone,5,5
ORD000400,2024-05-10,CUST00956,Sports,Yoga Mat,121.45,5,0.2,485.8,South,Credit Card,Mobile App,2,6
ORD000401,2024-12-04,CUST01618,Sports,Football,623.46,5,0.2,2493.84,Central,Bank Transfer,In-Store,4,2
ORD000402,2024-02-04,CUST00327,Home,Toaster,99.69,2,0.1,179.44,West,Bank Transfer,Phone,5,2
ORD000403,2024-07-03,CUST01947,Home,Chair,355.11,3,0,1065.33,Central,Bank Transfer,Phone,3,9
ORD000404,2024-11-24,CUST01273,Electronics,Laptop,1019.96,4,0,4079.84,South,Credit Card,In-Store,4,7
ORD000405,2024-09-21,CUST00768,Electronics,Headphones,422.06,3,0,1266.18,Central,Bank Transfer,Phone,5,8
ORD000406,2024-09-20,CUST00197,Electronics,Tablet,1352.51,2,0,2705.02,South,Bank Transfer,Web,2,11
ORD000407,2024-12-16,CUST00213,Electronics,Smartphone,1021.99,2,0.2,1635.18,South,Bank Transfer,Phone,5,11
ORD000408,2024-06-18,CUST00151,Electronics,Camera,1044.76,1,0.05,992.52,North,Debit Card,In-Store,1,9
ORD000409,2024-07-17,CUST00829,Electronics,Smartwatch,1241.35,3,0.05,3537.85,West,PayPal,Web,4,7
ORD000410,2024-10-26,CUST01738,Electronics,Smartwatch,58.55,5,0,292.75,North,PayPal,Web,1,5
ORD000411,2024-07-21,CUST00064,Home,Toaster,48.3,4,0.05,183.54,West,Debit Card,Mobile App,5,3
ORD000412,2024-12-12,CUST01978,Books,Cookbook,21.22,2,0,42.44,East,Credit Card,Mobile App,5,2
ORD000413,2024-10-07,CUST00625,Electronics,Laptop,880.44,4,0.1,3169.58,South,PayPal,Mobile App,5,7
ORD000414,2024-05-09,CUST00372,Sports,Basketball,145.54,2,0.1,261.97,Central,Credit Card,Phone,3,11
ORD000415,2024-02-20,CUST01190,Sports,Football,246.71,1,0,246.71,West,PayPal,In-Store,3,3
ORD000416,2024-06-11,CUST00673,Clothing,T-Shirt,49.92,1,0,49.92,Central,PayPal,Mobile App,4,10
ORD000417,2024-01-03,CUST01610,Sports,Yoga Mat,650.01,4,0,2600.04,South,Mobile Money,In-Store,3,14
ORD000418,2024-08-24,CUST01587,Home,Chair,276.64,3,0.05,788.42,East,Mobile Money,Web,4,3
ORD000419,2024-04-10,CUST01816,Sports,Football,676.6,2,0.1,1217.88,North,Credit Card,Web,3,14
ORD000420,2024-07-26,CUST00436,Sports,Bicycle,44.33,5,0.1,199.49,North,Bank Transfer,In-Store,5,9
ORD000421,2024-07-19,CUST01582,Sports,Dumbbell,530.05,2,0,1060.1,Central,PayPal,Mobile App,3,8
ORD000422,2024-01-06,CUST01737,Sports,Tennis Racket,90.63,3,0.1,244.7,Central,Debit Card,Mobile App,4,8
ORD000423,2024-03-15,CUST00991,Clothing,Jeans,89.29,5,0.15,379.48,East,Credit Card,Mobile App,5,13
ORD000424,2024-01-22,CUST01061,Books,Textbook,8.46,3,0,25.38,East,Mobile Money,Phone,4,8
ORD000425,2024-12-26,CUST01298,Electronics,Laptop,1471.86,3,0,4415.58,East,PayPal,Mobile App,5,7
ORD000426,2024-05-08,CUST01859,Books,Comic,37.32,1,0.1,33.59,South,Bank Transfer,Phone,4,6
ORD000427,2024-09-13,CUST00901,Home,Blender,320.17,5,0,1600.85,South,Debit Card,Web,5,9
ORD000428,2024-11-04,CUST00243,Home,Chair,72.84,2,0,145.68,South,Mobile Money,In-Store,5,12
ORD000429,2024-10-29,CUST01707,Electronics,Headphones,1029.08,4,0,4116.32,West,Credit Card,Mobile App,3,1
ORD000430,2024-09-19,CUST01173,Clothing,Hat,92.93,2,0.15,157.98,South,Credit Card,Mobile App,2,5
ORD000431,2024-11-22,CUST01474,Clothing,Hat,144.15,5,0.1,648.67,East,Credit Card,Mobile App,1,8
ORD000432,2024-07-29,CUST01628,Sports,Dumbbell,696.5,2,0,1393.0,Central,Debit Card,In-Store,4,3
ORD000433,2024-07-12,CUST00223,Home,Blender,244.67,1,0,244.67,North,Debit Card,Phone,4,14
ORD000434,2024-11-03,CUST01606,Clothing,Hat,23.48,4,0.1,84.53,Central,Bank Transfer,Web,1,2
ORD000435,2024-01-01,CUST01587,Books,Guide,12.17,5,0.1,54.76,West,Bank Transfer,Phone,5,6
ORD000436,2024-09-03,CUST00781,Electronics,Camera,818.23,2,0.2,1309.17,East,Bank Transfer,Web,5,7
ORD000437,2024-02-12,CUST01796,Clothing,Jacket,76.8,2,0.2,122.88,Central,Mobile Money,In-Store,4,4
ORD000438,2024-09-24,CUST00015,Electronics,Camera,1128.29,1,0.1,1015.46,West,Debit Card,In-Store,2,7
ORD000439,2024-05-13,CUST00868,Home,Lamp,74.59,5,0,372.95,Central,PayPal,In-Store,5,11
ORD000440,2024-04-01,CUST01137,Books,Textbook,27.73,5,0.05,131.72,West,PayPal,In-Store,4,10
ORD000441,2024-12-03,CUST00471,Home,Pillow,168.28,2,0.2,269.25,West,Debit Card,Web,3,4
ORD000442,2024-12-22,CUST00107,Sports,Dumbbell,633.14,5,0.1,2849.13,South,Mobile Money,Web,4,13
ORD000443,2024-02-15,CUST00455,Electronics,Smartphone,733.92,5,0.05,3486.12,East,Credit Card,Web,2,12
ORD000444,2024-12-30,CUST00118,Books,Biography,38.77,5,0,193.85,South,Mobile Money,Phone,5,1
ORD000445,2024-04-09,CUST01228,Clothing,Socks,140.31,5,0,701.55,Central,Bank Transfer,Mobile App,1,10
ORD000446,2024-01-01,CUST00178,Clothing,Socks,15.05,2,0.15,25.59,East,Mobile Money,In-Store,5,11
ORD000447,2024-12-26,CUST00185,Books,Biography,37.23,5,0,186.15,Central,PayPal,In-Store,2,6
ORD000448,2024-07-25,CUST00535,Home,Chair,248.45,2,0.05,472.06,South,Mobile Money,Web,4,9
ORD000449,2024-09-19,CUST01795,Electronics,Smartwatch,476.67,1,0.2,381.34,Central,Bank Transfer,In-Store,5,12
ORD000450,2024-06-22,CUST00940,Books,Biography,35.97,2,0.2,57.55,West,Bank Transfer,Web,5,8
ORD000451,2024-12-25,CUST00647,Electronics,Tablet,147.95,2,0.15,251.52,West,PayPal,Web,4,12
ORD000452,2024-06-24,CUST01908,Home,Chair,125.61,4,0.15,427.07,South,Mobile Money,In-Store,3,6
ORD000453,2024-04-12,CUST00496,Clothing,Hat,47.67,2,0.05,90.57,East,Debit Card,Mobile App,3,4
ORD000454,2024-02-10,CUST01359,Clothing,Hat,59.84,1,0,59.84,West,Bank Transfer,Web,4,13
ORD000455,2024-06-10,CUST01805,Sports,Football,681.45,3,0.1,1839.91,Central,PayPal,Phone,4,3
ORD000456,2024-01-28,CUST00867,Sports,Yoga Mat,330.35,5,0,1651.75,West,Bank Transfer,Web,4,9
ORD000457,2024-03-02,CUST00943,Home,Blender,346.25,2,0.05,657.88,East,Credit Card,Web,4,11
ORD000458,2024-11-09,CUST00384,Clothing,Sneakers,91.34,3,0,274.02,Central,PayPal,Mobile App,5,5
ORD000459,2024-08-05,CUST01436,Books,Cookbook,23.87,2,0.05,45.35,East,PayPal,Phone,3,5
ORD000460,2024-04-27,CUST01477,Books,Textbook,36.43,5,0.15,154.83,East,Debit Card,Phone,5,14
ORD000461,2024-01-05,CUST01024,Books,Textbook,13.02,2,0.05,24.74,South,Bank Transfer,In-Store,3,13
ORD000462,2024-07-22,CUST00335,Books,Comic,18.8,5,0,94.0,North,Debit Card,In-Store,2,8
ORD000463,2024-07-03,CUST01909,Electronics,Headphones,1129.66,3,0,3388.98,East,PayPal,Web,4,7
ORD000464,2024-10-22,CUST01330,Electronics,Tablet,1307.68,5,0,6538.4,Central,Debit Card,In-Store,4,6
ORD000465,2024-07-14,CUST00950,Home,Pillow,211.52,4,0,846.08,South,Debit Card,In-Store,4,7
ORD000466,2024-03-23,CUST00643,Sports,Tennis Racket,335.72,1,0,335.72,East,PayPal,In-Store,3,10
ORD000467,2024-10-27,CUST00923,Books,Comic,53.82,3,0.15,137.24,West,Debit Card,Mobile App,5,14
ORD000468,2024-12-24,CUST00432,Electronics,Smartphone,1105.27,3,0.15,2818.44,South,Mobile Money,Web,5,2
ORD000469,2024-07-22,CUST00171,Electronics,Headphones,845.23,1,0.2,676.18,North,PayPal,Mobile App,5,2
ORD000470,2024-11-16,CUST01079,Books,Comic,17.61,3,0.05,50.19,South,Credit Card,Web,2,11
ORD000471,2024-10-03,CUST01124,Home,Table,347.73,4,0.2,1112.74,West,Debit Card,Mobile App,5,10
ORD000472,2024-09-25,CUST01094,Sports,Dumbbell,512.22,5,0.05,2433.04,East,PayPal,Phone,4,9
ORD000473,2024-05-13,CUST00022,Clothing,T-Shirt,71.86,3,0.05,204.8,North,Bank Transfer,Mobile App,3,6
ORD000474,2024-09-01,CUST01569,Home,Blender,221.01,4,0.2,707.23,West,PayPal,Mobile App,4,13
ORD000475,2024-08-11,CUST00335,Electronics,Smartwatch,591.78,4,0.1,2130.41,West,Mobile Money,Mobile App,4,5
ORD000476,2024-11-09,CUST01403,Electronics,Headphones,956.72,5,0.2,3826.88,East,PayPal,In-Store,5,7
ORD000477,2024-11-22,CUST00928,Clothing,T-Shirt,35.54,3,0,106.62,East,Bank Transfer,Phone,4,4
ORD000478,2024-04-05,CUST00578,Home,Lamp,73.58,5,0,367.9,East,Debit Card,Phone,5,12
ORD000479,2024-04-21,CUST00639,Electronics,Smartphone,180.79,1,0.05,171.75,West,PayPal,Phone,3,12
ORD000480,2024-05-16,CUST00147,Electronics,Tablet,166.32,2,0,332.64,Central,Mobile Money,Mobile App,5,4
ORD000481,2024-05-07,CUST01997,Home,Blender,333.88,1,0.2,267.1,West,Debit Card,Web,5,4
ORD000482,2024-04-16,CUST01396,Books,Guide,47.4,5,0.15,201.45,East,PayPal,Mobile App,5,11
ORD000483,2024-05-09,CUST00612,Electronics,Camera,1409.26,5,0,7046.3,South,PayPal,Web,4,14
ORD000484,2024-01-08,CUST00566,Clothing,T-Shirt,43.04,4,0,172.16,Central,Credit Card,Phone,3,13
ORD000485,2024-12-19,CUST01222,Clothing,T-Shirt,145.64,5,0.2,582.56,South,PayPal,Web,5,4
ORD000486,2024-11-16,CUST00729,Clothing,Sneakers,22.8,5,0,114.0,South,Bank Transfer,Web,2,3
ORD000487,2024-11-26,CUST01650,Books,Textbook,22.42,5,0.2,89.68,West,Debit Card,Web,5,12
ORD000488,2024-09-05,CUST01145,Books,Comic,44.84,3,0,134.52,East,Bank Transfer,Phone,5,4
ORD000489,2024-08-27,CUST01703,Sports,Basketball,444.02,3,0.15,1132.25,Central,Bank Transfer,Mobile App,4,2
ORD000490,2024-07-06,CUST01590,Sports,Basketball,370.52,3,0.1,1000.4,Central,Mobile Money,Mobile App,4,1
ORD000491,2024-02-02,CUST01104,Sports,Yoga Mat,625.29,2,0,1250.58,West,Debit Card,Phone,4,13
ORD000492,2024-11-24,CUST00198,Sports,Basketball,498.17,3,0.05,1419.78,Central,Credit Card,Web,3,14
ORD000493,2024-09-05,CUST00066,Clothing,Jeans,132.29,2,0,264.58,Central,Mobile Money,Phone,3,9
ORD000494,2024-04-23,CUST00146,Sports,Bicycle,480.43,1,0,480.43,North,Debit Card,Phone,4,14
ORD000495,2024-10-12,CUST01824,Electronics,Headphones,1211.48,1,0,1211.48,West,PayPal,Web,5,14
ORD000496,2024-06-04,CUST00443,Sports,Yoga Mat,432.64,1,0.2,346.11,Central,Credit Card,Web,3,12
ORD000497,2024-12-02,CUST01281,Clothing,Hat,63.95,2,0.1,115.11,South,Bank Transfer,Phone,3,12
ORD000498,2024-12-06,CUST00214,Electronics,Camera,886.02,4,0.15,3012.47,South,Debit Card,Phone,5,9
ORD000499,2024-06-29,CUST01127,Home,Pillow,75.9,5,0.05,360.52,East,PayPal,Phone,5,13
ORD000500,2024-10-06,CUST01569,Books,Guide,22.79,2,0.1,41.02,Central,PayPal,In-Store,3,8
ORD000501,2024-11-01,CUST00277,Books,Biography,5.01,1,0,5.01,East,Credit Card,In-Store,1,4
ORD000502,2024-09-18,CUST01897,Clothing,Jacket,13.04,3,0.1,35.21,Central,Debit Card,Web,4,1
ORD000503,2024-10-25,CUST00525,Books,Comic,13.59,3,0,40.77,East,Credit Card,Phone,3,10
ORD000504,2024-09-04,CUST01692,Clothing,Socks,20.81,3,0.2,49.94,Central,Credit Card,In-Store,4,1
ORD000505,2024-06-20,CUST01674,Sports,Dumbbell,81.21,1,0.2,64.97,West,Mobile Money,Web,4,14
ORD000506,2024-11-20,CUST00784,Clothing,Socks,101.39,5,0,506.95,North,PayPal,Web,5,6
ORD000507,2024-04-23,CUST01380,Sports,Tennis Racket,136.67,5,0.15,580.85,West,Mobile Money,Web,4,4
ORD000508,2024-06-21,CUST01171,Books,Comic,48.25,2,0,96.5,North,Bank Transfer,Phone,2,5
ORD000509,2024-03-10,CUST00406,Electronics,Headphones,777.64,2,0.2,1244.22,West,Mobile Money,Mobile App,5,9
ORD000510,2024-05-16,CUST00663,Sports,Bicycle,428.91,2,0,857.82,Central,Credit Card,Web,5,11
ORD000511,2024-06-25,CUST00050,Books,Biography,25.09,2,0,50.18,East,Debit Card,In-Store,4,10
ORD000512,2024-04-29,CUST00766,Books,Cookbook,13.02,1,0.2,10.42,South,Credit Card,Web,4,12
ORD000513,2024-05-27,CUST01421,Electronics,Smartphone,1425.96,2,0.2,2281.54,North,PayPal,Phone,2,8
ORD000514,2024-04-14,CUST01537,Electronics,Tablet,353.06,5,0,1765.3,East,Bank Transfer,Phone,4,10
ORD000515,2024-10-25,CUST01079,Clothing,Socks,107.83,1,0.05,102.44,North,PayPal,Mobile App,5,1
ORD000516,2024-01-28,CUST01936,Home,Chair,318.84,5,0,1594.2,North,Credit Card,Phone,4,11
ORD000517,2024-02-25,CUST01777,Home,Pillow,343.05,3,0.2,823.32,West,Debit Card,Phone,2,9
ORD000518,2024-02-15,CUST01026,Electronics,Tablet,752.76,5,0.1,3387.42,West,Bank Transfer,Web,3,1
ORD000519,2024-03-21,CUST01402,Clothing,Hat,52.69,4,0.05,200.22,East,PayPal,In-Store,1,4
ORD000520,2024-01-16,CUST01944,Sports,Yoga Mat,653.28,3,0.05,1861.85,East,Debit Card,Mobile App,5,6
ORD000521,2024-12-13,CUST01282,Books,Guide,12.55,4,0.1,45.18,South,Mobile Money,Mobile App,4,10
ORD000522,2024-08-17,CUST00424,Clothing,Sneakers,145.88,5,0,729.4,South,Bank Transfer,Mobile App,4,14
ORD000523,2024-08-08,CUST01999,Clothing,Jacket,106.39,5,0,531.95,South,Bank Transfer,Mobile App,5,6
ORD000524,2024-06-11,CUST00299,Electronics,Smartwatch,822.79,1,0,822.79,North,PayPal,Phone,5,7
ORD000525,2024-04-06,CUST00379,Home,Blender,302.06,3,0,906.18,North,Bank Transfer,In-Store,2,10
ORD000526,2024-12-17,CUST00163,Sports,Tennis Racket,200.11,2,0,400.22,West,Debit Card,Phone,1,12
ORD000527,2024-03-11,CUST00464,Home,Chair,343.07,4,0.05,1303.67,North,Mobile Money,Web,3,5
ORD000528,2024-04-14,CUST01899,Books,Textbook,45.83,2,0.2,73.33,West,Bank Transfer,Phone,3,12
ORD000529,2024-01-22,CUST01689,Home,Blender,356.72,4,0.05,1355.54,West,PayPal,Phone,4,10
ORD000530,2024-02-25,CUST01694,Sports,Tennis Racket,438.2,1,0.1,394.38,North,Debit Card,Phone,4,12
ORD000531,2024-05-29,CUST01812,Electronics,Smartwatch,611.73,1,0,611.73,East,PayPal,Phone,4,3
ORD000532,2024-09-21,CUST00950,Books,Comic,38.72,1,0.15,32.91,West,Credit Card,Web,5,3
ORD000533,2024-06-14,CUST00367,Sports,Bicycle,446.2,4,0.05,1695.56,West,Bank Transfer,Mobile App,4,8
ORD000534,2024-03-04,CUST01447,Electronics,Tablet,519.91,2,0.15,883.85,West,PayPal,Web,3,9
ORD000535,2024-03-22,CUST00780,Books,Guide,48.51,5,0.1,218.3,North,Debit Card,In-Store,4,10
ORD000536,2024-12-30,CUST00631,Clothing,Jeans,131.63,2,0.2,210.61,East,Mobile Money,In-Store,3,11
ORD000537,2024-11-14,CUST00026,Clothing,T-Shirt,135.8,2,0,271.6,West,Mobile Money,Phone,5,9
ORD000538,2024-10-28,CUST00930,Electronics,Smartwatch,1329.92,2,0,2659.84,West,Mobile Money,Web,4,10
ORD000539,2024-11-13,CUST01680,Sports,Football,210.88,5,0,1054.4,South,Credit Card,Mobile App,4,3
ORD000540,2024-01-17,CUST01717,Electronics,Camera,556.08,2,0.2,889.73,Central,PayPal,In-Store,5,2
ORD000541,2024-12-10,CUST01354,Electronics,Laptop,654.59,2,0,1309.18,Central,Bank Transfer,Mobile App,3,8
ORD000542,2024-06-02,CUST01839,Sports,Yoga Mat,746.55,1,0.2,597.24,West,Credit Card,Phone,4,14
ORD000543,2024-12-21,CUST00675,Sports,Football,248.41,2,0,496.82,Central,Mobile Money,Mobile App,5,12
ORD000544,2024-11-18,CUST00180,Clothing,Hat,18.15,5,0.15,77.14,West,Bank Transfer,In-Store,5,7
ORD000545,2024-06-30,CUST01259,Sports,Yoga Mat,222.53,5,0.1,1001.38,Central,Mobile Money,Phone,5,8
ORD000546,2024-01-01,CUST00953,Clothing,Hat,42.58,3,0,127.74,North,Debit Card,Phone,2,7
ORD000547,2024-11-23,CUST00577,Electronics,Tablet,556.99,2,0,1113.98,East,Credit Card,In-Store,3,5
ORD000548,2024-12-17,CUST00812,Sports,Tennis Racket,272.66,1,0,272.66,Central,Bank Transfer,Web,3,14
ORD000549,2024-09-02,CUST01633,Clothing,Jeans,56.27,3,0.15,143.49,North,Debit Card,Phone,5,3
ORD000550,2024-07-30,CUST00115,Books,Cookbook,54.28,4,0.2,173.7,Central,PayPal,In-Store,5,9
ORD000551,2024-06-30,CUST00306,Sports,Football,182.44,3,0.2,437.86,East,Credit Card,In-Store,3,7
ORD000552,2024-10-31,CUST01603,Sports,Basketball,465.37,4,0,1861.48,East,PayPal,Web,2,5
ORD000553,2024-08-19,CUST00620,Books,Novel,32.34,2,0,64.68,South,Bank Transfer,In-Store,5,3
ORD000554,2024-08-15,CUST01637,Electronics,Tablet,1188.17,2,0,2376.34,West,Bank Transfer,Mobile App,4,4
ORD000555,2024-06-16,CUST01786,Home,Blender,296.99,5,0,1484.95,North,Bank Transfer,Mobile App,2,4
ORD000556,2024-01-03,CUST00091,Electronics,Headphones,612.0,5,0,3060.0,Central,Credit Card,In-Store,3,8
ORD000557,2024-10-22,CUST01309,Electronics,Laptop,804.84,3,0,2414.52,South,PayPal,Mobile App,5,4
ORD000558,2024-03-01,CUST00323,Home,Table,219.93,4,0.15,747.76,East,Credit Card,Web,4,10
ORD000559,2024-10-08,CUST00290,Sports,Tennis Racket,99.85,5,0,499.25,East,Bank Transfer,Mobile App,3,3
ORD000560,2024-08-15,CUST00060,Electronics,Tablet,939.23,3,0.1,2535.92,West,Credit Card,Web,2,7
ORD000561,2024-11-01,CUST01290,Electronics,Laptop,668.38,2,0.15,1136.25,West,Bank Transfer,In-Store,5,5
ORD000562,2024-08-26,CUST00191,Home,Chair,289.47,5,0,1447.35,West,Credit Card,Phone,4,5
ORD000563,2024-11-11,CUST00745,Books,Biography,17.74,2,0,35.48,West,Debit Card,In-Store,3,13
ORD000564,2024-02-27,CUST00945,Home,Blender,202.69,1,0.05,192.56,South,PayPal,In-Store,4,10
ORD000565,2024-02-24,CUST01331,Sports,Basketball,416.2,4,0.2,1331.84,North,PayPal,Phone,4,7
ORD000566,2024-03-22,CUST00787,Sports,Dumbbell,206.09,2,0.1,370.96,North,PayPal,Mobile App,5,14
ORD000567,2024-06-24,CUST00484,Sports,Dumbbell,631.76,4,0.1,2274.34,South,Credit Card,Phone,4,2
ORD000568,2024-08-15,CUST01958,Sports,Tennis Racket,381.07,5,0,1905.35,West,Credit Card,Web,3,11
ORD000569,2024-04-21,CUST01818,Sports,Dumbbell,275.38,1,0,275.38,Central,Credit Card,Mobile App,5,11
ORD000570,2024-10-22,CUST00422,Clothing,Sneakers,84.38,4,0.1,303.77,East,PayPal,In-Store,4,7
ORD000571,2024-07-25,CUST01746,Home,Lamp,239.35,5,0.1,1077.07,East,Credit Card,In-Store,5,9
ORD000572,2024-05-24,CUST00482,Electronics,Laptop,1069.86,3,0,3209.58,West,Bank Transfer,Phone,5,11
ORD000573,2024-10-06,CUST00356,Home,Pillow,162.37,4,0.05,617.01,West,Debit Card,Mobile App,3,9
ORD000574,2024-12-09,CUST00024,Books,Comic,51.2,2,0,102.4,North,Credit Card,Mobile App,2,12
ORD000575,2024-03-11,CUST00852,Books,Guide,29.02,2,0,58.04,West,Bank Transfer,Phone,4,10
ORD000576,2024-08-18,CUST00463,Clothing,Sneakers,81.32,5,0.2,325.28,South,Mobile Money,Web,5,10
ORD000577,2024-07-29,CUST01181,Books,Guide,18.02,5,0,90.1,East,Credit Card,Web,5,10
ORD000578,2024-12-19,CUST01496,Books,Guide,25.27,5,0.05,120.03,Central,PayPal,Phone,2,9
ORD000579,2024-08-29,CUST01360,Electronics,Smartwatch,1340.38,1,0,1340.38,North,Bank Transfer,In-Store,4,10
ORD000580,2024-08-20,CUST00961,Electronics,Tablet,825.8,1,0.05,784.51,Central,PayPal,Phone,4,6
ORD000581,2024-06-04,CUST01155,Home,Table,79.49,5,0.15,337.83,East,Credit Card,Phone,5,10
ORD000582,2024-11-15,CUST00993,Clothing,Hat,17.23,3,0.2,41.35,North,Debit Card,Web,2,14
ORD000583,2024-05-11,CUST00229,Home,Table,66.03,3,0,198.09,Central,Debit Card,Mobile App,1,11
ORD000584,2024-12-24,CUST00371,Books,Comic,49.43,3,0.2,118.63,Central,Credit Card,In-Store,4,2
ORD000585,2024-09-10,CUST00846,Clothing,Hat,140.75,2,0.2,225.2,West,Debit Card,Phone,5,12
ORD000586,2024-11-24,CUST01679,Clothing,Jeans,90.89,3,0,272.67,North,Credit Card,Mobile App,3,8
ORD000587,2024-07-13,CUST00799,Books,Biography,21.58,5,0,107.9,West,PayPal,Mobile App,4,9
ORD000588,2024-12-13,CUST01086,Books,Novel,20.88,4,0.05,79.34,North,Credit Card,In-Store,3,14
ORD000589,2024-05-18,CUST00202,Books,Cookbook,55.49,3,0,166.47,East,Bank Transfer,Phone,3,8
ORD000590,2024-06-21,CUST00369,Clothing,Socks,104.06,2,0.1,187.31,East,Bank Transfer,Web,4,11
ORD000591,2024-02-23,CUST00720,Electronics,Laptop,67.34,1,0.1,60.61,South,PayPal,In-Store,4,4
ORD000592,2024-12-02,CUST00445,Electronics,Laptop,948.13,1,0.1,853.32,Central,Credit Card,Web,5,2
ORD000593,2024-04-04,CUST01425,Sports,Basketball,313.25,5,0.2,1253.0,South,PayPal,In-Store,5,8
ORD000594,2024-08-06,CUST01368,Electronics,Camera,707.49,3,0.2,1697.98,East,PayPal,Mobile App,5,13
ORD000595,2024-06-19,CUST00529,Electronics,Tablet,1176.8,4,0.05,4471.84,East,Debit Card,Phone,5,2
ORD000596,2024-09-08,CUST01108,Books,Textbook,38.57,2,0.15,65.57,West,Debit Card,Web,3,8
ORD000597,2024-05-08,CUST00039,Home,Lamp,28.42,1,0.1,25.58,West,Debit Card,Web,5,1
ORD000598,2024-10-21,CUST01450,Books,Comic,13.34,3,0.05,38.02,West,Mobile Money,Phone,1,7
ORD000599,2024-09-03,CUST01097,Electronics,Smartwatch,377.48,4,0.15,1283.43,East,PayPal,In-Store,3,7
ORD000600,2024-09-30,CUST00697,Electronics,Camera,1495.67,1,0,1495.67,North,Mobile Money,In-Store,5,11
ORD000601,2024-04-07,CUST00799,Clothing,Jeans,87.63,4,0.15,297.94,North,PayPal,Phone,4,2
ORD000602,2024-01-13,CUST01215,Books,Guide,15.42,1,0,15.42,South,Mobile Money,Phone,5,2
ORD000603,2024-08-18,CUST00034,Sports,Bicycle,260.03,5,0.2,1040.12,North,PayPal,Web,5,6
ORD000604,2024-12-13,CUST01099,Electronics,Headphones,221.37,5,0.05,1051.51,South,Bank Transfer,Mobile App,5,2
ORD000605,2024-11-12,CUST01437,Electronics,Camera,255.31,1,0.05,242.54,South,Credit Card,Mobile App,1,11
ORD000606,2024-11-08,CUST01211,Electronics,Tablet,1240.07,1,0.05,1178.07,North,Credit Card,Web,3,8
ORD000607,2024-06-21,CUST01512,Sports,Tennis Racket,192.05,2,0.05,364.89,West,PayPal,Web,5,11
ORD000608,2024-01-24,CUST00688,Sports,Tennis Racket,127.12,2,0.2,203.39,North,Credit Card,In-Store,5,3
ORD000609,2024-08-12,CUST01192,Books,Textbook,43.3,5,0,216.5,North,Debit Card,Web,3,13
ORD000610,2024-02-11,CUST00368,Sports,Dumbbell,626.58,1,0.05,595.25,North,Bank Transfer,In-Store,1,7
ORD000611,2024-05-18,CUST00844,Books,Guide,11.98,2,0.15,20.37,South,Debit Card,Web,5,10
ORD000612,2024-06-03,CUST00010,Clothing,Socks,79.98,1,0.15,67.98,Central,Debit Card,Mobile App,4,2
ORD000613,2024-04-22,CUST01283,Sports,Football,502.76,5,0.1,2262.42,South,PayPal,Web,4,4
ORD000614,2024-03-31,CUST01890,Electronics,Smartphone,1043.6,4,0.05,3965.68,North,Credit Card,In-Store,3,5
ORD000615,2024-08-20,CUST01517,Clothing,Sneakers,45.19,5,0.2,180.76,North,Bank Transfer,Mobile App,2,3
ORD000616,2024-08-15,CUST00668,Electronics,Headphones,796.61,1,0,796.61,West,Debit Card,In-Store,4,4
ORD000617,2024-07-30,CUST00770,Electronics,Tablet,380.28,2,0.15,646.48,South,Credit Card,Phone,5,10
ORD000618,2024-11-08,CUST00794,Books,Novel,53.98,2,0,107.96,East,Debit Card,Phone,4,12
ORD000619,2024-06-20,CUST01418,Clothing,Socks,60.2,3,0,180.6,Central,Credit Card,In-Store,2,3
ORD000620,2024-06-24,CUST00605,Electronics,Headphones,714.94,2,0.2,1143.9,Central,Debit Card,Mobile App,4,10
ORD000621,2024-04-20,CUST01715,Sports,Basketball,87.45,5,0.05,415.39,West,PayPal,Web,4,12
ORD000622,2024-08-10,CUST01827,Books,Guide,52.99,2,0,105.98,Central,Debit Card,Web,4,7
ORD000623,2024-08-05,CUST00982,Electronics,Laptop,1487.35,5,0,7436.75,North,Mobile Money,Phone,4,4
ORD000624,2024-03-08,CUST00490,Electronics,Smartwatch,1141.96,4,0,4567.84,North,Credit Card,Phone,4,11
ORD000625,2024-10-25,CUST00932,Home,Chair,285.77,5,0.15,1214.52,West,Debit Card,Phone,2,3
ORD000626,2024-11-17,CUST01830,Home,Pillow,193.75,1,0.2,155.0,East,Bank Transfer,Web,3,5
ORD000627,2024-10-21,CUST01614,Books,Comic,43.39,5,0.1,195.25,North,Bank Transfer,In-Store,5,12
ORD000628,2024-02-26,CUST00954,Electronics,Smartwatch,1420.72,3,0,4262.16,Central,Credit Card,In-Store,4,6
ORD000629,2024-12-29,CUST00284,Clothing,Socks,88.23,1,0.1,79.41,East,Debit Card,Web,5,11
ORD000630,2024-12-25,CUST01526,Books,Guide,56.65,5,0.2,226.6,South,PayPal,In-Store,4,5
ORD000631,2024-07-09,CUST00996,Sports,Bicycle,349.88,1,0,349.88,Central,Bank Transfer,Web,3,8
ORD000632,2024-11-13,CUST01379,Sports,Bicycle,663.8,3,0.05,1891.83,North,Debit Card,Phone,4,2
ORD000633,2024-02-25,CUST00230,Electronics,Headphones,1352.02,3,0,4056.06,South,Mobile Money,Mobile App,3,14
ORD000634,2024-08-01,CUST01109,Clothing,Hat,143.29,1,0,143.29,South,Mobile Money,In-Store,5,7
ORD000635,2024-02-02,CUST01643,Books,Guide,40.46,3,0,121.38,South,Bank Transfer,In-Store,1,7
ORD000636,2024-10-30,CUST01086,Sports,Yoga Mat,531.49,3,0.05,1514.75,Central,Mobile Money,Phone,4,5
ORD000637,2024-05-13,CUST00762,Sports,Basketball,720.66,3,0,2161.98,East,Credit Card,Mobile App,3,6
ORD000638,2024-12-30,CUST00374,Home,Blender,383.14,5,0,1915.7,South,Debit Card,Mobile App,4,4
ORD000639,2024-08-13,CUST00378,Electronics,Laptop,1490.97,5,0,7454.85,South,Bank Transfer,Web,3,11
ORD000640,2024-03-24,CUST00249,Home,Table,71.96,4,0.1,259.06,North,Mobile Money,Phone,4,13
ORD000641,2024-10-06,CUST00679,Clothing,Sneakers,139.89,2,0,279.78,East,Mobile Money,In-Store,5,13
ORD000642,2024-08-14,CUST00231,Sports,Bicycle,134.73,5,0.15,572.6,West,Credit Card,Mobile App,4,11
ORD000643,2024-04-22,CUST00190,Sports,Football,260.3,4,0.1,937.08,East,Credit Card,Mobile App,4,10
ORD000644,2024-01-12,CUST01740,Sports,Basketball,629.4,3,0,1888.2,West,Credit Card,Phone,2,4
ORD000645,2024-12-07,CUST00303,Books,Comic,38.17,5,0,190.85,West,PayPal,Phone,4,6
ORD000646,2024-10-14,CUST01491,Electronics,Tablet,550.13,3,0.05,1567.87,West,Mobile Money,Phone,2,5
ORD000647,2024-07-31,CUST01203,Clothing,Socks,145.85,4,0.15,495.89,Central,Credit Card,Mobile App,3,4
ORD000648,2024-02-03,CUST01210,Home,Blender,395.53,5,0,1977.65,West,Credit Card,Web,5,7
ORD000649,2024-10-17,CUST00281,Home,Blender,82.33,4,0.15,279.92,South,Debit Card,Phone,5,5
ORD000650,2024-10-26,CUST01146,Sports,Dumbbell,52.94,3,0.2,127.06,West,Debit Card,Web,4,13
ORD000651,2024-11-30,CUST00590,Electronics,Smartphone,430.88,4,0,1723.52,West,Debit Card,Phone,4,12
ORD000652,2024-02-04,CUST00741,Clothing,T-Shirt,26.71,3,0.05,76.12,Central,Mobile Money,Phone,4,14
ORD000653,2024-09-19,CUST00036,Home,Pillow,279.08,1,0,279.08,East,Debit Card,Web,5,3
ORD000654,2024-03-24,CUST00740,Home,Blender,353.15,2,0,706.3,West,PayPal,Web,2,5
ORD000655,2024-04-09,CUST00376,Home,Toaster,260.99,1,0.1,234.89,North,Bank Transfer,Mobile App,5,9
ORD000656,2024-12-16,CUST00743,Home,Table,333.33,3,0,999.99,North,Bank Transfer,In-Store,4,14
ORD000657,2024-09-05,CUST01887,Clothing,T-Shirt,29.17,3,0,87.51,South,Credit Card,Mobile App,4,3
ORD000658,2024-12-19,CUST01077,Sports,Basketball,668.63,5,0.1,3008.83,Central,Bank Transfer,Web,5,7
ORD000659,2024-09-02,CUST01416,Books,Novel,11.41,2,0,22.82,East,Debit Card,Phone,3,10
ORD000660,2024-03-01,CUST01755,Sports,Yoga Mat,154.32,3,0,462.96,South,Debit Card,In-Store,3,3
ORD000661,2024-02-27,CUST01587,Clothing,Jeans,147.36,4,0.15,501.02,West,Mobile Money,Web,3,4
ORD000662,2024-01-31,CUST01861,Electronics,Laptop,1199.93,5,0.1,5399.68,East,Credit Card,Web,4,5
ORD000663,2024-10-27,CUST00379,Electronics,Laptop,1184.44,5,0,5922.2,East,Credit Card,Web,5,3
ORD000664,2024-09-13,CUST01256,Home,Toaster,148.92,2,0.2,238.27,South,Bank Transfer,Web,5,2
ORD000665,2024-03-28,CUST01101,Sports,Football,432.49,2,0,864.98,North,Credit Card,Mobile App,5,9
ORD000666,2024-12-10,CUST00371,Books,Comic,43.4,2,0.05,82.46,East,Mobile Money,Phone,5,4
ORD000667,2024-08-26,CUST00279,Sports,Basketball,337.91,3,0,1013.73,West,PayPal,In-Store,2,9
ORD000668,2024-05-25,CUST01508,Electronics,Laptop,525.77,1,0.05,499.48,East,Mobile Money,Mobile App,4,9
ORD000669,2024-02-05,CUST01644,Books,Comic,59.17,4,0,236.68,West,PayPal,Mobile App,5,1
ORD000670,2024-12-03,CUST00245,Books,Guide,10.78,4,0.1,38.81,South,Mobile Money,Phone,4,12
ORD000671,2024-07-05,CUST00694,Sports,Football,598.32,2,0,1196.64,South,Bank Transfer,Phone,5,2
ORD000672,2024-10-24,CUST01549,Clothing,Sneakers,111.53,3,0.2,267.67,West,PayPal,Phone,5,11
ORD000673,2024-03-16,CUST00222,Sports,Dumbbell,790.27,5,0,3951.35,North,PayPal,Phone,5,8
ORD000674,2024-01-28,CUST01021,Clothing,Socks,141.94,1,0,141.94,North,Debit Card,Phone,5,10
ORD000675,2024-02-09,CUST01065,Home,Chair,131.56,5,0,657.8,West,Mobile Money,Mobile App,4,5
ORD000676,2024-10-03,CUST01951,Books,Biography,32.76,5,0,163.8,North,Mobile Money,Web,4,7
ORD000677,2024-01-19,CUST01141,Books,Comic,51.91,4,0.05,197.26,East,Debit Card,Phone,1,7
ORD000678,2024-02-26,CUST01005,Clothing,Jacket,110.2,4,0.2,352.64,Central,Bank Transfer,Phone,5,8
ORD000679,2024-09-10,CUST00774,Sports,Basketball,415.21,4,0,1660.84,Central,PayPal,In-Store,4,6
ORD000680,2024-07-06,CUST01520,Electronics,Laptop,906.17,2,0.2,1449.87,Central,Credit Card,In-Store,4,7
ORD000681,2024-06-28,CUST00501,Electronics,Headphones,550.46,3,0.05,1568.81,South,Debit Card,In-Store,2,10
ORD000682,2024-06-21,CUST01103,Electronics,Camera,144.98,3,0,434.94,East,Credit Card,Phone,3,11
ORD000683,2024-01-11,CUST01205,Books,Cookbook,33.31,4,0,133.24,North,PayPal,Phone,4,10
ORD000684,2024-12-19,CUST00689,Books,Comic,36.49,4,0,145.96,West,Bank Transfer,In-Store,4,3
ORD000685,2024-09-11,CUST01995,Sports,Yoga Mat,303.4,4,0,1213.6,North,Bank Transfer,Mobile App,4,5
ORD000686,2024-04-25,CUST01962,Home,Lamp,129.47,5,0.05,614.98,North,Bank Transfer,Web,4,10
ORD000687,2024-08-06,CUST01630,Home,Table,40.9,5,0.05,194.27,North,PayPal,In-Store,3,7
ORD000688,2024-11-15,CUST01376,Sports,Yoga Mat,176.06,4,0,704.24,Central,Debit Card,Web,4,11
ORD000689,2024-08-27,CUST01307,Sports,Basketball,469.94,2,0.15,798.9,Central,Bank Transfer,Phone,4,10
ORD000690,2024-05-03,CUST01404,Electronics,Smartwatch,340.94,4,0,1363.76,East,Mobile Money,Phone,3,6
ORD000691,2024-05-26,CUST00526,Electronics,Camera,345.16,4,0,1380.64,Central,Debit Card,Phone,4,4
ORD000692,2024-06-07,CUST01147,Electronics,Smartphone,328.28,2,0.2,525.25,West,Mobile Money,Web,5,4
ORD000693,2024-05-22,CUST00361,Clothing,Jacket,29.1,3,0.2,69.84,North,Mobile Money,Web,5,1
ORD000694,2024-07-05,CUST01814,Electronics,Tablet,922.32,1,0.05,876.2,North,Mobile Money,Mobile App,4,4
ORD000695,2024-12-06,CUST01945,Electronics,Smartwatch,1115.0,1,0.1,1003.5,Central,PayPal,Phone,5,2
ORD000696,2024-10-26,CUST01651,Clothing,Hat,27.12,3,0,81.36,South,Mobile Money,Mobile App,5,3
ORD000697,2024-07-28,CUST01208,Electronics,Smartphone,360.46,3,0.05,1027.31,North,Mobile Money,In-Store,3,12
ORD000698,2024-05-06,CUST01802,Electronics,Tablet,841.33,4,0.15,2860.52,South,PayPal,Phone,5,12
ORD000699,2024-12-05,CUST00112,Home,Table,23.11,5,0,115.55,South,PayPal,Phone,5,5
ORD000700,2024-08-14,CUST01864,Home,Pillow,61.99,2,0.2,99.18,West,PayPal,In-Store,5,2
ORD000701,2024-11-19,CUST01664,Clothing,Jacket,39.45,2,0.05,74.95,West,Credit Card,In-Store,3,14
ORD000702,2024-06-19,CUST01796,Electronics,Headphones,733.08,4,0.2,2345.86,North,Debit Card,In-Store,5,9
ORD000703,2024-06-16,CUST00057,Electronics,Tablet,660.26,5,0.15,2806.11,North,Debit Card,Phone,5,13
ORD000704,2024-10-21,CUST00324,Clothing,T-Shirt,66.09,3,0,198.27,South,Bank Transfer,Mobile App,2,14
ORD000705,2024-09-01,CUST00274,Sports,Bicycle,340.05,3,0.05,969.14,East,Debit Card,In-Store,5,13
ORD000706,2024-07-20,CUST01935,Home,Chair,47.49,3,0,142.47,Central,Debit Card,Web,5,1
ORD000707,2024-08-24,CUST01437,Sports,Bicycle,497.36,2,0,994.72,South,Credit Card,Phone,3,10
ORD000708,2024-03-28,CUST00241,Books,Cookbook,19.31,1,0,19.31,North,Bank Transfer,Phone,5,13
ORD000709,2024-04-14,CUST01766,Books,Guide,32.18,2,0.15,54.71,East,PayPal,Phone,4,7
ORD000710,2024-05-24,CUST00388,Clothing,Sneakers,129.89,5,0,649.45,West,Debit Card,Phone,5,13
ORD000711,2024-11-12,CUST00509,Clothing,T-Shirt,50.63,3,0,151.89,East,Bank Transfer,Phone,4,2
ORD000712,2024-07-22,CUST01461,Electronics,Headphones,243.15,3,0.15,620.03,West,Mobile Money,In-Store,5,2
ORD000713,2024-08-29,CUST01242,Electronics,Smartwatch,135.19,3,0,405.57,Central,Credit Card,Web,5,5
ORD000714,2024-07-08,CUST01828,Sports,Tennis Racket,317.13,4,0.15,1078.24,Central,Credit Card,Mobile App,3,5
ORD000715,2024-03-08,CUST01455,Clothing,Hat,79.0,3,0.05,225.15,Central,Mobile Money,Mobile App,2,5
ORD000716,2024-05-23,CUST01897,Electronics,Tablet,114.04,2,0.05,216.68,West,PayPal,In-Store,5,10
ORD000717,2024-09-08,CUST00310,Home,Toaster,135.51,2,0,271.02,Central,Mobile Money,Web,5,4
ORD000718,2024-05-13,CUST00957,Clothing,T-Shirt,42.18,1,0.05,40.07,West,Credit Card,Phone,3,1
ORD000719,2024-08-22,CUST01733,Books,Comic,59.39,5,0.05,282.1,South,Credit Card,In-Store,4,2
ORD000720,2024-09-17,CUST01154,Clothing,Jacket,35.29,2,0.15,59.99,Central,Debit Card,Web,5,9
ORD000721,2024-09-12,CUST01818,Sports,Basketball,344.81,1,0,344.81,East,Credit Card,In-Store,4,11
ORD000722,2024-06-14,CUST00167,Electronics,Headphones,591.66,1,0.2,473.33,West,Mobile Money,Phone,4,11
ORD000723,2024-12-01,CUST00928,Home,Toaster,268.33,3,0,804.99,East,Bank Transfer,Mobile App,4,4
ORD000724,2024-02-06,CUST01234,Electronics,Camera,460.28,1,0.15,391.24,West,Credit Card,Phone,5,5
ORD000725,2024-01-11,CUST00334,Clothing,Jeans,145.11,4,0,580.44,West,Mobile Money,In-Store,5,11
ORD000726,2024-06-07,CUST01236,Clothing,T-Shirt,51.8,4,0.15,176.12,South,PayPal,Web,5,14
ORD000727,2024-08-31,CUST01230,Home,Toaster,91.95,4,0.05,349.41,West,Credit Card,Phone,3,13
ORD000728,2024-01-21,CUST01994,Home,Toaster,86.75,4,0,347.0,West,Debit Card,Mobile App,4,8
ORD000729,2024-08-27,CUST01858,Sports,Bicycle,524.84,1,0,524.84,West,PayPal,Mobile App,4,3
ORD000730,2024-01-25,CUST01879,Home,Chair,216.39,3,0.1,584.25,North,Bank Transfer,Web,4,9
ORD000731,2024-05-09,CUST01200,Books,Biography,10.2,5,0.2,40.8,North,Bank Transfer,Web,5,2
ORD000732,2024-02-12,CUST01443,Books,Textbook,48.24,4,0,192.96,East,PayPal,Phone,4,13
ORD000733,2024-04-05,CUST00161,Books,Cookbook,49.43,3,0.2,118.63,Central,PayPal,Web,4,7
ORD000734,2024-03-28,CUST00943,Sports,Football,24.56,1,0,24.56,West,Bank Transfer,Phone,4,5
ORD000735,2024-06-03,CUST00277,Sports,Tennis Racket,301.37,4,0.2,964.38,North,Debit Card,Web,3,14
ORD000736,2024-09-03,CUST01331,Electronics,Camera,1457.25,1,0,1457.25,South,Mobile Money,Mobile App,4,2
ORD000737,2024-02-29,CUST00313,Home,Blender,72.04,4,0,288.16,West,Mobile Money,Phone,3,1
ORD000738,2024-07-19,CUST00017,Books,Cookbook,18.34,3,0.1,49.52,North,Mobile Money,Phone,2,14
ORD000739,2024-01-19,CUST00996,Books,Guide,36.83,5,0,184.15,Central,Bank Transfer,Phone,4,4
ORD000740,2024-10-10,CUST01829,Electronics,Smartwatch,77.58,5,0,387.9,West,Mobile Money,Web,2,8
ORD000741,2024-03-23,CUST00394,Sports,Bicycle,290.48,4,0,1161.92,West,PayPal,Phone,3,4
ORD000742,2024-12-02,CUST01809,Sports,Basketball,478.37,3,0.1,1291.6,East,Mobile Money,Phone,4,14
ORD000743,2024-04-16,CUST01535,Home,Blender,322.91,2,0.1,581.24,North,Mobile Money,Mobile App,3,3
ORD000744,2024-07-31,CUST01012,Clothing,Jeans,94.8,1,0.2,75.84,East,Debit Card,Mobile App,5,9
ORD000745,2024-12-12,CUST01696,Electronics,Laptop,570.24,3,0,1710.72,Central,Credit Card,Web,3,6
ORD000746,2024-04-24,CUST00697,Books,Novel,38.97,1,0.1,35.07,East,Credit Card,In-Store,4,3
ORD000747,2024-08-22,CUST01548,Sports,Tennis Racket,542.2,1,0.05,515.09,North,Credit Card,Web,5,14
ORD000748,2024-03-01,CUST01866,Sports,Football,415.7,2,0.15,706.69,East,Debit Card,In-Store,5,12
ORD000749,2024-11-27,CUST01678,Books,Cookbook,32.41,1,0,32.41,South,Credit Card,Mobile App,4,8
ORD000750,2024-05-26,CUST00175,Books,Novel,18.49,4,0,73.96,East,PayPal,Phone,4,6
ORD000751,2024-04-26,CUST00879,Clothing,Jeans,115.45,5,0.05,548.39,West,Mobile Money,Phone,2,14
ORD000752,2024-03-15,CUST01470,Sports,Bicycle,302.18,1,0.05,287.07,Central,Credit Card,Web,5,6
ORD000753,2024-02-01,CUST00076,Home,Blender,393.05,2,0.05,746.79,South,Bank Transfer,Web,4,11
ORD000754,2024-06-04,CUST00643,Sports,Yoga Mat,347.06,5,0.2,1388.24,East,Credit Card,In-Store,5,9
ORD000755,2024-04-15,CUST01279,Sports,Basketball,566.23,4,0.15,1925.18,Central,Mobile Money,In-Store,5,13
ORD000756,2024-10-02,CUST01486,Books,Textbook,53.45,1,0,53.45,South,Bank Transfer,In-Store,3,4
ORD000757,2024-11-21,CUST00058,Electronics,Smartwatch,850.09,5,0,4250.45,Central,Bank Transfer,In-Store,3,4
ORD000758,2024-01-31,CUST00532,Home,Pillow,177.76,5,0,888.8,Central,PayPal,Web,5,1
ORD000759,2024-06-22,CUST01650,Electronics,Headphones,482.04,1,0.05,457.94,Central,Bank Transfer,Mobile App,5,6
ORD000760,2024-03-12,CUST01065,Home,Table,271.77,5,0.15,1155.02,South,Credit Card,In-Store,5,9
ORD000761,2024-02-20,CUST00872,Sports,Basketball,661.82,3,0.05,1886.19,West,Credit Card,Web,2,1
ORD000762,2024-07-08,CUST00825,Books,Textbook,31.19,4,0,124.76,Central,Bank Transfer,Phone,4,14
ORD000763,2024-12-18,CUST01003,Home,Toaster,207.05,4,0.05,786.79,West,Debit Card,Mobile App,5,9
ORD000764,2024-09-19,CUST00242,Clothing,Sneakers,109.56,2,0.15,186.25,South,Mobile Money,Phone,5,1
ORD000765,2024-07-28,CUST00757,Clothing,Hat,61.71,1,0.1,55.54,Central,PayPal,Web,2,9
ORD000766,2024-05-30,CUST01621,Clothing,T-Shirt,62.01,3,0,186.03,South,Debit Card,Phone,4,1
ORD000767,2024-03-03,CUST00139,Home,Table,98.0,4,0,392.0,North,Mobile Money,Phone,4,10
ORD000768,2024-07-12,CUST01475,Home,Toaster,189.16,3,0.2,453.98,Central,Debit Card,Mobile App,5,9
ORD000769,2024-06-15,CUST01280,Books,Biography,41.7,2,0.2,66.72,Central,Mobile Money,Phone,3,4
ORD000770,2024-05-22,CUST01774,Books,Comic,34.75,4,0.15,118.15,South,Credit Card,In-Store,5,9
ORD000771,2024-10-04,CUST00109,Electronics,Camera,861.06,2,0.1,1549.91,Central,Bank Transfer,Mobile App,4,13
ORD000772,2024-09-29,CUST00039,Books,Cookbook,54.33,1,0.15,46.18,East,Debit Card,Mobile App,4,14
ORD000773,2024-06-13,CUST00093,Sports,Dumbbell,86.03,5,0.1,387.13,West,Credit Card,In-Store,4,7
ORD000774,2024-07-14,CUST00235,Clothing,Sneakers,13.37,5,0,66.85,North,Bank Transfer,Mobile App,3,5
ORD000775,2024-06-06,CUST01390,Clothing,Jeans,45.78,1,0,45.78,South,Credit Card,In-Store,5,3
ORD000776,2024-06-12,CUST01829,Electronics,Camera,134.83,4,0,539.32,East,PayPal,Phone,2,14
ORD000777,2024-05-01,CUST01541,Electronics,Laptop,343.71,5,0.1,1546.69,Central,Mobile Money,Web,4,5
ORD000778,2024-09-04,CUST01298,Electronics,Tablet,723.99,4,0,2895.96,South,Credit Card,In-Store,1,9
ORD000779,2024-03-05,CUST00834,Sports,Bicycle,99.18,5,0.15,421.51,West,Credit Card,Mobile App,4,13
ORD000780,2024-05-05,CUST00868,Clothing,Jacket,85.66,2,0.2,137.06,Central,Mobile Money,Web,5,1
ORD000781,2024-01-31,CUST00988,Books,Cookbook,20.91,2,0,41.82,East,Bank Transfer,In-Store,5,14
ORD000782,2024-09-18,CUST00331,Books,Comic,51.33,2,0.1,92.39,Central,Bank Transfer,Web,3,5
ORD000783,2024-10-11,CUST01799,Electronics,Headphones,1062.72,2,0.15,1806.62,West,Debit Card,In-Store,5,11
ORD000784,2024-05-05,CUST00659,Home,Pillow,115.62,4,0,462.48,East,Debit Card,Phone,4,10
ORD000785,2024-01-02,CUST00009,Home,Lamp,366.9,2,0.15,623.73,North,Debit Card,Phone,5,9
ORD000786,2024-01-16,CUST01672,Books,Biography,34.6,1,0.1,31.14,West,Credit Card,In-Store,5,14
ORD000787,2024-12-22,CUST00256,Books,Cookbook,24.69,2,0.2,39.5,West,PayPal,Mobile App,5,8
ORD000788,2024-12-29,CUST00185,Electronics,Smartphone,1127.56,3,0.15,2875.28,Central,PayPal,Mobile App,5,4
ORD000789,2024-12-27,CUST00015,Books,Comic,7.02,4,0.15,23.87,South,Mobile Money,Web,5,14
ORD000790,2024-04-09,CUST01159,Home,Toaster,207.63,2,0.1,373.73,Central,Bank Transfer,Mobile App,4,2
ORD000791,2024-10-18,CUST01805,Sports,Basketball,601.86,2,0,1203.72,Central,PayPal,Mobile App,5,14
ORD000792,2024-12-14,CUST00930,Electronics,Camera,1032.71,5,0,5163.55,North,Mobile Money,Web,4,14
ORD000793,2024-03-03,CUST00956,Home,Blender,340.07,4,0,1360.28,West,PayPal,Web,4,12
ORD000794,2024-08-17,CUST00803,Clothing,T-Shirt,48.91,4,0.1,176.08,South,PayPal,Web,3,10
ORD000795,2024-05-07,CUST00675,Electronics,Camera,377.16,4,0,1508.64,East,Credit Card,Web,3,1
ORD000796,2024-11-16,CUST01722,Books,Biography,49.44,5,0.2,197.76,East,Debit Card,Web,5,8
ORD000797,2024-05-01,CUST01589,Clothing,Jacket,126.55,3,0.1,341.69,Central,Bank Transfer,Phone,5,13
ORD000798,2024-02-01,CUST00773,Electronics,Camera,697.36,1,0,697.36,East,Credit Card,Mobile App,5,1
ORD000799,2024-02-22,CUST01146,Books,Novel,21.58,4,0,86.32,North,PayPal,Phone,4,7
ORD000800,2024-11-02,CUST01278,Electronics,Smartwatch,1140.35,2,0.2,1824.56,North,Mobile Money,Phone,5,8
ORD000801,2024-12-11,CUST00930,Books,Cookbook,39.06,3,0.15,99.6,Central,PayPal,Mobile App,5,2
ORD000802,2024-04-09,CUST00259,Electronics,Laptop,913.0,1,0.1,821.7,Central,PayPal,In-Store,5,7
ORD000803,2024-03-11,CUST00124,Books,Guide,39.15,2,0,78.3,South,PayPal,Phone,5,9
ORD000804,2024-03-15,CUST00633,Home,Table,239.71,5,0.2,958.84,Central,PayPal,In-Store,3,6
ORD000805,2024-05-01,CUST01711,Electronics,Smartwatch,900.34,2,0,1800.68,Central,Credit Card,Phone,4,6
ORD000806,2024-02-05,CUST01368,Clothing,Jeans,99.68,2,0.2,159.49,West,Mobile Money,In-Store,4,14
ORD000807,2024-08-02,CUST00215,Sports,Tennis Racket,771.19,5,0,3855.95,West,Credit Card,Phone,3,4
ORD000808,2024-11-15,CUST00985,Electronics,Camera,373.39,2,0.05,709.44,East,Mobile Money,Mobile App,3,7
ORD000809,2024-01-16,CUST00292,Clothing,T-Shirt,60.79,1,0,60.79,East,Mobile Money,Mobile App,4,11
ORD000810,2024-04-11,CUST00449,Sports,Yoga Mat,54.25,1,0,54.25,East,Debit Card,In-Store,3,14
ORD000811,2024-05-14,CUST00043,Sports,Basketball,159.26,1,0,159.26,South,Mobile Money,Web,5,6
ORD000812,2024-07-09,CUST01928,Clothing,Jacket,73.87,3,0.2,177.29,Central,Bank Transfer,Phone,5,12
ORD000813,2024-04-07,CUST00775,Electronics,Laptop,259.43,2,0.2,415.09,East,PayPal,Phone,4,11
ORD000814,2024-10-01,CUST00305,Clothing,T-Shirt,116.83,5,0,584.15,East,Debit Card,Web,3,11
ORD000815,2024-04-17,CUST01607,Home,Chair,342.83,5,0.05,1628.44,West,Bank Transfer,Web,5,3
ORD000816,2024-09-12,CUST00367,Sports,Dumbbell,606.02,5,0,3030.1,East,PayPal,Phone,4,12
ORD000817,2024-10-25,CUST00425,Books,Biography,19.76,4,0.15,67.18,South,Debit Card,Phone,5,14
ORD000818,2024-10-19,CUST01726,Clothing,Sneakers,40.6,4,0.05,154.28,East,PayPal,Web,3,3
ORD000819,2024-10-25,CUST01050,Electronics,Tablet,694.53,3,0,2083.59,Central,PayPal,Phone,1,8
ORD000820,2024-05-19,CUST00368,Books,Biography,27.49,4,0,109.96,West,Debit Card,In-Store,4,11
ORD000821,2024-09-13,CUST01319,Electronics,Tablet,1357.14,3,0.2,3257.14,North,PayPal,Mobile App,5,2
ORD000822,2024-06-19,CUST00675,Electronics,Laptop,572.34,5,0,2861.7,East,PayPal,In-Store,3,4
ORD000823,2024-01-05,CUST00578,Sports,Basketball,798.76,5,0,3993.8,East,Mobile Money,Phone,5,14
ORD000824,2024-03-17,CUST00467,Sports,Bicycle,29.27,5,0.2,117.08,South,Debit Card,Phone,5,4
ORD000825,2024-08-24,CUST00176,Sports,Tennis Racket,633.06,4,0.15,2152.4,East,Debit Card,Phone,4,13
ORD000826,2024-07-10,CUST01790,Books,Textbook,29.13,5,0,145.65,South,PayPal,Web,2,8
ORD000827,2024-07-25,CUST01415,Home,Table,101.81,4,0.15,346.15,Central,PayPal,In-Store,5,10
ORD000828,2024-06-18,CUST01637,Electronics,Smartwatch,1188.77,2,0,2377.54,Central,Bank Transfer,Phone,4,7
ORD000829,2024-08-31,CUST01167,Clothing,Sneakers,18.92,4,0,75.68,West,PayPal,Web,2,3
ORD000830,2024-12-18,CUST00055,Electronics,Camera,851.71,1,0.2,681.37,South,Debit Card,Web,5,7
ORD000831,2024-08-20,CUST01062,Home,Chair,104.72,5,0,523.6,North,Debit Card,In-Store,2,14
ORD000832,2024-10-01,CUST01522,Books,Biography,13.64,1,0,13.64,North,Mobile Money,Mobile App,4,3
ORD000833,2024-11-05,CUST00636,Clothing,Jacket,70.51,4,0,282.04,Central,Debit Card,Phone,4,5
ORD000834,2024-07-23,CUST00506,Clothing,T-Shirt,148.75,4,0,595.0,Central,PayPal,Phone,4,8
ORD000835,2024-11-26,CUST00935,Books,Cookbook,7.15,1,0,7.15,East,PayPal,Phone,5,10
ORD000836,2024-08-09,CUST01866,Clothing,Sneakers,44.88,5,0.15,190.74,South,Bank Transfer,Web,5,7
ORD000837,2024-11-17,CUST01366,Electronics,Smartphone,1334.04,2,0,2668.08,North,Debit Card,Phone,4,7
ORD000838,2024-02-23,CUST01597,Sports,Football,796.35,1,0.2,637.08,East,Mobile Money,Phone,5,3
ORD000839,2024-02-07,CUST01384,Home,Chair,209.83,4,0,839.32,West,Mobile Money,In-Store,4,12
ORD000840,2024-02-28,CUST00280,Books,Textbook,26.82,1,0,26.82,East,Mobile Money,Phone,5,8
ORD000841,2024-08-12,CUST01681,Electronics,Laptop,845.22,2,0.15,1436.87,East,Debit Card,Mobile App,3,14
ORD000842,2024-09-30,CUST00345,Electronics,Smartwatch,195.75,3,0,587.25,North,Credit Card,In-Store,5,3
ORD000843,2024-09-29,CUST01427,Books,Comic,14.79,1,0.15,12.57,North,Bank Transfer,Web,4,7
ORD000844,2024-07-12,CUST01903,Home,Blender,35.18,1,0,35.18,South,PayPal,Mobile App,5,4
ORD000845,2024-04-08,CUST00130,Electronics,Laptop,661.44,1,0,661.44,South,Credit Card,Mobile App,4,12
ORD000846,2024-06-16,CUST01284,Clothing,T-Shirt,68.2,1,0.2,54.56,South,Bank Transfer,Mobile App,4,9
ORD000847,2024-07-01,CUST00031,Books,Biography,11.64,2,0,23.28,West,PayPal,Web,3,7
ORD000848,2024-11-15,CUST00138,Clothing,Sneakers,40.81,3,0.15,104.07,South,Mobile Money,In-Store,5,13
ORD000849,2024-10-01,CUST01889,Sports,Dumbbell,786.82,1,0.15,668.8,Central,Debit Card,In-Store,5,2
ORD000850,2024-12-21,CUST00360,Sports,Yoga Mat,785.5,4,0.15,2670.7,East,Mobile Money,Web,3,6
ORD000851,2024-09-18,CUST00477,Electronics,Smartwatch,1372.55,4,0.05,5215.69,Central,Bank Transfer,Web,4,4
ORD000852,2024-05-01,CUST01551,Electronics,Smartwatch,1150.46,1,0,1150.46,South,Bank Transfer,Web,5,1
ORD000853,2024-07-11,CUST00078,Clothing,Jacket,79.82,2,0,159.64,South,Bank Transfer,Phone,3,12
ORD000854,2024-07-31,CUST00591,Home,Chair,122.08,1,0.1,109.87,North,Debit Card,In-Store,4,6
ORD000855,2024-12-17,CUST00456,Clothing,Jeans,85.5,2,0.2,136.8,Central,Mobile Money,In-Store,5,3
ORD000856,2024-04-08,CUST00290,Books,Guide,5.33,4,0,21.32,South,Debit Card,Web,2,3
ORD000857,2024-09-16,CUST01485,Sports,Tennis Racket,668.35,2,0,1336.7,West,PayPal,Mobile App,2,12
ORD000858,2024-06-04,CUST00919,Clothing,Jeans,69.36,5,0,346.8,South,PayPal,Phone,3,2
ORD000859,2024-08-04,CUST01506,Home,Blender,160.42,4,0.05,609.6,West,Debit Card,Phone,4,1
ORD000860,2024-10-02,CUST01489,Books,Biography,51.97,3,0.1,140.32,South,PayPal,Phone,3,8
ORD000861,2024-09-03,CUST00280,Home,Blender,124.04,5,0.1,558.18,West,Debit Card,Mobile App,2,4
ORD000862,2024-07-26,CUST01926,Electronics,Laptop,1299.4,3,0.05,3703.29,West,PayPal,Phone,5,8
ORD000863,2024-01-20,CUST00255,Home,Pillow,395.2,1,0.05,375.44,West,Bank Transfer,Mobile App,5,4
ORD000864,2024-12-29,CUST01411,Books,Comic,47.42,3,0.1,128.03,East,Credit Card,Phone,4,7
ORD000865,2024-12-27,CUST01429,Clothing,Jeans,76.88,3,0.15,196.04,South,PayPal,Phone,5,11
ORD000866,2024-03-23,CUST01579,Clothing,Jacket,44.64,5,0.15,189.72,North,Mobile Money,Phone,2,12
ORD000867,2024-03-25,CUST00518,Sports,Football,424.46,2,0.05,806.47,East,Bank Transfer,Phone,5,10
ORD000868,2024-11-21,CUST01634,Home,Pillow,173.47,1,0,173.47,East,Debit Card,In-Store,4,12
ORD000869,2024-03-27,CUST00004,Clothing,Socks,65.72,3,0,197.16,North,Credit Card,Phone,5,9
ORD000870,2024-03-31,CUST01442,Books,Guide,20.86,4,0,83.44,South,Debit Card,Phone,4,3
ORD000871,2024-04-12,CUST00375,Sports,Football,371.52,2,0,743.04,South,PayPal,Phone,2,8
ORD000872,2024-05-30,CUST00256,Sports,Football,697.32,2,0,1394.64,East,Credit Card,In-Store,2,1
ORD000873,2024-02-01,CUST01957,Sports,Basketball,392.76,1,0,392.76,North,Bank Transfer,Web,3,2
ORD000874,2024-09-23,CUST01560,Clothing,Hat,120.85,4,0.1,435.06,East,Mobile Money,Phone,5,13
ORD000875,2024-06-24,CUST01673,Home,Toaster,180.34,3,0.15,459.87,South,PayPal,Phone,5,7
ORD000876,2024-02-21,CUST01783,Sports,Football,780.74,3,0.2,1873.78,West,Debit Card,Web,2,10
ORD000877,2024-08-19,CUST01350,Electronics,Smartwatch,455.23,2,0,910.46,West,Bank Transfer,Phone,4,11
ORD000878,2024-11-20,CUST00094,Clothing,T-Shirt,148.07,3,0,444.21,East,Mobile Money,Mobile App,4,10
ORD000879,2024-08-07,CUST01929,Books,Biography,45.66,1,0,45.66,West,Credit Card,Phone,5,5
ORD000880,2024-09-15,CUST01020,Sports,Basketball,575.31,5,0.1,2588.9,North,PayPal,Phone,1,3
ORD000881,2024-05-04,CUST01543,Books,Novel,31.52,5,0,157.6,North,Credit Card,Phone,3,12
ORD000882,2024-05-23,CUST00528,Electronics,Smartphone,1397.06,3,0.05,3981.62,West,Credit Card,Mobile App,3,9
ORD000883,2024-04-24,CUST01570,Books,Novel,48.75,3,0.2,117.0,Central,Credit Card,In-Store,5,7
ORD000884,2024-08-11,CUST00458,Books,Guide,40.32,5,0.2,161.28,East,Credit Card,In-Store,5,2
ORD000885,2024-02-29,CUST00261,Electronics,Laptop,543.34,5,0,2716.7,East,Mobile Money,Web,4,5
ORD000886,2024-06-12,CUST01634,Electronics,Smartwatch,826.62,4,0.05,3141.16,South,Bank Transfer,Mobile App,5,2
ORD000887,2024-03-15,CUST00608,Books,Novel,34.61,4,0,138.44,South,Mobile Money,Phone,5,3
ORD000888,2024-06-12,CUST01411,Sports,Yoga Mat,133.78,1,0.1,120.4,North,PayPal,Phone,3,11
ORD000889,2024-06-19,CUST01468,Clothing,Sneakers,50.81,4,0,203.24,South,Debit Card,Web,3,14
ORD000890,2024-12-03,CUST00327,Clothing,Sneakers,111.84,3,0.2,268.42,North,Bank Transfer,Phone,5,6
ORD000891,2024-07-19,CUST01082,Books,Guide,31.04,3,0.2,74.5,East,PayPal,Mobile App,5,12
ORD000892,2024-10-24,CUST00111,Sports,Dumbbell,95.91,3,0.2,230.18,East,Mobile Money,Mobile App,5,10
ORD000893,2024-04-17,CUST01533,Clothing,Sneakers,107.43,3,0,322.29,South,Credit Card,In-Store,3,12
ORD000894,2024-08-06,CUST00345,Sports,Football,549.09,2,0.05,1043.27,North,Credit Card,In-Store,4,8
ORD000895,2024-06-22,CUST01987,Clothing,T-Shirt,26.43,5,0.15,112.33,South,Mobile Money,Mobile App,5,1
ORD000896,2024-11-01,CUST01337,Electronics,Smartphone,625.13,3,0.15,1594.08,West,Credit Card,Phone,5,14
ORD000897,2024-01-06,CUST00170,Books,Comic,39.78,4,0,159.12,North,Mobile Money,Mobile App,2,1
ORD000898,2024-12-21,CUST01627,Sports,Tennis Racket,790.13,4,0,3160.52,Central,Debit Card,Phone,5,8
ORD000899,2024-02-02,CUST01766,Books,Comic,36.43,1,0,36.43,Central,Debit Card,Phone,5,14
ORD000900,2024-09-28,CUST01063,Electronics,Headphones,856.29,5,0.2,3425.16,Central,Bank Transfer,Web,5,13
ORD000901,2024-11-02,CUST00011,Clothing,Socks,135.66,2,0.2,217.06,Central,Mobile Money,In-Store,5,2
ORD000902,2024-10-14,CUST01543,Electronics,Smartphone,883.87,2,0,1767.74,North,Credit Card,Web,3,9
ORD000903,2024-12-02,CUST00616,Home,Table,387.02,2,0.05,735.34,North,Bank Transfer,In-Store,1,11
ORD000904,2024-06-09,CUST00722,Sports,Dumbbell,129.09,4,0.15,438.91,Central,Bank Transfer,Mobile App,5,12
ORD000905,2024-04-06,CUST01754,Electronics,Camera,1238.66,2,0,2477.32,South,Debit Card,Mobile App,2,10
ORD000906,2024-02-08,CUST00534,Home,Table,64.47,5,0.05,306.23,West,Debit Card,Phone,4,8
ORD000907,2024-04-14,CUST01501,Electronics,Tablet,1030.96,2,0.1,1855.73,East,Debit Card,In-Store,2,10
ORD000908,2024-08-10,CUST01975,Sports,Tennis Racket,147.95,2,0,295.9,Central,Debit Card,Web,4,5
ORD000909,2024-02-03,CUST00183,Electronics,Smartwatch,209.49,5,0.05,995.08,East,PayPal,In-Store,3,3
ORD000910,2024-07-12,CUST01604,Clothing,Jacket,11.38,4,0,45.52,North,Debit Card,In-Store,5,10
ORD000911,2024-05-24,CUST01245,Books,Novel,34.09,5,0.2,136.36,North,Credit Card,Mobile App,5,6
ORD000912,2024-10-31,CUST00825,Books,Textbook,23.98,5,0.1,107.91,West,Bank Transfer,Mobile App,5,5
ORD000913,2024-03-05,CUST01163,Electronics,Camera,794.67,2,0.15,1350.94,East,Credit Card,In-Store,3,12
ORD000914,2024-08-12,CUST01636,Clothing,Socks,95.22,4,0,380.88,West,Bank Transfer,In-Store,5,5
ORD000915,2024-11-21,CUST01941,Books,Cookbook,56.79,2,0,113.58,East,Mobile Money,In-Store,5,14
ORD000916,2024-03-25,CUST00174,Electronics,Camera,165.24,2,0,330.48,East,Bank Transfer,Phone,4,13
ORD000917,2024-09-11,CUST01387,Electronics,Headphones,1031.7,2,0.05,1960.23,Central,Credit Card,Phone,4,1
ORD000918,2024-08-05,CUST01536,Sports,Basketball,730.49,1,0.15,620.92,East,Debit Card,Web,5,10
ORD000919,2024-03-30,CUST01720,Books,Textbook,42.1,5,0,210.5,South,Bank Transfer,In-Store,2,1
ORD000920,2024-06-22,CUST00512,Books,Biography,25.85,3,0,77.55,Central,Credit Card,In-Store,5,5
ORD000921,2024-11-19,CUST00446,Books,Comic,19.56,1,0.15,16.63,East,Bank Transfer,Web,5,8
ORD000922,2024-08-23,CUST00725,Sports,Dumbbell,64.85,1,0.1,58.37,North,Credit Card,In-Store,3,12
ORD000923,2024-09-08,CUST01084,Clothing,Sneakers,59.63,1,0.05,56.65,Central,Debit Card,Phone,3,2
ORD000924,2024-08-28,CUST00613,Books,Novel,13.56,3,0,40.68,East,Mobile Money,Mobile App,4,9
ORD000925,2024-03-12,CUST00889,Home,Lamp,395.91,4,0,1583.64,North,PayPal,Mobile App,4,2
ORD000926,2024-06-18,CUST00329,Clothing,Jacket,15.64,4,0.05,59.43,South,Mobile Money,In-Store,5,2
ORD000927,2024-07-23,CUST01892,Books,Biography,35.26,2,0,70.52,West,Debit Card,Web,4,2
ORD000928,2024-12-16,CUST01390,Electronics,Smartphone,275.54,5,0,1377.7,East,Mobile Money,Web,3,7
ORD000929,2024-08-07,CUST00313,Books,Comic,20.52,1,0.2,16.42,Central,Debit Card,Mobile App,4,5
ORD000930,2024-08-07,CUST01447,Electronics,Tablet,1491.67,2,0.15,2535.84,North,Bank Transfer,Mobile App,4,4
ORD000931,2024-03-08,CUST00561,Sports,Bicycle,514.89,2,0,1029.78,South,Debit Card,Phone,4,1
ORD000932,2024-07-27,CUST01434,Sports,Basketball,90.93,1,0.05,86.38,South,Debit Card,In-Store,4,7
ORD000933,2024-02-26,CUST00575,Books,Novel,33.04,1,0,33.04,East,Mobile Money,Mobile App,3,6
ORD000934,2024-06-13,CUST00967,Electronics,Smartphone,109.29,1,0.15,92.9,East,Bank Transfer,Web,4,7
ORD000935,2024-06-04,CUST01371,Clothing,Jacket,142.77,3,0,428.31,North,Bank Transfer,Mobile App,2,6
ORD000936,2024-11-05,CUST01332,Home,Pillow,326.86,5,0.1,1470.87,East,Debit Card,Phone,4,2
ORD000937,2024-01-22,CUST01869,Electronics,Smartphone,962.86,5,0,4814.3,South,Debit Card,Phone,4,2
ORD000938,2024-08-30,CUST00414,Electronics,Smartwatch,947.57,3,0.15,2416.3,Central,Debit Card,Web,5,3
ORD000939,2024-10-13,CUST01833,Clothing,Sneakers,87.07,3,0.2,208.97,East,Mobile Money,Web,5,7
ORD000940,2024-01-12,CUST00562,Electronics,Headphones,657.56,5,0.2,2630.24,South,PayPal,Web,4,10
ORD000941,2024-12-16,CUST01052,Electronics,Camera,325.78,4,0.05,1237.96,North,Debit Card,Phone,4,13
ORD000942,2024-11-06,CUST00377,Sports,Dumbbell,458.75,4,0.05,1743.25,North,Debit Card,Mobile App,3,10
ORD000943,2024-06-04,CUST00607,Electronics,Smartwatch,710.39,5,0,3551.95,East,Bank Transfer,Web,5,3
ORD000944,2024-11-23,CUST01810,Clothing,T-Shirt,84.7,3,0,254.1,East,Debit Card,In-Store,2,14
ORD000945,2024-02-29,CUST00712,Electronics,Camera,1471.03,2,0.1,2647.85,Central,PayPal,In-Store,1,2
ORD000946,2024-05-30,CUST00118,Sports,Yoga Mat,583.22,4,0.1,2099.59,North,PayPal,Mobile App,3,12
ORD000947,2024-12-02,CUST01594,Home,Chair,113.56,1,0.1,102.2,Central,Credit Card,Phone,5,11
ORD000948,2024-08-14,CUST00551,Home,Pillow,259.21,5,0,1296.05,South,Bank Transfer,Phone,3,3
ORD000949,2024-03-16,CUST00192,Books,Textbook,45.14,4,0,180.56,West,Debit Card,Phone,5,3
ORD000950,2024-05-24,CUST00334,Clothing,Jeans,89.75,2,0.15,152.57,South,Mobile Money,Mobile App,2,2
ORD000951,2024-07-25,CUST01079,Clothing,T-Shirt,69.7,4,0.15,236.98,South,Credit Card,Web,3,7
ORD000952,2024-11-25,CUST00271,Books,Novel,11.05,1,0.2,8.84,South,Credit Card,In-Store,5,3
ORD000953,2024-02-24,CUST01676,Sports,Football,638.07,1,0.2,510.46,East,Credit Card,Mobile App,5,3
ORD000954,2024-06-18,CUST00500,Books,Cookbook,54.08,2,0,108.16,North,Bank Transfer,In-Store,4,11
ORD000955,2024-10-05,CUST01048,Sports,Football,36.54,1,0,36.54,West,Debit Card,Web,3,4
ORD000956,2024-12-01,CUST01888,Electronics,Smartphone,669.35,2,0,1338.7,West,Credit Card,Phone,3,3
ORD000957,2024-02-09,CUST00243,Electronics,Smartphone,197.52,3,0,592.56,East,Credit Card,Web,4,10
ORD000958,2024-04-02,CUST00308,Clothing,Jeans,70.01,3,0.1,189.03,East,Bank Transfer,In-Store,4,6
ORD000959,2024-12-30,CUST01616,Electronics,Tablet,1378.54,3,0,4135.62,North,Debit Card,Mobile App,5,6
ORD000960,2024-02-04,CUST00876,Clothing,Sneakers,72.54,4,0.2,232.13,East,Debit Card,Web,3,6
ORD000961,2024-09-10,CUST01421,Clothing,Jeans,117.45,3,0,352.35,West,Bank Transfer,In-Store,4,3
ORD000962,2024-09-30,CUST01099,Clothing,Sneakers,68.61,4,0.1,247.0,South,Mobile Money,Web,4,10
ORD000963,2024-02-14,CUST00006,Books,Cookbook,36.78,2,0.15,62.53,South,Credit Card,In-Store,4,9
ORD000964,2024-07-03,CUST01776,Books,Textbook,55.65,1,0,55.65,South,PayPal,Phone,5,3
ORD000965,2024-03-11,CUST01425,Sports,Dumbbell,209.15,2,0,418.3,South,Mobile Money,Web,2,12
ORD000966,2024-10-24,CUST01716,Books,Comic,7.97,1,0.15,6.77,Central,Debit Card,Web,3,3
ORD000967,2024-10-18,CUST00853,Home,Chair,45.41,1,0,45.41,South,Debit Card,Phone,5,12
ORD000968,2024-07-29,CUST00910,Clothing,Socks,83.84,3,0.05,238.94,North,PayPal,Web,5,3
ORD000969,2024-03-23,CUST01706,Electronics,Camera,96.57,2,0.1,173.83,West,Mobile Money,In-Store,1,10
ORD000970,2024-05-19,CUST01069,Sports,Yoga Mat,573.3,4,0,2293.2,West,Debit Card,Mobile App,5,7
ORD000971,2024-10-13,CUST00159,Sports,Football,190.75,2,0.2,305.2,West,Mobile Money,In-Store,5,11
ORD000972,2024-08-05,CUST00223,Books,Biography,14.07,3,0.15,35.88,North,Credit Card,In-Store,4,10
ORD000973,2024-02-24,CUST01223,Home,Lamp,107.22,2,0.1,193.0,North,PayPal,Mobile App,2,9
ORD000974,2024-02-13,CUST01157,Clothing,Socks,140.09,2,0,280.18,North,Bank Transfer,Phone,5,1
ORD000975,2024-07-01,CUST01964,Electronics,Tablet,185.16,3,0,555.48,West,Bank Transfer,Mobile App,5,6
ORD000976,2024-12-11,CUST00835,Books,Guide,24.57,2,0.15,41.77,Central,Credit Card,Mobile App,3,1
ORD000977,2024-03-23,CUST00949,Sports,Dumbbell,392.02,1,0,392.02,North,Credit Card,Mobile App,3,4
ORD000978,2024-11-07,CUST01906,Clothing,Socks,32.55,5,0.1,146.47,East,Mobile Money,Mobile App,4,6
ORD000979,2024-12-30,CUST00794,Home,Table,255.04,4,0,1020.16,South,Debit Card,Web,5,3
ORD000980,2024-01-08,CUST01783,Sports,Bicycle,795.64,1,0.2,636.51,East,Bank Transfer,Web,3,8
ORD000981,2024-02-04,CUST00745,Electronics,Headphones,504.89,3,0,1514.67,East,Credit Card,Web,3,3
ORD000982,2024-08-14,CUST00288,Books,Comic,59.24,3,0.2,142.18,North,Bank Transfer,Phone,5,1
ORD000983,2024-03-07,CUST01050,Home,Table,169.36,5,0.15,719.78,Central,PayPal,In-Store,5,2
ORD000984,2024-11-25,CUST01620,Books,Cookbook,29.76,1,0.1,26.78,South,Bank Transfer,Web,2,3
ORD000985,2024-02-07,CUST01791,Electronics,Tablet,594.94,5,0.05,2825.96,West,Credit Card,In-Store,3,8
ORD000986,2024-02-13,CUST00222,Books,Guide,34.43,4,0,137.72,West,Mobile Money,Mobile App,3,7
ORD000987,2024-04-18,CUST00976,Home,Lamp,137.15,5,0.05,651.46,North,PayPal,Phone,5,1
ORD000988,2024-04-19,CUST00065,Sports,Basketball,759.86,2,0.15,1291.76,Central,Mobile Money,Web,4,13
ORD000989,2024-04-18,CUST01952,Home,Blender,391.75,2,0,783.5,West,PayPal,In-Store,5,11
ORD000990,2024-02-11,CUST01459,Clothing,T-Shirt,29.84,3,0.05,85.04,West,Mobile Money,Mobile App,3,11
ORD000991,2024-06-24,CUST00609,Home,Chair,334.76,1,0.05,318.02,South,Debit Card,In-Store,5,7
ORD000992,2024-08-11,CUST01420,Books,Biography,34.45,2,0.15,58.56,Central,Mobile Money,Web,5,9
ORD000993,2024-03-15,CUST01687,Sports,Basketball,80.69,5,0.1,363.11,East,Credit Card,Mobile App,3,8
ORD000994,2024-12-11,CUST01067,Clothing,Sneakers,131.0,1,0.2,104.8,North,Mobile Money,Mobile App,5,11
ORD000995,2024-04-21,CUST00385,Books,Guide,58.32,1,0,58.32,West,Bank Transfer,Mobile App,5,10
ORD000996,2024-10-22,CUST00759,Books,Textbook,24.14,2,0.15,41.04,East,Credit Card,In-Store,5,5
ORD000997,2024-07-29,CUST01697,Sports,Football,565.47,4,0.05,2148.79,Central,Mobile Money,In-Store,4,2
ORD000998,2024-10-31,CUST00893,Clothing,Sneakers,69.97,2,0.1,125.95,West,PayPal,Phone,3,11
ORD000999,2024-02-23,CUST00034,Home,Pillow,253.84,1,0,253.84,Central,Mobile Money,Web,2,8
ORD001000,2024-10-24,CUST01368,Sports,Tennis Racket,97.77,4,0.1,351.97,East,Mobile Money,Mobile App,5,4
ORD001001,2024-08-28,CUST00719,Books,Cookbook,25.96,2,0.2,41.54,West,Mobile Money,Phone,5,1
ORD001002,2024-05-15,CUST01849,Home,Chair,210.41,3,0.15,536.55,West,Debit Card,Web,4,7
ORD001003,2024-09-22,CUST01229,Electronics,Laptop,88.06,3,0.2,211.34,East,PayPal,Mobile App,5,10
ORD001004,2024-11-11,CUST01697,Books,Textbook,35.57,4,0,142.28,North,Bank Transfer,Phone,4,3
ORD001005,2024-03-22,CUST00204,Books,Guide,14.55,3,0.1,39.28,South,Bank Transfer,Web,4,11
ORD001006,2024-10-10,CUST00661,Sports,Dumbbell,677.56,3,0.2,1626.14,South,Credit Card,Web,4,1
ORD001007,2024-01-15,CUST01114,Books,Novel,39.59,5,0,197.95,North,Bank Transfer,Phone,4,1
ORD001008,2024-05-02,CUST00455,Clothing,Sneakers,98.82,3,0,296.46,East,Debit Card,Mobile App,4,12
ORD001009,2024-03-14,CUST01308,Books,Comic,41.26,3,0,123.78,Central,Credit Card,Web,4,8
ORD001010,2024-04-02,CUST01013,Sports,Football,103.52,3,0,310.56,East,Debit Card,Phone,2,2
ORD001011,2024-02-09,CUST00860,Books,Novel,27.76,4,0.15,94.38,West,PayPal,Phone,4,13
ORD001012,2024-10-17,CUST01751,Clothing,Jeans,51.83,2,0.15,88.11,North,Credit Card,In-Store,5,6
ORD001013,2024-09-24,CUST01898,Books,Cookbook,38.0,1,0,38.0,North,Debit Card,Web,5,9
ORD001014,2024-07-05,CUST00445,Electronics,Smartwatch,792.03,2,0,1584.06,North,PayPal,Mobile App,2,4
ORD001015,2024-05-20,CUST01953,Electronics,Camera,1052.82,2,0,2105.64,North,PayPal,In-Store,4,8
ORD001016,2024-05-08,CUST01408,Books,Biography,33.2,4,0,132.8,East,Mobile Money,Web,3,10
ORD001017,2024-09-06,CUST00914,Sports,Yoga Mat,149.21,2,0.15,253.66,West,Bank Transfer,In-Store,5,14
ORD001018,2024-04-12,CUST00766,Home,Toaster,56.41,4,0.05,214.36,North,Mobile Money,Mobile App,4,1
ORD001019,2024-11-26,CUST01087,Sports,Yoga Mat,477.76,3,0.1,1289.95,East,Mobile Money,Web,5,2
ORD001020,2024-05-05,CUST01346,Clothing,Jacket,70.11,2,0,140.22,East,PayPal,Mobile App,2,13
ORD001021,2024-06-17,CUST01163,Home,Lamp,18.71,1,0.15,15.9,East,Debit Card,Web,4,7
ORD001022,2024-10-14,CUST01245,Home,Toaster,96.69,2,0,193.38,North,Bank Transfer,Phone,3,11
ORD001023,2024-01-26,CUST01022,Books,Comic,49.74,2,0,99.48,North,PayPal,Phone,5,2
ORD001024,2024-07-15,CUST00044,Electronics,Headphones,298.15,3,0.1,805.01,East,Credit Card,Web,3,8
ORD001025,2024-09-30,CUST00081,Home,Chair,339.03,4,0,1356.12,East,Credit Card,Web,5,8
ORD001026,2024-06-26,CUST01140,Electronics,Headphones,1098.72,3,0,3296.16,East,Mobile Money,Web,4,7
ORD001027,2024-11-24,CUST00249,Home,Pillow,393.83,4,0.2,1260.26,East,Bank Transfer,Web,5,1
ORD001028,2024-06-14,CUST01484,Clothing,T-Shirt,125.56,2,0,251.12,West,Debit Card,Mobile App,5,2
ORD001029,2024-10-02,CUST01914,Clothing,Socks,136.32,3,0.2,327.17,North,PayPal,Web,5,2
ORD001030,2024-11-09,CUST00778,Electronics,Tablet,158.81,3,0.15,404.97,East,Debit Card,Mobile App,5,10
ORD001031,2024-10-26,CUST01979,Books,Novel,11.95,2,0.2,19.12,West,Mobile Money,Web,5,9
ORD001032,2024-06-13,CUST00989,Sports,Basketball,470.75,4,0,1883.0,South,Credit Card,In-Store,5,13
ORD001033,2024-05-04,CUST01506,Home,Pillow,46.88,5,0.2,187.52,South,Credit Card,Web,5,8
ORD001034,2024-07-16,CUST00215,Electronics,Smartphone,69.04,2,0.05,131.18,East,Debit Card,In-Store,3,13
ORD001035,2024-09-15,CUST00267,Home,Pillow,189.8,2,0.2,303.68,South,PayPal,Phone,3,8
ORD001036,2024-02-05,CUST00337,Sports,Tennis Racket,178.36,4,0,713.44,East,Bank Transfer,Web,3,3
ORD001037,2024-08-23,CUST00059,Books,Novel,45.98,2,0,91.96,West,Bank Transfer,Phone,3,6
ORD001038,2024-08-08,CUST00813,Home,Lamp,371.87,1,0,371.87,Central,Mobile Money,In-Store,3,1
ORD001039,2024-07-14,CUST00866,Books,Comic,25.34,1,0.15,21.54,South,PayPal,Mobile App,5,7
ORD001040,2024-09-22,CUST01396,Clothing,Hat,48.63,5,0.05,230.99,North,Debit Card,Web,4,4
ORD001041,2024-05-02,CUST00207,Electronics,Laptop,1347.83,5,0,6739.15,East,Debit Card,Phone,2,7
ORD001042,2024-04-15,CUST00417,Books,Novel,17.09,3,0.05,48.71,East,PayPal,In-Store,3,12
ORD001043,2024-06-05,CUST01409,Electronics,Laptop,318.36,5,0.05,1512.21,South,Debit Card,In-Store,5,11
ORD001044,2024-01-07,CUST00877,Electronics,Smartphone,321.65,4,0,1286.6,East,Credit Card,Mobile App,4,5
ORD001045,2024-06-29,CUST01195,Electronics,Smartphone,1034.84,1,0.1,931.36,North,Mobile Money,Mobile App,5,8
ORD001046,2024-05-28,CUST01076,Electronics,Laptop,1237.44,5,0.15,5259.12,Central,Debit Card,Mobile App,5,13
ORD001047,2024-09-08,CUST01118,Electronics,Laptop,491.67,3,0.05,1401.26,East,Mobile Money,In-Store,5,6
ORD001048,2024-06-19,CUST01587,Books,Novel,50.53,3,0.15,128.85,Central,Mobile Money,Web,5,5
ORD001049,2024-04-22,CUST00291,Sports,Bicycle,519.04,2,0.05,986.18,East,Mobile Money,Web,4,4
ORD001050,2024-04-15,CUST00397,Sports,Bicycle,562.73,4,0,2250.92,West,Credit Card,In-Store,5,11
ORD001051,2024-05-15,CUST00715,Sports,Dumbbell,790.12,5,0,3950.6,East,Mobile Money,Phone,5,5
ORD001052,2024-06-24,CUST00252,Home,Chair,30.82,5,0.15,130.99,West,Mobile Money,In-Store,5,5
ORD001053,2024-12-14,CUST01980,Electronics,Laptop,773.44,2,0.05,1469.54,East,Bank Transfer,Mobile App,3,5
ORD001054,2024-08-20,CUST00580,Books,Comic,8.55,3,0,25.65,Central,Credit Card,Web,1,8
ORD001055,2024-05-08,CUST01800,Home,Lamp,180.67,1,0,180.67,East,Bank Transfer,Mobile App,2,2
ORD001056,2024-10-26,CUST00596,Home,Chair,398.43,2,0.05,757.02,South,Credit Card,Phone,5,6
ORD001057,2024-02-20,CUST01885,Clothing,Socks,99.19,4,0.05,376.92,East,Bank Transfer,In-Store,5,3
ORD001058,2024-10-23,CUST01573,Sports,Dumbbell,549.56,3,0.2,1318.94,South,PayPal,Mobile App,3,7
ORD001059,2024-10-17,CUST00945,Sports,Basketball,254.83,1,0,254.83,Central,Debit Card,Phone,5,13
ORD001060,2024-06-09,CUST01404,Books,Novel,12.62,4,0.15,42.91,East,Mobile Money,In-Store,5,7
ORD001061,2024-10-13,CUST01571,Books,Biography,57.88,4,0,231.52,West,Credit Card,Mobile App,1,10
ORD001062,2024-11-13,CUST01159,Home,Chair,238.42,3,0,715.26,East,Credit Card,Phone,4,3
ORD001063,2024-01-28,CUST00554,Books,Guide,5.33,5,0.05,25.32,North,PayPal,Web,2,14
ORD001064,2024-02-01,CUST01198,Home,Toaster,200.37,3,0.2,480.89,Central,Credit Card,Mobile App,3,9
ORD001065,2024-04-24,CUST01311,Clothing,Hat,113.66,4,0,454.64,South,PayPal,In-Store,5,12
ORD001066,2024-02-04,CUST01237,Electronics,Headphones,954.31,2,0,1908.62,North,Bank Transfer,Web,1,4
ORD001067,2024-07-19,CUST00250,Clothing,T-Shirt,76.32,5,0.05,362.52,East,Mobile Money,Phone,2,3
ORD001068,2024-08-12,CUST01264,Clothing,Hat,46.44,5,0.15,197.37,North,Mobile Money,Mobile App,5,11
ORD001069,2024-09-18,CUST01120,Electronics,Smartphone,255.44,2,0,510.88,South,Mobile Money,Phone,5,5
ORD001070,2024-07-07,CUST00802,Home,Pillow,53.51,5,0.05,254.17,West,Credit Card,Phone,4,7
ORD001071,2024-10-15,CUST01189,Books,Textbook,6.54,4,0,26.16,East,Credit Card,Phone,4,1
ORD001072,2024-01-05,CUST00733,Home,Chair,195.14,4,0,780.56,Central,Bank Transfer,Mobile App,5,6
ORD001073,2024-03-18,CUST01473,Sports,Dumbbell,420.18,2,0.15,714.31,Central,PayPal,Phone,5,12
ORD001074,2024-02-04,CUST01322,Clothing,Jacket,119.89,3,0.05,341.69,West,Mobile Money,Phone,5,10
ORD001075,2024-12-03,CUST00266,Clothing,Hat,109.19,5,0.2,436.76,East,Bank Transfer,In-Store,5,10
ORD001076,2024-03-22,CUST01363,Sports,Dumbbell,72.7,1,0.2,58.16,North,Mobile Money,Phone,4,6
ORD001077,2024-07-15,CUST00861,Clothing,Socks,121.38,1,0,121.38,North,Credit Card,In-Store,5,2
ORD001078,2024-11-19,CUST01892,Electronics,Camera,155.68,3,0.1,420.34,South,PayPal,Web,5,12
ORD001079,2024-04-12,CUST01006,Books,Biography,12.33,5,0.1,55.48,West,PayPal,Mobile App,3,4
ORD001080,2024-10-25,CUST01966,Clothing,Sneakers,123.94,2,0,247.88,North,Debit Card,Web,1,13
ORD001081,2024-10-06,CUST00698,Clothing,T-Shirt,60.34,4,0.1,217.22,South,Bank Transfer,Phone,5,4
ORD001082,2024-07-01,CUST01145,Clothing,Hat,125.86,5,0,629.3,South,Credit Card,Phone,4,7
ORD001083,2024-09-21,CUST00242,Books,Novel,36.3,2,0.2,58.08,West,Debit Card,Web,4,10
ORD001084,2024-05-08,CUST00733,Sports,Yoga Mat,37.58,3,0.2,90.19,North,Debit Card,In-Store,5,2
ORD001085,2024-09-13,CUST01267,Sports,Tennis Racket,208.29,5,0.1,937.3,North,Bank Transfer,Web,3,10
ORD001086,2024-08-03,CUST00686,Books,Comic,40.93,1,0,40.93,North,Debit Card,Mobile App,3,9
ORD001087,2024-09-09,CUST01942,Home,Pillow,366.24,1,0,366.24,Central,Bank Transfer,Web,2,6
ORD001088,2024-10-09,CUST00266,Electronics,Headphones,917.31,5,0,4586.55,East,Credit Card,Web,4,1
ORD001089,2024-09-01,CUST01741,Books,Cookbook,17.39,3,0.05,49.56,South,Credit Card,Web,3,1
ORD001090,2024-12-16,CUST01132,Clothing,Hat,95.14,4,0.15,323.48,West,Credit Card,Phone,5,13
ORD001091,2024-03-11,CUST00242,Books,Guide,11.89,4,0.1,42.8,Central,PayPal,In-Store,2,4
ORD001092,2024-02-17,CUST00466,Home,Blender,368.46,2,0,736.92,West,Bank Transfer,Web,4,13
ORD001093,2024-01-30,CUST00370,Electronics,Camera,412.39,1,0,412.39,East,Credit Card,In-Store,2,6
ORD001094,2024-11-06,CUST01347,Sports,Bicycle,714.53,3,0,2143.59,North,Credit Card,Web,4,5
ORD001095,2024-04-22,CUST00620,Sports,Basketball,406.04,3,0.2,974.5,East,Bank Transfer,In-Store,5,14
ORD001096,2024-10-04,CUST00111,Clothing,Hat,135.02,3,0.15,344.3,East,Mobile Money,Phone,5,5
ORD001097,2024-06-05,CUST00432,Electronics,Smartphone,1372.47,5,0,6862.35,North,PayPal,Mobile App,5,1
ORD001098,2024-01-11,CUST00070,Clothing,Socks,71.64,4,0,286.56,East,PayPal,Phone,4,5
ORD001099,2024-09-10,CUST00784,Electronics,Laptop,454.68,5,0.05,2159.73,West,Mobile Money,Web,1,4
ORD001100,2024-01-27,CUST00065,Clothing,Sneakers,35.82,4,0.1,128.95,Central,PayPal,Web,4,10
ORD001101,2024-01-15,CUST01699,Home,Table,326.94,5,0,1634.7,Central,Mobile Money,Phone,3,13
ORD001102,2024-09-30,CUST01173,Electronics,Laptop,852.28,3,0.2,2045.47,Central,Bank Transfer,In-Store,5,3
ORD001103,2024-01-08,CUST01398,Books,Biography,46.01,2,0,92.02,East,Credit Card,Mobile App,3,13
ORD001104,2024-11-11,CUST00551,Sports,Yoga Mat,283.28,4,0,1133.12,East,Bank Transfer,Web,3,2
ORD001105,2024-04-01,CUST00036,Home,Toaster,269.4,3,0.2,646.56,West,Credit Card,Phone,5,1
ORD001106,2024-07-28,CUST01923,Home,Blender,260.53,5,0,1302.65,North,PayPal,In-Store,2,2
ORD001107,2024-09-10,CUST01291,Books,Textbook,19.19,3,0,57.57,South,Debit Card,Web,2,4
ORD001108,2024-08-13,CUST00086,Electronics,Camera,105.83,5,0.2,423.32,Central,Debit Card,Web,5,12
ORD001109,2024-01-23,CUST00717,Home,Table,21.21,3,0.1,57.27,North,Credit Card,Phone,4,2
ORD001110,2024-07-09,CUST01395,Sports,Football,204.84,3,0.1,553.07,West,Credit Card,Phone,5,5
ORD001111,2024-07-27,CUST00768,Clothing,T-Shirt,55.72,3,0,167.16,West,PayPal,Web,5,3
ORD001112,2024-01-14,CUST00434,Home,Lamp,126.99,2,0.1,228.58,East,Bank Transfer,In-Store,2,4
ORD001113,2024-11-28,CUST00159,Books,Cookbook,6.79,2,0.05,12.9,South,Bank Transfer,Phone,2,9
ORD001114,2024-12-03,CUST00904,Electronics,Smartwatch,1207.4,5,0.05,5735.15,East,PayPal,Mobile App,4,14
ORD001115,2024-07-04,CUST00645,Sports,Yoga Mat,730.63,3,0,2191.89,North,Debit Card,Phone,3,12
ORD001116,2024-02-09,CUST01339,Books,Comic,9.38,5,0.1,42.21,West,Bank Transfer,Mobile App,5,8
ORD001117,2024-05-05,CUST00835,Books,Textbook,36.31,2,0.1,65.36,Central,Debit Card,In-Store,5,13
ORD001118,2024-08-03,CUST00304,Home,Table,135.83,1,0.05,129.04,Central,Mobile Money,Mobile App,4,3
ORD001119,2024-10-10,CUST00963,Books,Novel,14.17,4,0,56.68,North,Debit Card,Web,5,14
ORD001120,2024-09-20,CUST01882,Books,Novel,42.95,1,0,42.95,West,Mobile Money,In-Store,5,3
ORD001121,2024-06-21,CUST01840,Books,Guide,35.63,3,0,106.89,East,Bank Transfer,Web,5,12
ORD001122,2024-07-28,CUST01517,Electronics,Laptop,1121.19,3,0.05,3195.39,West,PayPal,Phone,4,12
ORD001123,2024-09-17,CUST01835,Clothing,Socks,35.68,5,0.2,142.72,North,Bank Transfer,In-Store,3,11
ORD001124,2024-10-28,CUST01584,Books,Biography,22.62,2,0.1,40.72,North,Debit Card,In-Store,3,8
ORD001125,2024-09-17,CUST00874,Home,Lamp,232.19,5,0.1,1044.85,East,PayPal,Phone,5,6
ORD001126,2024-09-22,CUST01802,Clothing,Jeans,15.87,2,0.05,30.15,Central,PayPal,Web,3,6
ORD001127,2024-08-12,CUST00347,Home,Chair,60.64,3,0.05,172.82,East,PayPal,Web,3,4
ORD001128,2024-09-17,CUST00057,Home,Chair,51.95,5,0.2,207.8,Central,Credit Card,Mobile App,5,1
ORD001129,2024-08-06,CUST01067,Books,Novel,25.32,3,0.1,68.36,South,Mobile Money,In-Store,5,2
ORD001130,2024-02-14,CUST00571,Electronics,Headphones,1338.88,4,0,5355.52,North,PayPal,Web,5,12
ORD001131,2024-06-20,CUST01292,Clothing,Socks,20.41,2,0.1,36.74,Central,Credit Card,In-Store,3,1
ORD001132,2024-04-07,CUST01354,Books,Novel,56.28,5,0,281.4,North,Credit Card,Mobile App,5,3
ORD001133,2024-04-10,CUST00311,Sports,Dumbbell,700.25,2,0.15,1190.43,West,Debit Card,Phone,4,5
ORD001134,2024-04-19,CUST00138,Clothing,Jeans,98.87,1,0.1,88.98,West,Bank Transfer,Mobile App,1,12
ORD001135,2024-07-13,CUST00481,Clothing,T-Shirt,68.54,3,0.1,185.06,East,Mobile Money,Mobile App,4,5
ORD001136,2024-11-18,CUST00732,Clothing,Jacket,103.52,4,0.2,331.26,Central,Mobile Money,In-Store,5,2
ORD001137,2024-08-16,CUST01357,Clothing,T-Shirt,144.81,3,0.05,412.71,West,Credit Card,Mobile App,3,8
ORD001138,2024-03-06,CUST00991,Home,Pillow,58.71,4,0.15,199.61,West,Bank Transfer,Phone,5,11
ORD001139,2024-07-28,CUST01581,Clothing,T-Shirt,50.73,5,0,253.65,East,PayPal,In-Store,2,7
ORD001140,2024-05-17,CUST00449,Books,Biography,28.39,3,0,85.17,East,Credit Card,In-Store,4,8
ORD001141,2024-04-15,CUST00226,Books,Textbook,36.49,2,0.1,65.68,Central,Bank Transfer,In-Store,5,3
ORD001142,2024-07-13,CUST01444,Sports,Tennis Racket,35.54,1,0.2,28.43,East,PayPal,Web,3,11
ORD001143,2024-03-21,CUST00811,Electronics,Smartwatch,355.17,5,0,1775.85,South,PayPal,Mobile App,5,6
ORD001144,2024-01-19,CUST01547,Home,Blender,98.01,2,0,196.02,Central,Credit Card,Phone,5,13
ORD001145,2024-04-27,CUST01410,Books,Novel,13.63,3,0,40.89,South,Credit Card,In-Store,4,12
ORD001146,2024-05-18,CUST00157,Electronics,Headphones,1000.15,2,0.2,1600.24,North,Bank Transfer,Phone,5,1
ORD001147,2024-02-18,CUST01624,Electronics,Camera,1253.86,5,0,6269.3,West,Debit Card,In-Store,5,13
ORD001148,2024-05-20,CUST00205,Home,Blender,212.26,1,0,212.26,East,Bank Transfer,Phone,4,7
ORD001149,2024-05-22,CUST01859,Home,Blender,50.83,4,0.1,182.99,Central,Bank Transfer,Mobile App,4,7
ORD001150,2024-10-06,CUST00927,Electronics,Headphones,1104.96,3,0.2,2651.9,South,Bank Transfer,Web,5,7
ORD001151,2024-11-25,CUST00295,Clothing,Sneakers,61.78,5,0,308.9,North,Credit Card,Mobile App,3,4
ORD001152,2024-11-11,CUST01072,Books,Cookbook,18.75,2,0.05,35.62,Central,Debit Card,Web,5,13
ORD001153,2024-03-18,CUST01412,Books,Comic,27.65,3,0.2,66.36,Central,Bank Transfer,Phone,2,14
ORD001154,2024-09-07,CUST00642,Electronics,Tablet,1051.08,5,0.2,4204.32,South,PayPal,Phone,5,12
ORD001155,2024-08-05,CUST00770,Books,Cookbook,35.51,1,0,35.51,South,Credit Card,Mobile App,4,9
ORD001156,2024-08-05,CUST01283,Electronics,Smartphone,336.18,1,0,336.18,Central,Mobile Money,Mobile App,4,12
ORD001157,2024-08-10,CUST01475,Sports,Dumbbell,331.54,3,0,994.62,East,Bank Transfer,In-Store,5,10
ORD001158,2024-09-24,CUST01645,Home,Toaster,265.33,2,0,530.66,Central,PayPal,In-Store,4,8
ORD001159,2024-09-25,CUST00971,Books,Textbook,56.49,2,0,112.98,North,PayPal,Phone,5,3
ORD001160,2024-12-25,CUST01422,Clothing,Sneakers,19.39,1,0,19.39,North,Bank Transfer,Phone,3,6
ORD001161,2024-02-04,CUST01146,Electronics,Laptop,956.21,5,0,4781.05,South,PayPal,Web,4,4
ORD001162,2024-06-05,CUST01571,Home,Table,330.99,4,0.1,1191.56,West,PayPal,Mobile App,4,2
ORD001163,2024-04-01,CUST00210,Sports,Basketball,100.32,2,0,200.64,South,Bank Transfer,Phone,3,6
ORD001164,2024-08-30,CUST00006,Sports,Tennis Racket,491.72,5,0.15,2089.81,South,Debit Card,Web,4,13
ORD001165,2024-01-01,CUST01835,Sports,Basketball,131.8,4,0.2,421.76,North,Debit Card,Phone,4,7
ORD001166,2024-10-13,CUST01585,Books,Comic,21.64,1,0,21.64,West,Mobile Money,In-Store,4,5
ORD001167,2024-04-19,CUST01937,Sports,Yoga Mat,433.93,5,0.2,1735.72,East,Debit Card,Phone,5,9
ORD001168,2024-03-02,CUST00892,Books,Biography,43.23,3,0.15,110.24,East,Debit Card,Web,5,14
ORD001169,2024-08-05,CUST01147,Home,Blender,311.74,3,0.15,794.94,South,Mobile Money,In-Store,4,3
ORD001170,2024-01-03,CUST00673,Electronics,Smartphone,691.02,5,0,3455.1,North,PayPal,In-Store,4,9
ORD001171,2024-09-02,CUST01425,Electronics,Smartwatch,445.89,3,0.15,1137.02,East,PayPal,Web,5,10
ORD001172,2024-08-20,CUST00970,Electronics,Camera,1394.98,5,0.15,5928.67,Central,Credit Card,Web,5,6
ORD001173,2024-03-31,CUST00270,Electronics,Smartwatch,1346.68,2,0.15,2289.36,North,Mobile Money,Web,5,1
ORD001174,2024-10-05,CUST01747,Books,Guide,44.08,3,0,132.24,South,Bank Transfer,Web,3,6
ORD001175,2024-07-06,CUST01927,Home,Pillow,80.15,5,0.15,340.64,West,Mobile Money,Web,5,2
ORD001176,2024-03-29,CUST00565,Clothing,Hat,30.65,3,0,91.95,Central,Debit Card,Phone,4,3
ORD001177,2024-06-23,CUST01713,Electronics,Tablet,446.96,3,0,1340.88,North,Bank Transfer,Phone,4,2
ORD001178,2024-06-11,CUST01978,Electronics,Laptop,314.63,1,0,314.63,North,Debit Card,Web,4,4
ORD001179,2024-12-14,CUST01847,Home,Blender,46.29,2,0,92.58,South,Debit Card,In-Store,4,1
ORD001180,2024-10-16,CUST00463,Books,Guide,20.79,3,0,62.37,South,PayPal,Mobile App,3,3
ORD001181,2024-09-07,CUST00745,Home,Table,283.56,3,0,850.68,East,Bank Transfer,Phone,4,14
ORD001182,2024-03-20,CUST00432,Clothing,T-Shirt,142.95,5,0.05,679.01,West,PayPal,In-Store,4,4
ORD001183,2024-05-17,CUST01584,Home,Pillow,387.87,5,0.2,1551.48,South,PayPal,Mobile App,3,8
ORD001184,2024-11-19,CUST00287,Home,Lamp,369.94,5,0.15,1572.25,West,Bank Transfer,In-Store,4,6
ORD001185,2024-12-25,CUST00735,Sports,Dumbbell,533.48,1,0,533.48,North,Debit Card,Phone,2,8
ORD001186,2024-07-02,CUST00957,Home,Table,264.43,1,0,264.43,Central,Debit Card,Web,3,8
ORD001187,2024-07-23,CUST00499,Sports,Dumbbell,482.99,4,0.15,1642.17,East,PayPal,In-Store,5,8
ORD001188,2024-09-16,CUST00873,Books,Comic,7.21,2,0.2,11.54,East,Bank Transfer,Phone,3,10
ORD001189,2024-12-23,CUST00407,Electronics,Smartphone,792.7,3,0.1,2140.29,Central,Debit Card,Mobile App,5,11
ORD001190,2024-03-13,CUST00940,Home,Lamp,388.58,3,0.2,932.59,West,Debit Card,Phone,5,1
ORD001191,2024-02-11,CUST01757,Clothing,Jeans,133.61,3,0,400.83,South,Mobile Money,Web,3,12
ORD001192,2024-09-01,CUST00205,Clothing,Jeans,105.86,3,0,317.58,West,Bank Transfer,Phone,3,12
ORD001193,2024-05-04,CUST00197,Clothing,Sneakers,103.58,4,0.15,352.17,West,Debit Card,In-Store,5,13
ORD001194,2024-12-11,CUST00870,Clothing,Sneakers,118.26,3,0.2,283.82,Central,Mobile Money,Web,5,6
ORD001195,2024-04-23,CUST00365,Books,Guide,45.72,5,0,228.6,South,PayPal,In-Store,5,6
ORD001196,2024-11-26,CUST01024,Sports,Football,496.24,4,0,1984.96,South,Credit Card,Mobile App,3,5
ORD001197,2024-03-18,CUST00793,Books,Novel,23.68,2,0.05,44.99,West,Credit Card,In-Store,3,7
ORD001198,2024-02-24,CUST00170,Clothing,Jeans,65.75,5,0.2,263.0,East,Credit Card,Phone,5,13
ORD001199,2024-07-15,CUST00024,Electronics,Smartphone,512.59,5,0.1,2306.65,West,Mobile Money,Phone,4,13
ORD001200,2024-08-18,CUST01600,Electronics,Tablet,666.22,1,0.1,599.6,West,PayPal,In-Store,4,2
ORD001201,2024-12-11,CUST00015,Clothing,Sneakers,84.44,4,0.2,270.21,East,Bank Transfer,In-Store,3,4
ORD001202,2024-01-25,CUST00082,Sports,Tennis Racket,587.55,4,0.05,2232.69,North,Mobile Money,Phone,4,6
ORD001203,2024-06-21,CUST01571,Electronics,Smartwatch,1045.26,3,0.05,2978.99,North,Bank Transfer,In-Store,4,3
ORD001204,2024-06-01,CUST01221,Home,Table,175.57,4,0,702.28,North,PayPal,Web,4,9
ORD001205,2024-03-05,CUST01297,Books,Textbook,14.64,5,0,73.2,West,Mobile Money,In-Store,5,6
ORD001206,2024-08-22,CUST00669,Books,Guide,38.95,5,0.1,175.27,East,Credit Card,Mobile App,1,10
ORD001207,2024-11-22,CUST00866,Electronics,Headphones,793.32,1,0,793.32,West,Credit Card,Mobile App,5,12
ORD001208,2024-08-09,CUST01626,Home,Pillow,266.36,1,0.2,213.09,South,Bank Transfer,In-Store,5,5
ORD001209,2024-01-26,CUST00969,Sports,Tennis Racket,440.54,2,0.15,748.92,South,Mobile Money,In-Store,5,12
ORD001210,2024-07-23,CUST01389,Clothing,Jacket,80.22,1,0.1,72.2,East,PayPal,Web,5,7
ORD001211,2024-05-16,CUST01619,Clothing,T-Shirt,119.49,2,0,238.98,East,Credit Card,Mobile App,4,4
ORD001212,2024-05-27,CUST01248,Electronics,Camera,520.68,1,0.1,468.61,West,Bank Transfer,Phone,5,11
ORD001213,2024-01-07,CUST00655,Sports,Yoga Mat,442.34,4,0.1,1592.42,East,Mobile Money,Mobile App,3,8
ORD001214,2024-07-18,CUST00067,Books,Textbook,34.27,2,0.15,58.26,Central,Credit Card,Phone,4,9
ORD001215,2024-06-04,CUST00646,Home,Lamp,94.91,5,0,474.55,West,Mobile Money,Web,3,3
ORD001216,2024-08-08,CUST01567,Sports,Tennis Racket,150.05,3,0.1,405.13,North,PayPal,Phone,4,4
ORD001217,2024-03-04,CUST00448,Books,Cookbook,12.24,5,0.2,48.96,South,Credit Card,In-Store,3,3
ORD001218,2024-06-29,CUST00857,Clothing,Socks,147.05,5,0.05,698.49,Central,PayPal,In-Store,5,13
ORD001219,2024-10-01,CUST00462,Home,Pillow,55.67,3,0.1,150.31,West,Mobile Money,Phone,4,5
ORD001220,2024-05-27,CUST01700,Books,Textbook,55.82,2,0.05,106.06,East,Mobile Money,Mobile App,1,11
ORD001221,2024-07-29,CUST00060,Electronics,Headphones,891.23,4,0.05,3386.67,Central,Debit Card,Mobile App,3,10
ORD001222,2024-07-28,CUST00666,Sports,Tennis Racket,799.15,5,0.1,3596.17,Central,Debit Card,Mobile App,5,10
ORD001223,2024-11-03,CUST01340,Books,Guide,10.0,3,0,30.0,West,Bank Transfer,Mobile App,5,14
ORD001224,2024-08-29,CUST01887,Clothing,Sneakers,61.67,2,0,123.34,South,PayPal,Mobile App,5,5
ORD001225,2024-05-05,CUST00909,Electronics,Laptop,350.16,4,0.05,1330.61,South,Debit Card,Phone,4,9
ORD001226,2024-08-24,CUST00144,Electronics,Smartwatch,1264.92,2,0,2529.84,North,Credit Card,Phone,5,14
ORD001227,2024-08-01,CUST01810,Sports,Dumbbell,692.49,1,0.2,553.99,Central,Credit Card,Web,5,8
ORD001228,2024-01-21,CUST01468,Books,Guide,8.29,4,0.2,26.53,Central,Mobile Money,Phone,5,13
ORD001229,2024-10-23,CUST00229,Electronics,Laptop,261.68,3,0.2,628.03,South,PayPal,Phone,5,11
ORD001230,2024-05-15,CUST01315,Home,Chair,366.5,4,0,1466.0,North,Mobile Money,Phone,2,13
ORD001231,2024-08-18,CUST01164,Clothing,Jacket,57.94,4,0,231.76,East,Bank Transfer,Web,4,13
ORD001232,2024-07-08,CUST01462,Clothing,Jeans,83.05,1,0,83.05,East,PayPal,Mobile App,4,10
ORD001233,2024-12-21,CUST01245,Home,Blender,289.54,3,0,868.62,East,Mobile Money,In-Store,2,11
ORD001234,2024-03-16,CUST00532,Clothing,T-Shirt,129.13,5,0,645.65,East,Bank Transfer,Phone,4,8
ORD001235,2024-09-13,CUST00767,Sports,Basketball,778.47,2,0.1,1401.25,West,Mobile Money,Mobile App,3,14
ORD001236,2024-12-08,CUST00702,Sports,Dumbbell,156.8,4,0,627.2,South,PayPal,Mobile App,5,4
ORD001237,2024-04-10,CUST00941,Clothing,Jacket,95.21,1,0.15,80.93,Central,Credit Card,Mobile App,5,12
ORD001238,2024-02-20,CUST01040,Clothing,Jacket,102.99,4,0.15,350.17,North,PayPal,Web,5,13
ORD001239,2024-05-11,CUST00375,Electronics,Headphones,871.72,2,0,1743.44,South,Debit Card,Phone,5,3
ORD001240,2024-04-07,CUST01879,Electronics,Smartwatch,435.36,3,0,1306.08,North,Debit Card,In-Store,5,1
ORD001241,2024-08-25,CUST01806,Clothing,Jeans,44.15,5,0.05,209.71,North,PayPal,Web,2,4
ORD001242,2024-02-21,CUST00441,Books,Novel,29.3,4,0,117.2,Central,Mobile Money,In-Store,4,10
ORD001243,2024-08-14,CUST00399,Electronics,Smartwatch,673.15,1,0.15,572.18,Central,Bank Transfer,Phone,5,1
ORD001244,2024-03-31,CUST00990,Home,Blender,246.52,4,0.15,838.17,Central,PayPal,In-Store,4,5
ORD001245,2024-06-07,CUST00229,Sports,Basketball,286.09,5,0.1,1287.41,South,Mobile Money,Web,4,6
ORD001246,2024-08-09,CUST00194,Sports,Dumbbell,406.71,2,0,813.42,West,PayPal,Mobile App,4,4
ORD001247,2024-06-12,CUST00967,Electronics,Smartphone,359.16,5,0,1795.8,North,PayPal,Mobile App,5,10
ORD001248,2024-03-28,CUST01250,Clothing,Jacket,31.89,4,0.2,102.05,South,PayPal,Phone,5,11
ORD001249,2024-05-14,CUST01754,Sports,Dumbbell,628.21,3,0,1884.63,East,PayPal,Mobile App,4,5
ORD001250,2024-06-06,CUST00806,Home,Pillow,151.26,3,0.05,431.09,West,Credit Card,Phone,4,1
ORD001251,2024-05-20,CUST01443,Books,Comic,40.52,2,0.05,76.99,South,Debit Card,In-Store,1,5
ORD001252,2024-10-12,CUST00409,Home,Lamp,138.91,4,0,555.64,South,Bank Transfer,Phone,4,14
ORD001253,2024-09-02,CUST01215,Home,Lamp,43.65,2,0,87.3,West,Credit Card,Phone,5,12
ORD001254,2024-07-11,CUST00115,Books,Textbook,20.41,5,0.1,91.84,East,PayPal,In-Store,2,8
ORD001255,2024-07-30,CUST01790,Home,Lamp,196.66,1,0,196.66,South,Bank Transfer,In-Store,5,10
ORD001256,2024-10-20,CUST01354,Clothing,Hat,22.32,2,0,44.64,East,Bank Transfer,In-Store,4,12
ORD001257,2024-12-24,CUST00643,Electronics,Smartphone,1169.55,1,0.2,935.64,East,Mobile Money,Mobile App,5,3
ORD001258,2024-04-11,CUST01442,Home,Blender,102.66,3,0,307.98,East,PayPal,Web,4,3
ORD001259,2024-09-06,CUST01704,Electronics,Camera,645.63,4,0.2,2066.02,Central,Credit Card,In-Store,5,1
ORD001260,2024-06-16,CUST01008,Sports,Dumbbell,796.61,5,0.2,3186.44,East,Bank Transfer,In-Store,5,11
ORD001261,2024-02-27,CUST01636,Electronics,Camera,159.55,1,0.1,143.59,Central,Credit Card,Phone,4,10
ORD001262,2024-05-21,CUST01822,Clothing,T-Shirt,117.4,4,0.2,375.68,South,PayPal,Web,5,3
ORD001263,2024-07-24,CUST00014,Sports,Yoga Mat,374.16,4,0,1496.64,Central,Mobile Money,Web,4,1
ORD001264,2024-04-24,CUST01573,Clothing,Jacket,69.8,3,0.2,167.52,East,Bank Transfer,Phone,5,11
ORD001265,2024-04-06,CUST00423,Clothing,Hat,139.55,5,0,697.75,East,Debit Card,Web,5,1
ORD001266,2024-03-06,CUST01956,Sports,Tennis Racket,756.71,1,0.2,605.37,North,PayPal,In-Store,5,4
ORD001267,2024-04-29,CUST00445,Clothing,Jeans,52.41,4,0,209.64,East,Credit Card,Mobile App,5,8
ORD001268,2024-01-26,CUST00818,Electronics,Headphones,86.86,2,0.05,165.03,South,Debit Card,Phone,4,10
ORD001269,2024-09-21,CUST01550,Electronics,Laptop,1455.4,5,0.1,6549.3,South,Credit Card,Phone,2,12
ORD001270,2024-04-07,CUST00186,Sports,Yoga Mat,604.75,3,0.05,1723.54,Central,PayPal,Phone,3,5
ORD001271,2024-07-13,CUST00820,Sports,Football,757.02,1,0,757.02,North,PayPal,In-Store,5,5
ORD001272,2024-12-25,CUST01319,Electronics,Headphones,1421.61,3,0,4264.83,West,Mobile Money,Web,2,5
ORD001273,2024-10-16,CUST01063,Home,Lamp,69.18,2,0,138.36,South,Debit Card,Phone,1,13
ORD001274,2024-12-04,CUST01265,Electronics,Laptop,914.5,2,0.2,1463.2,West,Debit Card,Phone,4,3
ORD001275,2024-02-26,CUST00062,Clothing,Hat,145.14,2,0,290.28,West,Debit Card,In-Store,5,7
ORD001276,2024-01-14,CUST01821,Home,Table,254.44,1,0.2,203.55,West,Credit Card,Mobile App,4,7
ORD001277,2024-09-25,CUST00206,Electronics,Smartwatch,596.7,5,0.15,2535.98,North,PayPal,Mobile App,4,2
ORD001278,2024-07-31,CUST01100,Books,Novel,11.18,4,0.05,42.48,West,Debit Card,Web,5,5
ORD001279,2024-06-14,CUST00749,Books,Biography,54.48,3,0,163.44,Central,Credit Card,Phone,4,8
ORD001280,2024-03-14,CUST00169,Sports,Basketball,118.15,5,0,590.75,North,Mobile Money,In-Store,3,10
ORD001281,2024-12-03,CUST01456,Electronics,Smartphone,378.02,2,0.15,642.63,West,Bank Transfer,In-Store,4,13
ORD001282,2024-01-18,CUST01638,Clothing,Jacket,69.08,2,0.1,124.34,West,Credit Card,Mobile App,5,3
ORD001283,2024-07-22,CUST01172,Electronics,Smartphone,970.21,2,0,1940.42,West,Mobile Money,In-Store,3,4
ORD001284,2024-11-14,CUST00901,Sports,Dumbbell,372.64,2,0.05,708.02,North,PayPal,In-Store,3,6
ORD001285,2024-10-08,CUST00198,Clothing,Jacket,57.74,4,0.2,184.77,East,Bank Transfer,In-Store,5,2
ORD001286,2024-02-18,CUST00937,Home,Blender,262.28,5,0,1311.4,North,Credit Card,In-Store,3,3
ORD001287,2024-09-15,CUST01680,Home,Table,189.24,5,0,946.2,Central,Debit Card,Mobile App,3,14
ORD001288,2024-11-03,CUST01153,Clothing,T-Shirt,37.81,3,0.1,102.09,Central,Bank Transfer,Web,5,13
ORD001289,2024-07-10,CUST01394,Sports,Yoga Mat,440.78,5,0,2203.9,South,Bank Transfer,Mobile App,3,14
ORD001290,2024-04-13,CUST01965,Clothing,Hat,141.91,5,0.05,674.07,West,PayPal,Phone,3,9
ORD001291,2024-06-02,CUST00515,Books,Biography,30.74,2,0.15,52.26,Central,PayPal,Mobile App,2,12
ORD001292,2024-07-29,CUST00985,Sports,Tennis Racket,768.24,1,0.2,614.59,South,Debit Card,Phone,3,13
ORD001293,2024-05-07,CUST00145,Clothing,Socks,68.66,5,0,343.3,South,PayPal,Mobile App,5,7
ORD001294,2024-08-15,CUST00565,Electronics,Camera,1122.5,2,0,2245.0,East,Credit Card,Web,2,9
ORD001295,2024-04-28,CUST00612,Home,Toaster,54.51,5,0.05,258.92,North,Bank Transfer,Phone,4,3
ORD001296,2024-07-14,CUST00524,Electronics,Camera,545.0,3,0,1635.0,North,Mobile Money,Phone,5,10
ORD001297,2024-05-29,CUST00212,Clothing,Socks,106.8,4,0.2,341.76,North,Bank Transfer,In-Store,4,4
ORD001298,2024-11-22,CUST01577,Books,Guide,57.98,4,0,231.92,East,PayPal,In-Store,2,11
ORD001299,2024-02-12,CUST01461,Sports,Yoga Mat,347.32,3,0,1041.96,West,Debit Card,Phone,1,4
ORD001300,2024-12-28,CUST01243,Sports,Dumbbell,539.19,1,0.2,431.35,Central,Mobile Money,Phone,5,1
ORD001301,2024-02-18,CUST01565,Sports,Football,480.47,1,0.1,432.42,South,PayPal,Phone,2,14
ORD001302,2024-08-13,CUST01175,Books,Guide,45.94,3,0.15,117.15,Central,Credit Card,Phone,5,14
ORD001303,2024-04-02,CUST01938,Books,Guide,54.94,2,0.1,98.89,East,Credit Card,In-Store,1,7
ORD001304,2024-12-15,CUST01994,Electronics,Camera,712.1,3,0,2136.3,South,PayPal,Phone,3,13
ORD001305,2024-03-23,CUST01579,Electronics,Tablet,714.4,3,0.2,1714.56,Central,PayPal,Phone,4,13
ORD001306,2024-06-29,CUST01516,Home,Chair,340.22,1,0,340.22,South,PayPal,In-Store,4,2
ORD001307,2024-11-23,CUST00784,Electronics,Camera,638.79,5,0.05,3034.25,South,PayPal,Phone,3,6
ORD001308,2024-06-14,CUST00389,Home,Blender,359.88,2,0,719.76,Central,PayPal,In-Store,1,13
ORD001309,2024-02-08,CUST00186,Sports,Tennis Racket,158.77,5,0.15,674.77,Central,Mobile Money,In-Store,4,3
ORD001310,2024-02-23,CUST01508,Home,Toaster,151.21,2,0.05,287.3,East,Bank Transfer,Web,5,6
ORD001311,2024-03-20,CUST00561,Clothing,Sneakers,125.66,2,0.1,226.19,North,Mobile Money,Mobile App,4,14
ORD001312,2024-04-20,CUST00608,Clothing,Jeans,132.52,4,0.15,450.57,South,Credit Card,Phone,3,14
ORD001313,2024-07-30,CUST01063,Books,Biography,35.6,5,0,178.0,Central,Mobile Money,Phone,3,12
ORD001314,2024-05-14,CUST00747,Home,Pillow,321.77,3,0.2,772.25,South,PayPal,In-Store,5,2
ORD001315,2024-10-02,CUST00198,Clothing,Jacket,130.39,2,0.2,208.62,Central,Mobile Money,In-Store,5,2
ORD001316,2024-04-24,CUST01177,Sports,Basketball,581.68,5,0.2,2326.72,North,Mobile Money,Phone,5,8
ORD001317,2024-10-13,CUST01332,Sports,Dumbbell,70.43,2,0,140.86,North,PayPal,Phone,4,14
ORD001318,2024-05-21,CUST01941,Clothing,T-Shirt,105.48,1,0.15,89.66,North,Bank Transfer,Phone,5,7
ORD001319,2024-10-02,CUST00624,Clothing,Sneakers,40.13,4,0,160.52,East,Debit Card,Phone,4,3
ORD001320,2024-01-28,CUST00734,Sports,Bicycle,477.76,1,0.1,429.98,Central,Credit Card,Web,5,10
ORD001321,2024-04-09,CUST01232,Electronics,Smartwatch,649.88,2,0.15,1104.8,South,Debit Card,Web,4,11
ORD001322,2024-07-25,CUST01944,Books,Guide,11.57,1,0,11.57,West,Mobile Money,Phone,4,12
ORD001323,2024-06-08,CUST01449,Books,Textbook,51.6,2,0,103.2,West,PayPal,Phone,4,2
ORD001324,2024-11-27,CUST00696,Clothing,Jacket,66.2,2,0,132.4,West,Credit Card,In-Store,4,1
ORD001325,2024-07-10,CUST00004,Sports,Football,785.97,1,0.15,668.07,Central,Credit Card,Web,3,6
ORD001326,2024-07-10,CUST01958,Books,Comic,6.52,5,0.1,29.34,South,Debit Card,Phone,5,3
ORD001327,2024-12-15,CUST01229,Sports,Basketball,781.1,1,0.2,624.88,East,Bank Transfer,Mobile App,5,8
ORD001328,2024-11-14,CUST01101,Clothing,Hat,30.84,4,0,123.36,North,PayPal,In-Store,1,2
ORD001329,2024-02-21,CUST01236,Home,Pillow,84.46,5,0,422.3,South,Bank Transfer,In-Store,4,8
ORD001330,2024-10-10,CUST00505,Sports,Dumbbell,631.57,1,0.15,536.83,East,Debit Card,Mobile App,3,14
ORD001331,2024-01-31,CUST01887,Books,Textbook,48.67,1,0,48.67,West,Bank Transfer,Web,5,14
ORD001332,2024-10-15,CUST01090,Sports,Football,537.54,3,0.1,1451.36,Central,Mobile Money,Mobile App,4,5
ORD001333,2024-11-16,CUST00892,Home,Chair,187.44,2,0,374.88,West,Credit Card,Phone,4,1
ORD001334,2024-07-18,CUST01611,Books,Novel,22.68,4,0.1,81.65,East,Credit Card,Web,3,4
ORD001335,2024-03-29,CUST01514,Electronics,Tablet,1343.53,5,0.1,6045.89,North,Bank Transfer,Web,4,1
ORD001336,2024-12-16,CUST01513,Home,Blender,87.47,5,0,437.35,Central,Bank Transfer,Mobile App,5,9
ORD001337,2024-08-22,CUST01828,Home,Pillow,284.19,2,0,568.38,South,PayPal,Web,5,12
ORD001338,2024-01-24,CUST00422,Clothing,Sneakers,38.94,5,0,194.7,North,PayPal,Web,5,4
ORD001339,2024-07-24,CUST00291,Home,Chair,395.03,2,0,790.06,Central,Debit Card,In-Store,1,7
ORD001340,2024-11-30,CUST00559,Sports,Bicycle,693.72,3,0,2081.16,West,Credit Card,Phone,5,14
ORD001341,2024-09-06,CUST00022,Books,Biography,20.29,2,0.2,32.46,West,Credit Card,Phone,4,3
ORD001342,2024-09-07,CUST01100,Clothing,T-Shirt,99.26,1,0,99.26,East,Debit Card,In-Store,2,11
ORD001343,2024-10-18,CUST01559,Books,Comic,34.49,3,0.2,82.78,North,Mobile Money,Mobile App,4,2
ORD001344,2024-08-28,CUST00229,Sports,Dumbbell,176.61,5,0,883.05,South,Credit Card,Phone,4,3
ORD001345,2024-11-11,CUST01513,Electronics,Camera,1219.29,2,0.05,2316.65,South,Mobile Money,Web,4,11
ORD001346,2024-10-18,CUST00313,Sports,Basketball,619.47,3,0,1858.41,East,PayPal,Mobile App,1,6
ORD001347,2024-07-13,CUST00598,Books,Textbook,54.59,1,0.05,51.86,Central,Credit Card,Mobile App,3,3
ORD001348,2024-08-13,CUST00504,Clothing,Jacket,102.12,4,0,408.48,Central,Bank Transfer,In-Store,2,9
ORD001349,2024-02-27,CUST00840,Clothing,Jeans,86.6,3,0,259.8,Central,Bank Transfer,Web,4,10
ORD001350,2024-03-14,CUST01402,Clothing,Socks,140.59,3,0,421.77,South,Credit Card,Phone,5,1
ORD001351,2024-04-24,CUST00073,Sports,Football,654.69,5,0,3273.45,Central,Bank Transfer,Web,5,1
ORD001352,2024-11-11,CUST01865,Books,Cookbook,40.46,3,0.15,103.17,South,Mobile Money,In-Store,5,6
ORD001353,2024-10-01,CUST00459,Books,Biography,55.57,2,0.05,105.58,South,PayPal,Mobile App,5,7
ORD001354,2024-06-02,CUST00942,Home,Chair,156.71,1,0.05,148.87,West,Bank Transfer,Mobile App,2,7
ORD001355,2024-08-01,CUST00927,Clothing,Socks,59.41,4,0.05,225.76,West,Mobile Money,Phone,4,6
ORD001356,2024-09-28,CUST00445,Home,Table,271.17,2,0.15,460.99,South,Bank Transfer,Mobile App,4,14
ORD001357,2024-07-28,CUST00629,Sports,Yoga Mat,722.28,5,0.2,2889.12,South,Mobile Money,Mobile App,5,8
ORD001358,2024-11-15,CUST00409,Electronics,Smartwatch,995.74,3,0.2,2389.78,South,PayPal,Mobile App,5,11
ORD001359,2024-12-21,CUST01163,Books,Cookbook,28.75,4,0,115.0,South,PayPal,Mobile App,3,11
ORD001360,2024-07-29,CUST00504,Books,Cookbook,48.0,2,0,96.0,South,Mobile Money,In-Store,3,10
ORD001361,2024-02-19,CUST00176,Sports,Tennis Racket,593.55,1,0.15,504.52,North,Credit Card,Web,5,6
ORD001362,2024-03-18,CUST00630,Electronics,Tablet,1400.77,3,0,4202.31,North,PayPal,In-Store,5,10
ORD001363,2024-06-04,CUST01151,Books,Biography,23.62,2,0,47.24,South,Debit Card,Mobile App,2,7
ORD001364,2024-10-14,CUST00962,Electronics,Smartwatch,1369.84,4,0,5479.36,East,Debit Card,Web,4,11
ORD001365,2024-07-14,CUST00977,Clothing,Sneakers,23.59,1,0,23.59,South,Credit Card,In-Store,4,8
ORD001366,2024-12-09,CUST01814,Sports,Tennis Racket,161.83,1,0.05,153.74,East,Credit Card,In-Store,4,2
ORD001367,2024-02-26,CUST01620,Clothing,Jeans,97.36,4,0,389.44,South,PayPal,In-Store,5,12
ORD001368,2024-11-14,CUST00856,Electronics,Tablet,924.08,4,0,3696.32,South,PayPal,In-Store,5,4
ORD001369,2024-06-12,CUST00107,Sports,Yoga Mat,785.99,1,0.05,746.69,South,PayPal,In-Store,5,8
ORD001370,2024-02-11,CUST00065,Books,Comic,7.23,4,0.15,24.58,South,Bank Transfer,Web,4,12
ORD001371,2024-07-13,CUST01424,Sports,Football,256.11,2,0.05,486.61,East,Mobile Money,In-Store,4,6
ORD001372,2024-06-26,CUST01132,Sports,Dumbbell,337.61,3,0,1012.83,South,Mobile Money,In-Store,5,5
ORD001373,2024-12-07,CUST01765,Electronics,Headphones,1382.23,1,0.2,1105.78,Central,Credit Card,Web,5,13
ORD001374,2024-02-03,CUST01642,Clothing,T-Shirt,44.01,2,0,88.02,South,Credit Card,Web,3,1
ORD001375,2024-03-20,CUST01978,Electronics,Camera,1220.13,5,0,6100.65,West,PayPal,Web,4,10
ORD001376,2024-02-11,CUST01471,Electronics,Laptop,1071.01,2,0.15,1820.72,North,Credit Card,Phone,4,13
ORD001377,2024-06-13,CUST00395,Clothing,Jeans,17.0,1,0.05,16.15,West,Debit Card,Phone,4,10
ORD001378,2024-02-01,CUST01040,Clothing,Sneakers,50.33,5,0.2,201.32,North,Credit Card,Mobile App,5,4
ORD001379,2024-12-24,CUST01560,Home,Chair,353.1,5,0,1765.5,North,Debit Card,Mobile App,2,14
ORD001380,2024-11-03,CUST01312,Home,Chair,77.53,5,0,387.65,East,Debit Card,Phone,4,5
ORD001381,2024-12-15,CUST01545,Home,Pillow,107.7,1,0.15,91.54,South,Credit Card,Web,4,2
ORD001382,2024-08-08,CUST01566,Books,Comic,54.65,1,0.1,49.19,West,Credit Card,Web,2,6
ORD001383,2024-02-03,CUST01490,Sports,Yoga Mat,564.5,5,0.15,2399.12,East,Mobile Money,In-Store,5,12
ORD001384,2024-10-06,CUST00390,Books,Comic,32.48,4,0,129.92,South,Bank Transfer,Mobile App,5,1
ORD001385,2024-07-25,CUST01842,Home,Blender,194.0,4,0,776.0,West,Mobile Money,Mobile App,4,3
ORD001386,2024-06-11,CUST01783,Books,Biography,57.23,2,0.2,91.57,South,Mobile Money,In-Store,5,1
ORD001387,2024-04-04,CUST00034,Books,Guide,54.79,2,0.1,98.62,West,Mobile Money,Mobile App,3,5
ORD001388,2024-06-04,CUST01749,Home,Chair,23.35,4,0,93.4,Central,PayPal,Mobile App,5,4
ORD001389,2024-03-22,CUST01364,Books,Cookbook,44.81,4,0.05,170.28,North,PayPal,Web,4,2
ORD001390,2024-04-30,CUST01013,Home,Pillow,198.53,3,0,595.59,South,Mobile Money,Phone,4,1
ORD001391,2024-11-12,CUST00250,Home,Pillow,76.06,3,0.15,193.95,Central,Debit Card,In-Store,5,6
ORD001392,2024-08-30,CUST00916,Home,Pillow,347.68,3,0.1,938.74,East,Mobile Money,Mobile App,2,4
ORD001393,2024-08-31,CUST01137,Home,Pillow,104.87,3,0.15,267.42,East,Bank Transfer,In-Store,5,12
ORD001394,2024-12-28,CUST00486,Clothing,Jeans,145.17,5,0,725.85,South,Mobile Money,Phone,4,1
ORD001395,2024-03-16,CUST00167,Home,Toaster,354.08,4,0.2,1133.06,Central,Mobile Money,Phone,5,10
ORD001396,2024-05-21,CUST00746,Home,Lamp,188.05,2,0.2,300.88,North,Mobile Money,Mobile App,5,4
ORD001397,2024-10-14,CUST00559,Electronics,Tablet,566.44,5,0.05,2690.59,East,Mobile Money,In-Store,2,10
ORD001398,2024-11-05,CUST01503,Sports,Basketball,662.83,2,0.1,1193.09,North,Debit Card,In-Store,2,4
ORD001399,2024-05-13,CUST00607,Books,Biography,43.54,1,0,43.54,North,Credit Card,Phone,3,2
ORD001400,2024-11-16,CUST00322,Home,Blender,313.68,2,0.05,595.99,Central,Mobile Money,In-Store,4,2
ORD001401,2024-05-25,CUST00264,Home,Blender,121.24,5,0.05,575.89,East,Credit Card,Web,3,1
ORD001402,2024-07-11,CUST01288,Home,Toaster,198.68,2,0,397.36,West,PayPal,Phone,4,3
ORD001403,2024-05-24,CUST01550,Home,Toaster,336.89,1,0.15,286.36,Central,Credit Card,Web,4,12
ORD001404,2024-03-18,CUST00335,Clothing,Sneakers,18.94,1,0,18.94,South,Credit Card,In-Store,2,6
ORD001405,2024-07-24,CUST01075,Home,Lamp,173.87,1,0.05,165.18,West,Mobile Money,Mobile App,4,9
ORD001406,2024-05-13,CUST00116,Electronics,Smartphone,700.32,1,0.2,560.26,Central,Credit Card,Web,4,11
ORD001407,2024-04-29,CUST01955,Clothing,Sneakers,15.94,2,0.2,25.5,South,Bank Transfer,In-Store,5,6
ORD001408,2024-05-28,CUST01372,Books,Guide,41.86,1,0.1,37.67,West,Bank Transfer,Web,4,1
ORD001409,2024-09-08,CUST01438,Clothing,Hat,15.04,2,0.1,27.07,North,Bank Transfer,In-Store,1,9
ORD001410,2024-11-17,CUST00577,Clothing,Sneakers,39.79,5,0,198.95,East,Bank Transfer,In-Store,5,9
ORD001411,2024-06-20,CUST01839,Books,Textbook,50.92,5,0,254.6,East,Mobile Money,Web,3,11
ORD001412,2024-12-09,CUST00831,Home,Blender,26.09,5,0.15,110.88,South,Debit Card,Web,5,1
ORD001413,2024-10-18,CUST00612,Books,Novel,45.85,2,0,91.7,South,Bank Transfer,In-Store,5,6
ORD001414,2024-05-09,CUST00049,Books,Novel,40.63,2,0.1,73.13,East,Credit Card,Mobile App,3,14
ORD001415,2024-06-16,CUST00801,Clothing,Jacket,38.89,4,0.15,132.23,Central,Debit Card,Phone,5,8
ORD001416,2024-11-11,CUST00001,Sports,Tennis Racket,242.57,2,0,485.14,North,Bank Transfer,Web,2,14
ORD001417,2024-07-14,CUST01969,Electronics,Tablet,1398.73,3,0.05,3986.38,South,Credit Card,Web,5,6
ORD001418,2024-07-09,CUST00856,Clothing,Socks,36.71,4,0.15,124.81,North,PayPal,Web,3,2
ORD001419,2024-11-21,CUST01397,Home,Chair,116.15,2,0,232.3,North,Mobile Money,Mobile App,5,1
ORD001420,2024-10-23,CUST00560,Electronics,Laptop,1100.97,4,0.2,3523.1,East,Credit Card,Phone,5,2
ORD001421,2024-01-20,CUST01701,Clothing,Jeans,19.12,4,0,76.48,West,Mobile Money,Mobile App,4,1
ORD001422,2024-05-24,CUST00416,Sports,Football,532.16,3,0.15,1357.01,East,Credit Card,In-Store,5,14
ORD001423,2024-01-23,CUST01711,Clothing,Jeans,106.55,1,0.15,90.57,West,Bank Transfer,Phone,5,13
ORD001424,2024-07-05,CUST00753,Clothing,Socks,128.78,1,0,128.78,West,Mobile Money,Mobile App,2,6
ORD001425,2024-11-23,CUST00357,Home,Pillow,227.14,2,0,454.28,Central,Mobile Money,In-Store,3,8
ORD001426,2024-10-04,CUST01969,Home,Table,71.84,4,0.15,244.26,West,Credit Card,In-Store,5,3
ORD001427,2024-10-03,CUST00337,Home,Table,263.5,4,0.2,843.2,North,PayPal,Mobile App,5,10
ORD001428,2024-10-20,CUST01672,Home,Toaster,258.59,2,0.2,413.74,South,Mobile Money,Web,3,14
ORD001429,2024-09-23,CUST00009,Books,Novel,59.48,5,0,297.4,East,Bank Transfer,Mobile App,2,12
ORD001430,2024-02-29,CUST01714,Clothing,Socks,109.37,3,0.05,311.7,East,Bank Transfer,Phone,3,9
ORD001431,2024-02-24,CUST01319,Books,Textbook,36.74,4,0.15,124.92,West,Debit Card,Mobile App,4,12
ORD001432,2024-02-06,CUST00628,Electronics,Smartwatch,1209.91,4,0,4839.64,South,Mobile Money,In-Store,4,14
ORD001433,2024-01-09,CUST00248,Clothing,Hat,99.35,2,0,198.7,South,Debit Card,Web,1,2
ORD001434,2024-12-04,CUST01430,Home,Blender,381.14,4,0,1524.56,Central,PayPal,In-Store,4,7
ORD001435,2024-09-01,CUST01216,Home,Chair,131.96,5,0.1,593.82,North,Mobile Money,Web,4,8
ORD001436,2024-07-15,CUST01577,Home,Table,26.95,4,0.2,86.24,North,Mobile Money,In-Store,5,11
ORD001437,2024-02-14,CUST01114,Books,Novel,25.9,4,0.2,82.88,North,Credit Card,Mobile App,5,12
ORD001438,2024-11-05,CUST00071,Electronics,Headphones,600.78,3,0,1802.34,East,PayPal,Phone,5,4
ORD001439,2024-12-11,CUST01916,Sports,Dumbbell,94.06,2,0.1,169.31,Central,Mobile Money,Web,5,9
ORD001440,2024-10-01,CUST00100,Clothing,Sneakers,48.46,5,0.05,230.18,East,Bank Transfer,Web,4,12
ORD001441,2024-03-24,CUST01232,Sports,Dumbbell,155.66,4,0,622.64,East,Mobile Money,Web,1,11
ORD001442,2024-01-03,CUST01525,Clothing,T-Shirt,37.88,4,0,151.52,South,Mobile Money,Web,4,5
ORD001443,2024-09-09,CUST00911,Clothing,Jeans,57.61,5,0.2,230.44,North,Credit Card,Mobile App,4,3
ORD001444,2024-01-13,CUST00751,Clothing,Socks,147.03,5,0.1,661.63,West,Credit Card,In-Store,4,11
ORD001445,2024-08-11,CUST00865,Sports,Football,346.53,1,0,346.53,North,Credit Card,Web,4,5
ORD001446,2024-03-02,CUST00177,Home,Blender,169.51,2,0,339.02,Central,Debit Card,Mobile App,1,8
ORD001447,2024-12-02,CUST00847,Sports,Yoga Mat,454.75,4,0,1819.0,North,Bank Transfer,Web,3,4
ORD001448,2024-07-09,CUST01615,Clothing,Jeans,52.05,4,0,208.2,North,Credit Card,In-Store,2,10
ORD001449,2024-05-04,CUST01641,Sports,Football,256.61,2,0,513.22,South,Debit Card,Phone,5,8
ORD001450,2024-11-20,CUST01759,Books,Textbook,10.45,4,0.1,37.62,North,Debit Card,Mobile App,4,14
ORD001451,2024-09-19,CUST00149,Sports,Basketball,691.72,1,0.05,657.13,Central,Debit Card,Mobile App,5,11
ORD001452,2024-05-14,CUST01541,Books,Guide,24.89,2,0.2,39.82,West,Credit Card,In-Store,5,13
ORD001453,2024-08-18,CUST01776,Books,Novel,15.59,3,0.05,44.43,South,Debit Card,Phone,4,10
ORD001454,2024-11-02,CUST01019,Sports,Dumbbell,523.91,2,0,1047.82,North,Mobile Money,Web,4,7
ORD001455,2024-11-24,CUST00569,Electronics,Smartwatch,173.02,2,0.2,276.83,West,PayPal,Phone,2,11
ORD001456,2024-06-06,CUST00963,Home,Table,336.98,5,0,1684.9,Central,Mobile Money,Phone,5,13
ORD001457,2024-12-04,CUST00282,Sports,Bicycle,456.95,5,0.1,2056.27,West,PayPal,Web,5,12
ORD001458,2024-02-02,CUST00550,Books,Comic,34.3,5,0.15,145.78,East,PayPal,Mobile App,4,6
ORD001459,2024-04-08,CUST01061,Home,Chair,232.92,3,0,698.76,West,PayPal,In-Store,5,10
ORD001460,2024-03-12,CUST01410,Books,Guide,41.25,5,0.2,165.0,East,Debit Card,In-Store,5,12
ORD001461,2024-09-23,CUST01484,Sports,Tennis Racket,270.49,4,0.1,973.76,East,Debit Card,Mobile App,3,10
ORD001462,2024-05-05,CUST01469,Home,Chair,356.6,4,0,1426.4,East,Bank Transfer,Phone,4,9
ORD001463,2024-03-04,CUST01666,Home,Chair,113.07,1,0,113.07,Central,Mobile Money,Web,5,2
ORD001464,2024-10-25,CUST01047,Clothing,Jacket,139.89,4,0.1,503.6,Central,Mobile Money,Mobile App,5,5
ORD001465,2024-02-25,CUST00793,Electronics,Headphones,960.76,4,0.1,3458.74,East,Credit Card,Mobile App,4,3
ORD001466,2024-02-05,CUST01124,Electronics,Tablet,1152.18,1,0,1152.18,Central,PayPal,Mobile App,3,13
ORD001467,2024-12-04,CUST00021,Electronics,Camera,1045.75,2,0,2091.5,North,PayPal,In-Store,4,5
ORD001468,2024-10-19,CUST01901,Books,Textbook,17.68,5,0.1,79.56,Central,PayPal,Mobile App,5,3
ORD001469,2024-07-15,CUST01263,Electronics,Smartwatch,896.97,2,0,1793.94,North,Debit Card,Web,3,10
ORD001470,2024-05-06,CUST00453,Sports,Yoga Mat,651.45,1,0,651.45,South,Mobile Money,Mobile App,5,3
ORD001471,2024-06-06,CUST01764,Clothing,Jacket,25.03,2,0.15,42.55,Central,Mobile Money,Phone,5,4
ORD001472,2024-08-15,CUST01514,Clothing,T-Shirt,128.62,4,0.15,437.31,West,Bank Transfer,Phone,5,1
ORD001473,2024-09-25,CUST00043,Sports,Yoga Mat,180.0,4,0.05,684.0,West,Bank Transfer,Phone,3,14
ORD001474,2024-02-09,CUST01432,Books,Cookbook,16.3,2,0.15,27.71,West,Debit Card,Phone,5,4
ORD001475,2024-05-28,CUST00778,Clothing,Jacket,59.46,3,0,178.38,Central,Mobile Money,Web,5,11
ORD001476,2024-01-12,CUST00707,Sports,Basketball,523.47,1,0.05,497.3,East,Mobile Money,Web,4,8
ORD001477,2024-08-11,CUST00469,Books,Guide,29.49,4,0,117.96,East,PayPal,In-Store,3,8
ORD001478,2024-09-21,CUST01660,Clothing,Jeans,40.68,5,0.15,172.89,South,Credit Card,Phone,5,6
ORD001479,2024-11-11,CUST00103,Electronics,Smartphone,180.46,2,0,360.92,East,Credit Card,In-Store,4,8
ORD001480,2024-04-05,CUST00639,Clothing,Jacket,29.83,4,0,119.32,South,Bank Transfer,Web,3,4
ORD001481,2024-10-07,CUST00867,Electronics,Smartwatch,125.61,2,0,251.22,South,Debit Card,Web,4,13
ORD001482,2024-02-21,CUST01604,Clothing,Hat,109.75,1,0.2,87.8,South,Bank Transfer,Web,4,13
ORD001483,2024-09-30,CUST00504,Books,Cookbook,46.85,2,0,93.7,North,PayPal,Mobile App,5,13
ORD001484,2024-01-30,CUST00343,Home,Toaster,328.12,5,0.1,1476.54,North,Mobile Money,Mobile App,4,14
ORD001485,2024-05-22,CUST00932,Clothing,Jeans,130.64,3,0.1,352.73,South,Credit Card,Mobile App,4,3
ORD001486,2024-01-01,CUST01084,Sports,Football,72.32,4,0,289.28,West,Mobile Money,Phone,3,9
ORD001487,2024-11-06,CUST01716,Books,Guide,56.88,3,0.2,136.51,West,PayPal,Phone,5,3
ORD001488,2024-02-07,CUST00753,Sports,Dumbbell,118.47,1,0,118.47,East,Credit Card,Phone,4,7
ORD001489,2024-04-11,CUST00442,Books,Comic,25.55,3,0.05,72.82,West,Debit Card,Phone,5,14
ORD001490,2024-05-05,CUST01845,Sports,Bicycle,129.08,3,0.05,367.88,South,Mobile Money,In-Store,2,8
ORD001491,2024-08-25,CUST01966,Books,Biography,44.21,3,0,132.63,North,Debit Card,Mobile App,2,11
ORD001492,2024-07-16,CUST01787,Electronics,Tablet,592.35,3,0.05,1688.2,West,Credit Card,In-Store,5,6
ORD001493,2024-06-29,CUST00636,Sports,Tennis Racket,392.14,4,0,1568.56,Central,Debit Card,Web,3,2
ORD001494,2024-01-13,CUST01292,Clothing,Socks,109.55,3,0,328.65,Central,PayPal,Web,4,8
ORD001495,2024-11-14,CUST00754,Books,Comic,48.92,4,0,195.68,North,Bank Transfer,Web,3,8
ORD001496,2024-10-07,CUST01160,Books,Biography,47.0,1,0.15,39.95,Central,Credit Card,Mobile App,5,14
ORD001497,2024-11-21,CUST00292,Books,Comic,41.33,4,0.15,140.52,South,Credit Card,Phone,4,5
ORD001498,2024-03-09,CUST01166,Books,Textbook,7.3,3,0,21.9,South,Mobile Money,Mobile App,3,7
ORD001499,2024-02-03,CUST00077,Sports,Tennis Racket,219.02,2,0,438.04,East,Mobile Money,Web,3,4
ORD001500,2024-02-10,CUST01663,Books,Textbook,55.87,4,0,223.48,East,Bank Transfer,In-Store,4,14
ORD001501,2024-06-18,CUST00669,Books,Comic,36.74,5,0.2,146.96,Central,Debit Card,In-Store,5,13
ORD001502,2024-09-04,CUST01925,Sports,Basketball,196.44,1,0.05,186.62,Central,PayPal,Phone,3,12
ORD001503,2024-05-11,CUST00304,Books,Novel,57.37,3,0.2,137.69,Central,Debit Card,Mobile App,3,4
ORD001504,2024-07-04,CUST00819,Books,Textbook,55.93,5,0.1,251.69,West,Bank Transfer,In-Store,4,5
ORD001505,2024-02-03,CUST01897,Electronics,Smartphone,285.55,4,0.15,970.87,North,Mobile Money,Phone,5,14
ORD001506,2024-07-08,CUST00483,Books,Textbook,27.78,1,0,27.78,West,Mobile Money,Phone,2,10
ORD001507,2024-05-04,CUST00338,Clothing,Sneakers,70.21,2,0,140.42,East,Debit Card,In-Store,4,10
ORD001508,2024-01-05,CUST00878,Books,Novel,10.54,1,0.2,8.43,West,Credit Card,Mobile App,4,1
ORD001509,2024-07-06,CUST01881,Electronics,Headphones,307.48,2,0,614.96,East,Bank Transfer,Web,4,1
ORD001510,2024-02-12,CUST01259,Clothing,Jacket,56.22,1,0.1,50.6,North,Debit Card,Mobile App,5,7
ORD001511,2024-09-26,CUST01255,Books,Novel,19.7,3,0.1,53.19,East,Debit Card,Web,2,8
ORD001512,2024-09-11,CUST01412,Sports,Yoga Mat,142.77,5,0,713.85,East,Credit Card,Phone,4,14
ORD001513,2024-08-19,CUST01043,Home,Pillow,77.68,4,0.2,248.58,East,PayPal,Phone,5,7
ORD001514,2024-08-24,CUST00318,Clothing,Jacket,103.28,2,0,206.56,North,Credit Card,Web,2,10
ORD001515,2024-03-17,CUST00579,Electronics,Smartphone,206.13,4,0,824.52,East,PayPal,Mobile App,5,12
ORD001516,2024-10-27,CUST01453,Books,Biography,27.54,5,0.15,117.05,South,Mobile Money,Web,4,6
ORD001517,2024-01-17,CUST01646,Clothing,Sneakers,36.81,1,0,36.81,East,Mobile Money,Mobile App,5,14
ORD001518,2024-12-29,CUST00921,Books,Biography,41.21,4,0.2,131.87,South,PayPal,Phone,5,11
ORD001519,2024-03-25,CUST00852,Home,Toaster,349.23,2,0,698.46,North,Mobile Money,In-Store,5,3
ORD001520,2024-05-22,CUST01477,Electronics,Smartphone,398.03,5,0.05,1890.64,South,Mobile Money,Web,5,13
ORD001521,2024-11-10,CUST00006,Electronics,Camera,573.05,3,0.2,1375.32,North,Mobile Money,Mobile App,5,4
ORD001522,2024-09-28,CUST01083,Clothing,Jacket,105.25,5,0,526.25,Central,Bank Transfer,Mobile App,4,7
ORD001523,2024-05-28,CUST01548,Electronics,Headphones,1448.01,5,0.1,6516.04,West,Credit Card,In-Store,4,6
ORD001524,2024-08-01,CUST01873,Electronics,Headphones,904.51,1,0.05,859.28,Central,Bank Transfer,Mobile App,5,6
ORD001525,2024-01-20,CUST01369,Sports,Basketball,370.43,3,0.15,944.6,Central,PayPal,Phone,5,5
ORD001526,2024-08-18,CUST00005,Electronics,Smartwatch,382.37,2,0.2,611.79,West,Credit Card,Web,4,13
ORD001527,2024-01-09,CUST01951,Home,Toaster,328.55,5,0.05,1560.61,East,Bank Transfer,Web,4,8
ORD001528,2024-02-29,CUST01896,Sports,Basketball,436.59,5,0,2182.95,West,Bank Transfer,In-Store,5,3
ORD001529,2024-06-17,CUST01939,Sports,Bicycle,176.2,4,0,704.8,West,Credit Card,Web,4,3
ORD001530,2024-03-23,CUST00418,Home,Chair,268.12,3,0.05,764.14,South,PayPal,Web,5,13
ORD001531,2024-02-05,CUST00319,Home,Table,399.19,5,0.15,1696.56,North,Credit Card,Mobile App,3,2
ORD001532,2024-03-03,CUST01711,Home,Chair,58.65,4,0,234.6,Central,Mobile Money,Web,4,8
ORD001533,2024-02-17,CUST00795,Sports,Yoga Mat,632.69,3,0.2,1518.46,South,Bank Transfer,In-Store,5,12
ORD001534,2024-03-24,CUST00329,Electronics,Smartwatch,1216.34,1,0,1216.34,Central,Bank Transfer,Mobile App,2,8
ORD001535,2024-08-09,CUST01050,Home,Lamp,145.97,4,0.2,467.1,West,Debit Card,Mobile App,3,4
ORD001536,2024-12-23,CUST01526,Sports,Bicycle,397.07,5,0.15,1687.55,South,Mobile Money,Phone,3,7
ORD001537,2024-08-19,CUST01170,Home,Pillow,157.02,1,0,157.02,East,Credit Card,In-Store,3,11
ORD001538,2024-08-25,CUST01727,Home,Blender,303.65,1,0,303.65,North,Bank Transfer,Web,2,10
ORD001539,2024-06-23,CUST01661,Clothing,Sneakers,79.21,5,0.15,336.64,North,PayPal,Mobile App,3,5
ORD001540,2024-06-02,CUST00281,Sports,Dumbbell,248.89,1,0,248.89,East,Mobile Money,Mobile App,4,5
ORD001541,2024-02-08,CUST01513,Home,Blender,392.8,5,0,1964.0,East,Mobile Money,Web,4,1
ORD001542,2024-03-11,CUST01235,Home,Table,86.14,1,0.2,68.91,Central,Credit Card,In-Store,5,2
ORD001543,2024-04-03,CUST01193,Electronics,Tablet,1163.6,3,0,3490.8,North,Debit Card,Web,4,5
ORD001544,2024-12-30,CUST01183,Home,Toaster,305.61,1,0.2,244.49,Central,PayPal,In-Store,5,2
ORD001545,2024-12-02,CUST01518,Books,Novel,22.15,4,0,88.6,North,Debit Card,Web,3,2
ORD001546,2024-08-28,CUST00832,Sports,Football,103.33,4,0,413.32,Central,Credit Card,In-Store,5,3
ORD001547,2024-06-20,CUST01329,Sports,Tennis Racket,718.12,2,0,1436.24,Central,Credit Card,Web,3,8
ORD001548,2024-12-15,CUST00836,Clothing,Socks,109.14,2,0.15,185.54,North,Bank Transfer,In-Store,5,10
ORD001549,2024-04-18,CUST00796,Clothing,Sneakers,86.66,1,0.05,82.33,South,Bank Transfer,In-Store,4,6
ORD001550,2024-05-27,CUST01263,Clothing,Sneakers,146.32,4,0.1,526.75,North,Mobile Money,In-Store,3,11
ORD001551,2024-10-29,CUST00519,Sports,Dumbbell,21.13,1,0.05,20.07,South,Bank Transfer,Mobile App,3,14
ORD001552,2024-12-30,CUST00512,Sports,Football,774.4,2,0,1548.8,North,Credit Card,Phone,1,3
ORD001553,2024-11-29,CUST00227,Clothing,Jacket,144.32,5,0,721.6,North,Mobile Money,Web,3,6
ORD001554,2024-07-07,CUST00842,Clothing,Sneakers,30.21,1,0.2,24.17,West,Bank Transfer,In-Store,4,8
ORD001555,2024-04-06,CUST01758,Clothing,Socks,30.43,4,0,121.72,South,Mobile Money,Phone,5,5
ORD001556,2024-03-22,CUST01821,Books,Novel,18.87,4,0.05,71.71,North,Mobile Money,In-Store,2,4
ORD001557,2024-05-23,CUST01576,Books,Novel,53.47,2,0,106.94,North,Mobile Money,Web,3,10
ORD001558,2024-04-12,CUST00565,Books,Comic,21.68,2,0.05,41.19,West,Mobile Money,In-Store,4,3
ORD001559,2024-04-30,CUST00788,Books,Textbook,29.1,2,0,58.2,South,Bank Transfer,Mobile App,4,2
ORD001560,2024-02-20,CUST01349,Home,Pillow,157.77,3,0.15,402.31,Central,PayPal,Phone,4,1
ORD001561,2024-05-24,CUST00501,Electronics,Smartwatch,1437.87,1,0,1437.87,Central,Bank Transfer,Mobile App,3,11
ORD001562,2024-12-19,CUST00860,Books,Cookbook,5.19,1,0,5.19,Central,PayPal,Web,5,8
ORD001563,2024-08-05,CUST01648,Clothing,Jeans,25.19,3,0.15,64.23,East,Bank Transfer,Mobile App,4,11
ORD001564,2024-10-15,CUST00779,Books,Guide,51.31,5,0.1,230.89,West,Bank Transfer,Mobile App,4,4
ORD001565,2024-05-03,CUST01010,Home,Lamp,345.25,3,0.05,983.96,South,Mobile Money,Web,4,12
ORD001566,2024-07-29,CUST00420,Electronics,Laptop,869.48,2,0,1738.96,West,Mobile Money,Web,5,2
ORD001567,2024-04-19,CUST00199,Sports,Dumbbell,580.38,2,0.15,986.65,North,PayPal,Web,4,10
ORD001568,2024-04-17,CUST01892,Books,Novel,59.52,5,0.05,282.72,South,Bank Transfer,Web,2,2
ORD001569,2024-08-31,CUST01109,Home,Toaster,221.7,2,0,443.4,South,Credit Card,Phone,4,14
ORD001570,2024-09-14,CUST01895,Clothing,Sneakers,134.25,1,0,134.25,Central,PayPal,Web,4,7
ORD001571,2024-03-25,CUST00200,Home,Table,305.03,5,0.15,1296.38,Central,Credit Card,In-Store,2,4
ORD001572,2024-04-01,CUST00429,Clothing,Jeans,42.79,1,0.15,36.37,South,Debit Card,In-Store,4,8
ORD001573,2024-01-17,CUST01869,Electronics,Camera,701.73,5,0,3508.65,South,PayPal,In-Store,2,14
ORD001574,2024-07-12,CUST00768,Books,Textbook,42.84,2,0.05,81.4,North,Bank Transfer,Mobile App,1,11
ORD001575,2024-02-07,CUST00223,Books,Novel,9.67,2,0,19.34,West,Debit Card,Mobile App,3,5
ORD001576,2024-10-26,CUST01816,Sports,Bicycle,452.9,5,0.1,2038.05,West,Debit Card,Mobile App,5,8
ORD001577,2024-06-10,CUST00439,Books,Textbook,38.6,4,0,154.4,North,Debit Card,Phone,3,5
ORD001578,2024-10-24,CUST01423,Books,Cookbook,30.57,1,0.2,24.46,South,Credit Card,Mobile App,3,12
ORD001579,2024-10-24,CUST01673,Sports,Football,456.85,4,0.15,1553.29,South,Credit Card,Mobile App,5,9
ORD001580,2024-11-06,CUST00152,Clothing,Jeans,43.67,1,0.1,39.3,South,Bank Transfer,Web,4,6
ORD001581,2024-10-08,CUST00366,Sports,Tennis Racket,92.96,3,0,278.88,North,Mobile Money,Phone,2,14
ORD001582,2024-11-21,CUST00303,Clothing,Jeans,122.4,2,0.15,208.08,Central,Mobile Money,Web,3,7
ORD001583,2024-03-25,CUST01736,Sports,Football,595.44,3,0.05,1697.0,East,Credit Card,Web,4,13
ORD001584,2024-01-16,CUST00338,Electronics,Laptop,1174.19,1,0.2,939.35,Central,Credit Card,Web,3,12
ORD001585,2024-10-02,CUST00118,Clothing,Sneakers,143.43,1,0.05,136.26,Central,Credit Card,Mobile App,4,6
ORD001586,2024-05-28,CUST00535,Home,Blender,273.79,5,0.15,1163.61,South,Credit Card,Mobile App,5,10
ORD001587,2024-02-09,CUST01689,Sports,Tennis Racket,391.89,4,0.1,1410.8,East,Bank Transfer,Web,3,6
ORD001588,2024-01-14,CUST00101,Books,Biography,7.22,4,0.05,27.44,North,PayPal,Mobile App,1,7
ORD001589,2024-09-21,CUST00308,Home,Pillow,146.47,3,0.15,373.5,West,Mobile Money,Web,4,4
ORD001590,2024-06-13,CUST00101,Books,Textbook,48.87,5,0,244.35,East,PayPal,Mobile App,4,13
ORD001591,2024-01-21,CUST00109,Sports,Dumbbell,589.09,5,0.15,2503.63,West,Debit Card,Mobile App,5,7
ORD001592,2024-01-09,CUST01595,Sports,Tennis Racket,455.44,5,0,2277.2,Central,Debit Card,Mobile App,5,2
ORD001593,2024-07-19,CUST01083,Electronics,Tablet,1212.89,1,0.2,970.31,North,Bank Transfer,Web,4,5
ORD001594,2024-05-07,CUST00775,Home,Pillow,83.32,4,0.05,316.62,South,Bank Transfer,Web,4,7
ORD001595,2024-12-22,CUST01389,Home,Chair,74.62,1,0,74.62,East,Debit Card,In-Store,4,7
ORD001596,2024-03-07,CUST01486,Home,Chair,22.97,4,0.2,73.5,Central,Mobile Money,Mobile App,5,2
ORD001597,2024-07-18,CUST01294,Home,Table,46.63,1,0.2,37.3,West,Debit Card,In-Store,4,13
ORD001598,2024-07-25,CUST01477,Home,Table,348.52,1,0,348.52,East,PayPal,Mobile App,5,5
ORD001599,2024-07-12,CUST01623,Clothing,Socks,13.26,1,0.05,12.6,East,PayPal,Web,3,13
ORD001600,2024-12-23,CUST00366,Clothing,Socks,25.26,2,0.1,45.47,East,PayPal,Mobile App,4,8
ORD001601,2024-05-28,CUST00118,Sports,Bicycle,67.99,3,0,203.97,East,Debit Card,Mobile App,4,4
ORD001602,2024-10-27,CUST01452,Clothing,Jacket,37.21,5,0,186.05,North,Mobile Money,Mobile App,3,13
ORD001603,2024-09-26,CUST01800,Clothing,T-Shirt,22.61,5,0.05,107.4,North,Bank Transfer,Web,4,10
ORD001604,2024-04-20,CUST01319,Clothing,Jeans,93.06,2,0.05,176.81,East,Debit Card,Web,2,7
ORD001605,2024-11-09,CUST01018,Electronics,Camera,161.42,1,0.2,129.14,East,Mobile Money,Web,5,8
ORD001606,2024-01-06,CUST00428,Sports,Dumbbell,627.55,5,0,3137.75,North,Credit Card,Web,5,6
ORD001607,2024-01-07,CUST00773,Books,Novel,35.24,5,0.1,158.58,East,Mobile Money,Phone,3,5
ORD001608,2024-11-13,CUST00803,Home,Toaster,61.08,4,0,244.32,East,Bank Transfer,In-Store,4,3
ORD001609,2024-03-04,CUST01310,Electronics,Laptop,501.28,1,0.2,401.02,Central,PayPal,Web,5,9
ORD001610,2024-06-24,CUST01202,Home,Chair,104.07,5,0.05,494.33,South,Mobile Money,Mobile App,5,3
ORD001611,2024-02-07,CUST00564,Clothing,Jeans,94.92,5,0,474.6,East,PayPal,Phone,3,2
ORD001612,2024-09-23,CUST01927,Electronics,Tablet,1403.98,3,0,4211.94,North,PayPal,Web,4,13
ORD001613,2024-08-10,CUST01524,Home,Chair,204.56,4,0.05,777.33,North,Bank Transfer,Web,5,2
ORD001614,2024-04-08,CUST00114,Clothing,Sneakers,119.24,1,0,119.24,Central,Debit Card,In-Store,5,7
ORD001615,2024-03-19,CUST00149,Books,Cookbook,9.86,1,0.05,9.37,East,Debit Card,Web,4,3
ORD001616,2024-08-08,CUST00376,Clothing,Jacket,135.65,3,0,406.95,West,Bank Transfer,Web,4,8
ORD001617,2024-04-17,CUST01703,Books,Biography,46.97,2,0.1,84.55,East,PayPal,Web,5,2
ORD001618,2024-09-27,CUST01598,Clothing,Jacket,135.49,1,0.2,108.39,South,PayPal,In-Store,5,4
ORD001619,2024-07-27,CUST00479,Books,Guide,55.2,5,0,276.0,East,Bank Transfer,Web,1,1
ORD001620,2024-01-25,CUST01157,Electronics,Camera,587.32,1,0.1,528.59,Central,Credit Card,In-Store,4,5
ORD001621,2024-10-25,CUST00826,Sports,Basketball,749.27,4,0,2997.08,Central,Bank Transfer,Phone,5,13
ORD001622,2024-10-09,CUST01556,Sports,Tennis Racket,650.29,3,0.2,1560.7,Central,Mobile Money,Web,5,9
ORD001623,2024-07-15,CUST01165,Home,Chair,221.08,3,0.1,596.92,South,Debit Card,In-Store,4,10
ORD001624,2024-10-18,CUST01997,Electronics,Tablet,80.85,5,0,404.25,South,Debit Card,Mobile App,4,2
ORD001625,2024-08-08,CUST01147,Clothing,Jeans,51.22,2,0.2,81.95,North,Mobile Money,Web,5,9
ORD001626,2024-08-01,CUST00063,Books,Textbook,26.89,1,0.05,25.55,West,Debit Card,Mobile App,5,5
ORD001627,2024-06-15,CUST01234,Sports,Bicycle,197.93,5,0,989.65,East,Debit Card,Mobile App,4,11
ORD001628,2024-01-02,CUST01967,Sports,Football,672.06,3,0.2,1612.94,West,Credit Card,Mobile App,5,12
ORD001629,2024-03-16,CUST01563,Sports,Tennis Racket,358.64,1,0.1,322.78,East,Bank Transfer,Mobile App,4,7
ORD001630,2024-07-12,CUST01291,Home,Lamp,316.69,4,0.1,1140.08,North,Debit Card,Web,3,9
ORD001631,2024-04-07,CUST00643,Books,Biography,10.4,2,0.2,16.64,Central,PayPal,Web,5,5
ORD001632,2024-10-27,CUST00637,Clothing,Jacket,65.81,2,0,131.62,Central,PayPal,Web,5,14
ORD001633,2024-01-04,CUST01053,Electronics,Smartphone,743.71,2,0,1487.42,West,Bank Transfer,Phone,4,7
ORD001634,2024-04-13,CUST01369,Electronics,Laptop,219.34,4,0.1,789.62,South,Bank Transfer,In-Store,2,14
ORD001635,2024-01-29,CUST00572,Electronics,Laptop,1420.75,4,0.1,5114.7,North,PayPal,Web,4,14
ORD001636,2024-11-18,CUST01786,Home,Lamp,189.46,2,0.2,303.14,Central,Mobile Money,Phone,5,11
ORD001637,2024-05-23,CUST01835,Clothing,T-Shirt,112.2,2,0.15,190.74,West,Mobile Money,Phone,4,10
ORD001638,2024-07-25,CUST00844,Home,Blender,77.49,4,0,309.96,South,Bank Transfer,Mobile App,5,6
ORD001639,2024-11-16,CUST01890,Electronics,Smartwatch,1208.07,4,0.15,4107.44,West,Credit Card,Mobile App,5,10
ORD001640,2024-07-22,CUST01382,Sports,Football,619.91,3,0,1859.73,Central,PayPal,Web,5,4
ORD001641,2024-06-09,CUST01906,Clothing,Jeans,73.54,1,0,73.54,South,Debit Card,In-Store,4,7
ORD001642,2024-01-06,CUST01842,Electronics,Headphones,839.79,1,0.05,797.8,South,Credit Card,Web,3,10
ORD001643,2024-08-04,CUST01052,Clothing,T-Shirt,63.18,2,0.2,101.09,East,Debit Card,Phone,4,8
ORD001644,2024-04-07,CUST00153,Sports,Tennis Racket,781.62,4,0,3126.48,Central,PayPal,In-Store,3,5
ORD001645,2024-10-23,CUST00289,Sports,Football,586.27,2,0.2,938.03,West,PayPal,Web,4,14
ORD001646,2024-08-19,CUST00513,Electronics,Headphones,449.32,1,0,449.32,North,Mobile Money,Phone,3,9
ORD001647,2024-09-19,CUST00383,Electronics,Smartphone,1362.31,4,0.15,4631.85,North,Credit Card,Mobile App,4,11
ORD001648,2024-04-03,CUST00397,Electronics,Headphones,1346.69,5,0.1,6060.1,East,Bank Transfer,Phone,2,3
ORD001649,2024-12-17,CUST00479,Sports,Tennis Racket,285.31,4,0.2,912.99,West,Debit Card,Mobile App,5,2
ORD001650,2024-01-15,CUST01173,Sports,Basketball,443.94,3,0.05,1265.23,West,Credit Card,Phone,3,13
ORD001651,2024-12-14,CUST00244,Sports,Tennis Racket,580.96,4,0.05,2207.65,West,Mobile Money,Web,5,7
ORD001652,2024-03-16,CUST00032,Books,Textbook,54.52,5,0.2,218.08,East,Credit Card,Phone,5,9
ORD001653,2024-04-24,CUST00672,Clothing,T-Shirt,102.25,2,0,204.5,South,Credit Card,Phone,4,11
ORD001654,2024-02-23,CUST00830,Home,Lamp,314.26,5,0.05,1492.74,Central,Debit Card,Web,4,9
ORD001655,2024-10-17,CUST00936,Clothing,T-Shirt,147.44,2,0,294.88,Central,Credit Card,In-Store,4,4
ORD001656,2024-10-06,CUST01952,Books,Cookbook,38.49,3,0.2,92.38,South,Debit Card,Web,5,14
ORD001657,2024-10-04,CUST01473,Home,Lamp,381.29,2,0.15,648.19,Central,PayPal,In-Store,5,11
ORD001658,2024-11-08,CUST01290,Clothing,Jacket,133.55,3,0.2,320.52,North,Credit Card,In-Store,5,6
ORD001659,2024-01-19,CUST00904,Books,Guide,35.01,4,0.2,112.03,North,PayPal,Mobile App,5,4
ORD001660,2024-10-03,CUST01345,Sports,Dumbbell,369.11,4,0,1476.44,South,Credit Card,Phone,5,5
ORD001661,2024-11-17,CUST00945,Books,Novel,57.99,1,0.15,49.29,West,Bank Transfer,Phone,5,7
ORD001662,2024-09-15,CUST01732,Sports,Basketball,688.48,5,0.05,3270.28,South,Debit Card,In-Store,4,9
ORD001663,2024-11-25,CUST01396,Sports,Basketball,405.25,1,0.2,324.2,Central,Credit Card,Phone,5,11
ORD001664,2024-01-27,CUST01809,Clothing,Socks,97.53,2,0,195.06,North,PayPal,Phone,4,7
ORD001665,2024-01-16,CUST00344,Sports,Yoga Mat,554.78,5,0,2773.9,East,Bank Transfer,Mobile App,4,13
ORD001666,2024-07-20,CUST00808,Home,Table,118.3,2,0.1,212.94,South,Debit Card,In-Store,4,14
ORD001667,2024-03-09,CUST01515,Sports,Yoga Mat,164.84,2,0.15,280.23,Central,PayPal,Phone,5,14
ORD001668,2024-06-23,CUST00534,Clothing,Jeans,86.47,5,0,432.35,North,PayPal,Mobile App,4,9
ORD001669,2024-06-24,CUST01984,Home,Pillow,395.91,4,0,1583.64,Central,Debit Card,Phone,4,10
ORD001670,2024-12-17,CUST00458,Clothing,Socks,41.12,5,0.1,185.04,Central,Credit Card,Phone,4,6
ORD001671,2024-05-14,CUST01945,Home,Lamp,381.38,4,0.1,1372.97,Central,PayPal,Web,5,10
ORD001672,2024-05-13,CUST00398,Home,Blender,312.61,3,0.2,750.26,East,Bank Transfer,Web,4,11
ORD001673,2024-11-02,CUST00097,Sports,Tennis Racket,78.12,1,0.05,74.21,South,Bank Transfer,In-Store,4,10
ORD001674,2024-07-05,CUST00630,Clothing,Jacket,121.08,1,0.2,96.86,North,PayPal,In-Store,4,8
ORD001675,2024-04-20,CUST00750,Electronics,Tablet,1250.02,2,0,2500.04,Central,Debit Card,Phone,5,8
ORD001676,2024-06-11,CUST01966,Sports,Football,205.76,4,0.05,781.89,Central,PayPal,Mobile App,1,12
ORD001677,2024-06-30,CUST00785,Electronics,Tablet,1428.06,1,0,1428.06,Central,Bank Transfer,Web,3,12
ORD001678,2024-03-08,CUST00014,Sports,Tennis Racket,388.85,1,0.1,349.96,East,PayPal,Mobile App,5,4
ORD001679,2024-03-24,CUST01916,Sports,Tennis Racket,455.09,3,0.05,1297.01,East,Bank Transfer,Phone,5,7
ORD001680,2024-07-31,CUST00922,Electronics,Tablet,1302.85,5,0.1,5862.82,Central,Mobile Money,In-Store,5,5
ORD001681,2024-06-21,CUST01830,Clothing,Jeans,78.98,3,0.1,213.25,East,Bank Transfer,In-Store,5,12
ORD001682,2024-12-30,CUST00590,Sports,Dumbbell,772.34,3,0.2,1853.62,South,Bank Transfer,Mobile App,5,5
ORD001683,2024-01-14,CUST01743,Sports,Football,774.75,4,0,3099.0,North,Credit Card,Web,2,3
ORD001684,2024-04-28,CUST00485,Home,Table,261.08,5,0.15,1109.59,South,Credit Card,In-Store,3,14
ORD001685,2024-09-03,CUST00418,Home,Lamp,95.21,3,0,285.63,West,Bank Transfer,Mobile App,1,11
ORD001686,2024-11-11,CUST01202,Electronics,Tablet,489.73,5,0.1,2203.78,Central,Mobile Money,Mobile App,4,8
ORD001687,2024-05-29,CUST00307,Clothing,Sneakers,72.86,4,0.15,247.72,North,Debit Card,In-Store,5,14
ORD001688,2024-04-17,CUST00143,Sports,Bicycle,568.87,3,0,1706.61,Central,Debit Card,Mobile App,5,12
ORD001689,2024-02-02,CUST01243,Sports,Football,594.9,2,0.2,951.84,South,Credit Card,In-Store,3,10
ORD001690,2024-09-23,CUST00538,Electronics,Laptop,596.88,1,0,596.88,West,Debit Card,Mobile App,3,12
ORD001691,2024-08-29,CUST01447,Sports,Dumbbell,289.11,5,0,1445.55,North,Mobile Money,Mobile App,4,13
ORD001692,2024-07-04,CUST00545,Clothing,Jacket,77.21,3,0,231.63,West,Debit Card,Phone,4,3
ORD001693,2024-09-18,CUST01751,Sports,Football,273.84,5,0,1369.2,West,Mobile Money,Mobile App,5,12
ORD001694,2024-08-13,CUST01322,Electronics,Headphones,126.99,2,0.15,215.88,West,Debit Card,Web,5,8
ORD001695,2024-12-01,CUST00382,Clothing,Jeans,72.01,2,0.1,129.62,North,PayPal,Mobile App,4,3
ORD001696,2024-07-29,CUST01957,Clothing,Hat,143.73,5,0,718.65,North,Mobile Money,In-Store,5,11
ORD001697,2024-10-08,CUST01837,Sports,Football,519.48,2,0.1,935.06,South,PayPal,In-Store,2,12
ORD001698,2024-06-12,CUST00631,Clothing,Hat,129.8,5,0,649.0,East,Mobile Money,Web,4,8
ORD001699,2024-03-23,CUST00594,Books,Guide,45.9,4,0,183.6,South,Credit Card,In-Store,5,5
ORD001700,2024-02-29,CUST00916,Home,Toaster,327.14,4,0.1,1177.7,Central,Bank Transfer,Phone,3,1
ORD001701,2024-01-29,CUST01366,Clothing,Hat,34.41,1,0,34.41,Central,Mobile Money,Phone,3,12
ORD001702,2024-10-23,CUST01938,Electronics,Smartphone,760.97,3,0,2282.91,Central,Debit Card,Mobile App,5,3
ORD001703,2024-07-05,CUST01620,Electronics,Camera,1141.49,1,0,1141.49,North,Bank Transfer,Mobile App,4,3
ORD001704,2024-11-06,CUST01405,Electronics,Laptop,434.7,5,0.05,2064.82,West,Bank Transfer,Phone,5,6
ORD001705,2024-09-20,CUST00485,Clothing,Socks,113.6,3,0.15,289.68,Central,Mobile Money,Web,5,13
ORD001706,2024-07-17,CUST01669,Electronics,Smartphone,75.14,3,0,225.42,Central,Bank Transfer,In-Store,4,2
ORD001707,2024-10-19,CUST01777,Books,Novel,24.08,2,0,48.16,North,Credit Card,Mobile App,5,11
ORD001708,2024-06-27,CUST00190,Sports,Basketball,627.79,5,0.15,2668.11,East,Debit Card,Phone,5,5
ORD001709,2024-10-22,CUST00963,Sports,Basketball,64.22,2,0,128.44,North,Debit Card,Phone,4,2
ORD001710,2024-03-18,CUST00237,Sports,Football,133.24,1,0.15,113.25,South,Debit Card,Web,5,14
ORD001711,2024-02-28,CUST01528,Books,Biography,30.66,2,0,61.32,North,Credit Card,Web,4,7
ORD001712,2024-03-02,CUST00066,Books,Novel,12.12,2,0,24.24,West,Debit Card,In-Store,4,11
ORD001713,2024-04-19,CUST01172,Sports,Dumbbell,747.27,2,0.1,1345.09,South,Mobile Money,Phone,1,6
ORD001714,2024-11-29,CUST01662,Clothing,Hat,11.88,2,0.05,22.57,East,Bank Transfer,Web,5,3
ORD001715,2024-10-12,CUST01281,Home,Chair,53.68,3,0,161.04,Central,Debit Card,In-Store,4,14
ORD001716,2024-11-01,CUST00264,Electronics,Smartwatch,1014.14,2,0,2028.28,North,Bank Transfer,Mobile App,3,12
ORD001717,2024-12-01,CUST01907,Home,Table,292.81,1,0.2,234.25,South,Bank Transfer,In-Store,2,3
ORD001718,2024-08-20,CUST00565,Sports,Dumbbell,662.33,1,0,662.33,South,Mobile Money,In-Store,2,9
ORD001719,2024-03-07,CUST00056,Home,Toaster,156.18,3,0.2,374.83,East,Credit Card,Mobile App,4,1
ORD001720,2024-07-04,CUST00982,Clothing,Sneakers,140.23,4,0,560.92,South,Bank Transfer,Phone,4,5
ORD001721,2024-02-13,CUST01766,Electronics,Smartphone,918.65,1,0.05,872.72,Central,Credit Card,Phone,4,4
ORD001722,2024-02-24,CUST00535,Clothing,Jeans,130.4,5,0.15,554.2,South,Credit Card,Mobile App,4,12
ORD001723,2024-11-11,CUST01854,Home,Lamp,111.13,1,0,111.13,West,Mobile Money,Phone,4,6
ORD001724,2024-10-29,CUST00713,Books,Comic,39.26,3,0.05,111.89,East,PayPal,Phone,4,14
ORD001725,2024-05-08,CUST00006,Clothing,Jeans,45.18,1,0,45.18,North,Credit Card,Web,4,13
ORD001726,2024-07-30,CUST00206,Electronics,Smartwatch,227.82,2,0,455.64,West,Mobile Money,In-Store,4,13
ORD001727,2024-10-05,CUST00200,Electronics,Headphones,284.72,5,0,1423.6,East,Mobile Money,Web,1,3
ORD001728,2024-12-26,CUST00173,Sports,Football,697.38,1,0,697.38,South,Bank Transfer,Web,2,7
ORD001729,2024-04-27,CUST01985,Books,Novel,18.56,4,0.15,63.1,North,PayPal,In-Store,4,9
ORD001730,2024-02-28,CUST00051,Home,Blender,130.59,4,0,522.36,North,Bank Transfer,Phone,5,3
ORD001731,2024-08-06,CUST01221,Home,Toaster,345.87,3,0.05,985.73,East,Mobile Money,Web,5,4
ORD001732,2024-04-12,CUST00321,Electronics,Smartwatch,57.93,2,0.15,98.48,West,PayPal,Phone,5,7
ORD001733,2024-09-25,CUST00284,Books,Textbook,9.34,5,0,46.7,West,Credit Card,Web,3,1
ORD001734,2024-06-18,CUST00052,Home,Blender,174.7,1,0,174.7,North,Credit Card,Web,4,8
ORD001735,2024-01-20,CUST01342,Sports,Dumbbell,539.9,1,0,539.9,East,Bank Transfer,Mobile App,1,9
ORD001736,2024-12-24,CUST01293,Sports,Football,660.03,5,0.2,2640.12,East,Bank Transfer,Web,5,6
ORD001737,2024-03-29,CUST01251,Clothing,Socks,149.65,1,0,149.65,Central,Bank Transfer,Web,1,13
ORD001738,2024-09-11,CUST00809,Sports,Yoga Mat,524.34,5,0.2,2097.36,Central,Bank Transfer,Phone,5,11
ORD001739,2024-08-12,CUST01667,Clothing,Socks,19.12,4,0.1,68.83,West,Mobile Money,In-Store,4,2
ORD001740,2024-09-05,CUST00101,Books,Biography,57.55,2,0,115.1,West,Mobile Money,In-Store,3,4
ORD001741,2024-04-17,CUST01981,Clothing,Jeans,116.71,4,0,466.84,Central,Bank Transfer,In-Store,5,10
ORD001742,2024-01-08,CUST01685,Sports,Football,796.62,4,0.2,2549.18,East,Debit Card,Phone,3,14
ORD001743,2024-08-23,CUST01108,Clothing,T-Shirt,40.01,1,0.1,36.01,South,Credit Card,Web,5,7
ORD001744,2024-12-04,CUST00195,Electronics,Smartphone,1008.1,1,0.15,856.88,Central,Credit Card,Mobile App,5,6
ORD001745,2024-10-26,CUST00301,Sports,Tennis Racket,420.11,5,0.2,1680.44,North,Credit Card,Phone,5,1
ORD001746,2024-09-17,CUST01681,Sports,Tennis Racket,508.25,3,0.15,1296.04,North,Bank Transfer,Phone,2,5
ORD001747,2024-07-01,CUST01511,Home,Toaster,68.22,1,0.05,64.81,South,Bank Transfer,Phone,4,9
ORD001748,2024-02-01,CUST00532,Home,Blender,374.02,5,0,1870.1,Central,Credit Card,Phone,5,8
ORD001749,2024-04-06,CUST00175,Home,Blender,271.63,2,0.2,434.61,East,Bank Transfer,Phone,5,2
ORD001750,2024-10-29,CUST00339,Electronics,Smartphone,790.8,4,0.15,2688.72,Central,Mobile Money,Mobile App,4,8
ORD001751,2024-11-21,CUST00089,Books,Cookbook,56.88,4,0.15,193.39,Central,PayPal,Mobile App,3,12
ORD001752,2024-10-24,CUST00727,Electronics,Tablet,1361.85,1,0.2,1089.48,West,Credit Card,Phone,5,9
ORD001753,2024-04-24,CUST00773,Clothing,Jeans,78.25,5,0.1,352.13,East,Credit Card,Phone,3,10
ORD001754,2024-08-03,CUST00580,Books,Textbook,21.11,1,0.1,19.0,Central,Mobile Money,Phone,5,9
ORD001755,2024-01-14,CUST01048,Clothing,Socks,47.08,5,0.05,223.63,East,Debit Card,Web,3,8
ORD001756,2024-03-13,CUST01912,Electronics,Smartphone,863.21,1,0.05,820.05,East,Bank Transfer,Mobile App,3,14
ORD001757,2024-09-14,CUST01967,Books,Comic,34.84,2,0,69.68,South,PayPal,Phone,5,9
ORD001758,2024-05-12,CUST00310,Sports,Basketball,498.98,4,0,1995.92,Central,Mobile Money,Web,4,7
ORD001759,2024-02-07,CUST01700,Electronics,Smartwatch,1257.88,1,0,1257.88,North,Bank Transfer,Mobile App,3,6
ORD001760,2024-07-27,CUST00437,Sports,Bicycle,655.59,2,0.15,1114.5,West,Mobile Money,Web,3,6
ORD001761,2024-10-11,CUST00821,Clothing,Jeans,16.13,3,0,48.39,East,Credit Card,Mobile App,4,6
ORD001762,2024-11-11,CUST00652,Home,Table,205.8,3,0,617.4,North,Debit Card,In-Store,2,5
ORD001763,2024-09-04,CUST01908,Electronics,Smartwatch,653.77,1,0.05,621.08,North,Bank Transfer,Mobile App,5,12
ORD001764,2024-01-22,CUST01959,Home,Toaster,222.22,5,0.15,944.44,North,Mobile Money,Phone,5,14
ORD001765,2024-05-18,CUST01737,Sports,Basketball,95.58,1,0.05,90.8,North,Debit Card,In-Store,4,10
ORD001766,2024-08-04,CUST01103,Clothing,Sneakers,97.72,3,0.1,263.84,Central,Debit Card,Phone,4,12
ORD001767,2024-10-17,CUST01828,Sports,Tennis Racket,363.47,5,0.05,1726.48,North,PayPal,In-Store,3,10
ORD001768,2024-03-04,CUST01480,Home,Table,324.38,1,0,324.38,Central,Debit Card,Web,4,14
ORD001769,2024-01-23,CUST00145,Books,Comic,18.55,4,0.15,63.07,West,Credit Card,Phone,5,11
ORD001770,2024-10-11,CUST00425,Electronics,Smartphone,1257.16,5,0.2,5028.64,West,PayPal,Mobile App,5,7
ORD001771,2024-07-09,CUST00777,Clothing,T-Shirt,82.05,3,0,246.15,West,Credit Card,Web,4,1
ORD001772,2024-03-10,CUST01990,Sports,Bicycle,528.04,3,0.2,1267.3,Central,PayPal,Mobile App,4,1
ORD001773,2024-10-12,CUST00884,Home,Blender,399.48,3,0.2,958.75,West,Mobile Money,Web,5,6
ORD001774,2024-08-04,CUST01004,Books,Comic,13.9,3,0,41.7,West,PayPal,Web,5,10
ORD001775,2024-09-16,CUST00060,Books,Comic,47.24,2,0,94.48,West,Debit Card,Mobile App,5,14
ORD001776,2024-03-07,CUST00378,Home,Table,322.59,4,0.2,1032.29,West,PayPal,In-Store,5,1
ORD001777,2024-06-26,CUST00110,Electronics,Headphones,967.3,5,0.1,4352.85,North,Mobile Money,Mobile App,3,14
ORD001778,2024-08-19,CUST01806,Clothing,T-Shirt,34.49,3,0,103.47,West,Mobile Money,In-Store,4,7
ORD001779,2024-02-23,CUST00576,Clothing,Jacket,95.86,4,0,383.44,North,Credit Card,In-Store,2,14
ORD001780,2024-07-17,CUST00013,Sports,Yoga Mat,436.06,5,0.15,1853.25,Central,Credit Card,Web,5,8
ORD001781,2024-09-10,CUST00262,Sports,Tennis Racket,785.94,4,0.15,2672.2,South,Credit Card,Mobile App,5,10
ORD001782,2024-05-19,CUST01472,Sports,Yoga Mat,366.39,1,0.2,293.11,West,PayPal,Mobile App,5,11
ORD001783,2024-01-28,CUST00515,Books,Novel,13.1,1,0,13.1,South,Mobile Money,In-Store,3,4
ORD001784,2024-09-29,CUST01135,Books,Comic,43.3,4,0.2,138.56,East,Debit Card,In-Store,2,5
ORD001785,2024-10-12,CUST00477,Sports,Basketball,261.62,1,0.15,222.38,Central,PayPal,In-Store,5,6
ORD001786,2024-06-05,CUST00585,Home,Lamp,27.1,4,0,108.4,West,PayPal,Mobile App,4,14
ORD001787,2024-08-17,CUST01101,Clothing,T-Shirt,25.6,2,0,51.2,Central,Mobile Money,Web,3,8
ORD001788,2024-05-30,CUST01390,Books,Biography,47.03,2,0.15,79.95,South,Mobile Money,Mobile App,5,1
ORD001789,2024-02-07,CUST00725,Clothing,Hat,85.45,2,0.2,136.72,North,Bank Transfer,Web,5,13
ORD001790,2024-01-22,CUST01464,Electronics,Smartwatch,1186.86,2,0.2,1898.98,South,Credit Card,Phone,4,10
ORD001791,2024-03-15,CUST01831,Clothing,Jacket,110.69,5,0.2,442.76,South,PayPal,Mobile App,4,5
ORD001792,2024-02-05,CUST00812,Electronics,Laptop,1293.87,1,0.1,1164.48,West,Mobile Money,In-Store,5,9
ORD001793,2024-05-10,CUST01373,Electronics,Headphones,550.74,2,0,1101.48,East,PayPal,In-Store,3,7
ORD001794,2024-12-18,CUST01235,Electronics,Smartwatch,354.89,5,0,1774.45,Central,Debit Card,Phone,2,12
ORD001795,2024-11-25,CUST00302,Sports,Football,32.14,3,0,96.42,Central,Mobile Money,In-Store,4,14
ORD001796,2024-10-23,CUST01201,Sports,Bicycle,321.08,5,0.1,1444.86,Central,Bank Transfer,Mobile App,4,13
ORD001797,2024-10-23,CUST01716,Sports,Football,258.74,3,0.05,737.41,West,Credit Card,In-Store,5,14
ORD001798,2024-01-19,CUST01766,Books,Guide,12.56,4,0,50.24,Central,Bank Transfer,Phone,5,12
ORD001799,2024-10-12,CUST01214,Home,Chair,118.1,2,0.2,188.96,West,Debit Card,Mobile App,5,4
ORD001800,2024-12-03,CUST00062,Sports,Football,137.74,1,0.15,117.08,West,Debit Card,Mobile App,5,3
ORD001801,2024-04-18,CUST00249,Sports,Tennis Racket,740.84,5,0.1,3333.78,North,Credit Card,Web,3,3
ORD001802,2024-12-20,CUST00945,Clothing,Jeans,134.45,1,0,134.45,West,Mobile Money,Web,4,1
ORD001803,2024-10-12,CUST01386,Electronics,Smartwatch,1269.85,5,0.15,5396.86,West,Mobile Money,Web,5,1
ORD001804,2024-07-15,CUST00592,Sports,Football,657.91,2,0,1315.82,North,Debit Card,In-Store,5,6
ORD001805,2024-01-25,CUST00566,Clothing,Socks,142.08,5,0.1,639.36,West,Bank Transfer,Mobile App,5,4
ORD001806,2024-12-12,CUST00072,Home,Table,172.34,5,0,861.7,North,Debit Card,Web,5,8
ORD001807,2024-10-28,CUST01709,Books,Textbook,5.19,3,0,15.57,North,PayPal,Web,4,12
ORD001808,2024-05-17,CUST00027,Electronics,Headphones,677.63,4,0.05,2574.99,West,PayPal,In-Store,2,14
ORD001809,2024-01-01,CUST01110,Electronics,Camera,180.93,2,0,361.86,East,Credit Card,Phone,5,10
ORD001810,2024-09-24,CUST00753,Sports,Yoga Mat,622.49,4,0,2489.96,Central,Debit Card,Phone,4,7
ORD001811,2024-09-30,CUST01157,Sports,Basketball,249.48,2,0.05,474.01,Central,Mobile Money,Mobile App,5,7
ORD001812,2024-10-03,CUST01138,Sports,Dumbbell,632.23,5,0,3161.15,Central,Bank Transfer,Web,4,8
ORD001813,2024-11-10,CUST00063,Sports,Bicycle,535.12,4,0.2,1712.38,East,Bank Transfer,Phone,3,3
ORD001814,2024-07-12,CUST01218,Home,Blender,339.9,5,0.05,1614.52,South,Debit Card,Web,1,2
ORD001815,2024-11-19,CUST01145,Clothing,Sneakers,133.37,3,0.05,380.1,South,Mobile Money,Web,4,5
ORD001816,2024-03-12,CUST01606,Electronics,Smartwatch,1289.43,5,0,6447.15,West,PayPal,In-Store,5,9
ORD001817,2024-12-27,CUST01532,Home,Lamp,192.32,4,0,769.28,South,Mobile Money,In-Store,2,7
ORD001818,2024-12-10,CUST01321,Sports,Basketball,631.57,1,0.1,568.41,Central,Debit Card,In-Store,5,2
ORD001819,2024-05-16,CUST00289,Sports,Bicycle,481.93,2,0.05,915.67,Central,Mobile Money,In-Store,3,9
ORD001820,2024-07-06,CUST00271,Sports,Football,370.44,3,0.15,944.62,North,Bank Transfer,In-Store,4,11
ORD001821,2024-08-10,CUST00259,Home,Table,202.15,1,0,202.15,North,Bank Transfer,Mobile App,5,3
ORD001822,2024-01-26,CUST00818,Home,Blender,334.74,5,0,1673.7,South,PayPal,Phone,2,5
ORD001823,2024-08-28,CUST01031,Electronics,Headphones,298.93,2,0,597.86,South,Bank Transfer,In-Store,5,12
ORD001824,2024-11-29,CUST01673,Home,Lamp,37.49,4,0.1,134.96,Central,Debit Card,Mobile App,5,12
ORD001825,2024-08-02,CUST01929,Home,Pillow,189.26,1,0,189.26,Central,PayPal,Web,2,8
ORD001826,2024-12-23,CUST00121,Electronics,Laptop,1190.14,5,0.15,5058.09,North,Credit Card,In-Store,5,1
ORD001827,2024-12-02,CUST00381,Sports,Basketball,678.2,1,0.2,542.56,West,Credit Card,Web,3,12
ORD001828,2024-10-18,CUST00090,Home,Chair,379.6,4,0,1518.4,North,Mobile Money,Web,2,13
ORD001829,2024-09-04,CUST01435,Books,Cookbook,22.27,1,0,22.27,North,Bank Transfer,In-Store,3,9
ORD001830,2024-10-17,CUST00847,Home,Pillow,127.82,2,0.2,204.51,Central,Bank Transfer,Mobile App,5,14
ORD001831,2024-08-29,CUST00847,Books,Comic,12.23,3,0,36.69,North,Bank Transfer,Mobile App,5,8
ORD001832,2024-02-06,CUST00681,Clothing,Jacket,123.53,1,0,123.53,North,Debit Card,In-Store,1,13
ORD001833,2024-04-03,CUST01828,Sports,Bicycle,496.4,2,0.15,843.88,East,Debit Card,In-Store,3,8
ORD001834,2024-03-18,CUST00124,Home,Toaster,309.12,2,0,618.24,West,PayPal,Phone,4,1
ORD001835,2024-05-08,CUST01907,Books,Biography,15.66,5,0,78.3,Central,Bank Transfer,Mobile App,5,9
ORD001836,2024-11-18,CUST00611,Home,Chair,137.4,2,0.05,261.06,West,Debit Card,Web,5,6
ORD001837,2024-12-26,CUST00738,Home,Lamp,186.52,4,0,746.08,West,Bank Transfer,In-Store,2,6
ORD001838,2024-10-16,CUST01689,Electronics,Tablet,1443.34,2,0,2886.68,North,Bank Transfer,Web,3,9
ORD001839,2024-12-24,CUST00057,Home,Table,56.25,4,0.15,191.25,Central,Credit Card,Mobile App,4,2
ORD001840,2024-02-18,CUST01407,Electronics,Laptop,720.91,5,0.05,3424.32,North,Debit Card,In-Store,4,13
ORD001841,2024-12-17,CUST00345,Home,Pillow,377.84,4,0,1511.36,North,Mobile Money,In-Store,5,4
ORD001842,2024-03-31,CUST01829,Home,Table,283.97,1,0.15,241.37,North,Debit Card,Mobile App,5,8
ORD001843,2024-03-21,CUST01556,Home,Toaster,152.58,1,0,152.58,North,Credit Card,In-Store,5,2
ORD001844,2024-12-01,CUST01205,Home,Chair,347.19,2,0,694.38,East,Mobile Money,In-Store,4,1
ORD001845,2024-08-14,CUST01730,Books,Comic,7.41,4,0,29.64,South,Mobile Money,Web,5,6
ORD001846,2024-12-07,CUST00135,Sports,Bicycle,305.6,1,0,305.6,North,Credit Card,Phone,5,5
ORD001847,2024-12-19,CUST00243,Sports,Basketball,776.47,1,0,776.47,North,PayPal,In-Store,5,3
ORD001848,2024-12-23,CUST00583,Electronics,Smartphone,671.19,5,0.1,3020.35,North,Credit Card,In-Store,5,11
ORD001849,2024-11-11,CUST01966,Sports,Football,765.22,3,0.1,2066.09,Central,PayPal,In-Store,5,13
ORD001850,2024-01-24,CUST00145,Clothing,Jacket,106.04,3,0,318.12,North,Credit Card,Phone,4,8
ORD001851,2024-10-19,CUST01872,Sports,Tennis Racket,30.18,1,0.05,28.67,Central,Credit Card,Web,4,9
ORD001852,2024-12-22,CUST00981,Books,Guide,29.16,3,0,87.48,Central,PayPal,Mobile App,5,12
ORD001853,2024-10-24,CUST00768,Clothing,Socks,37.14,3,0,111.42,South,Credit Card,Web,4,7
ORD001854,2024-06-16,CUST00330,Books,Biography,25.73,2,0,51.46,East,Credit Card,Web,1,8
ORD001855,2024-04-04,CUST00941,Clothing,Sneakers,53.83,2,0.05,102.28,Central,PayPal,Mobile App,3,10
ORD001856,2024-03-17,CUST00454,Electronics,Camera,320.82,5,0.15,1363.49,East,PayPal,Web,4,2
ORD001857,2024-11-25,CUST00864,Electronics,Camera,1191.81,5,0,5959.05,North,PayPal,Mobile App,5,1
ORD001858,2024-05-04,CUST01816,Sports,Tennis Racket,732.55,5,0,3662.75,North,Credit Card,Phone,1,7
ORD001859,2024-05-24,CUST00686,Books,Textbook,48.7,5,0,243.5,West,PayPal,Phone,5,6
ORD001860,2024-10-30,CUST00639,Sports,Basketball,88.43,5,0.15,375.83,South,Mobile Money,Web,5,4
ORD001861,2024-01-05,CUST00290,Clothing,Sneakers,103.95,2,0.2,166.32,West,PayPal,In-Store,5,9
ORD001862,2024-12-21,CUST00003,Clothing,T-Shirt,45.82,4,0,183.28,West,Credit Card,Web,4,13
ORD001863,2024-04-02,CUST01435,Home,Chair,101.88,5,0,509.4,South,Credit Card,Mobile App,3,2
ORD001864,2024-09-07,CUST01406,Home,Toaster,317.49,5,0.1,1428.7,East,Bank Transfer,Web,5,7
ORD001865,2024-07-09,CUST01128,Electronics,Laptop,779.54,2,0.1,1403.17,North,Bank Transfer,In-Store,3,10
ORD001866,2024-12-19,CUST01139,Books,Guide,58.5,2,0.15,99.45,Central,Credit Card,Web,3,13
ORD001867,2024-04-20,CUST00769,Home,Chair,199.32,5,0.2,797.28,Central,Debit Card,Phone,3,3
ORD001868,2024-01-28,CUST01053,Sports,Yoga Mat,278.73,3,0.2,668.95,South,Debit Card,Phone,5,3
ORD001869,2024-05-30,CUST01281,Electronics,Laptop,307.57,2,0.1,553.63,South,Debit Card,Mobile App,4,1
ORD001870,2024-12-01,CUST00270,Home,Lamp,121.81,4,0,487.24,Central,Credit Card,Web,3,7
ORD001871,2024-01-06,CUST01507,Home,Toaster,246.94,2,0.15,419.8,North,Debit Card,Web,5,11
ORD001872,2024-03-08,CUST00899,Clothing,T-Shirt,48.78,2,0,97.56,West,PayPal,Mobile App,2,12
ORD001873,2024-03-07,CUST00856,Electronics,Smartphone,590.75,2,0,1181.5,East,Credit Card,Phone,4,5
ORD001874,2024-10-31,CUST01697,Books,Textbook,5.16,1,0,5.16,West,Mobile Money,Phone,3,6
ORD001875,2024-03-08,CUST01401,Books,Cookbook,10.28,5,0,51.4,North,Debit Card,Web,5,7
ORD001876,2024-03-22,CUST01958,Electronics,Headphones,482.88,5,0,2414.4,Central,Debit Card,Web,4,13
ORD001877,2024-05-21,CUST00793,Electronics,Tablet,409.52,5,0.2,1638.08,West,Debit Card,Mobile App,3,10
ORD001878,2024-01-08,CUST00752,Electronics,Smartphone,1411.38,4,0.05,5363.24,West,Bank Transfer,In-Store,4,14
ORD001879,2024-04-29,CUST01905,Books,Biography,30.33,1,0.05,28.81,South,Credit Card,Phone,5,6
ORD001880,2024-05-10,CUST00075,Home,Lamp,131.73,3,0.2,316.15,West,Mobile Money,Phone,4,4
ORD001881,2024-08-01,CUST00620,Home,Toaster,311.53,2,0.1,560.75,Central,Mobile Money,Mobile App,3,8
ORD001882,2024-08-10,CUST00241,Clothing,Jeans,128.51,4,0,514.04,North,PayPal,Mobile App,5,5
ORD001883,2024-10-11,CUST00546,Clothing,Sneakers,103.17,3,0.15,263.08,South,Credit Card,Web,5,9
ORD001884,2024-11-14,CUST00303,Books,Cookbook,57.27,5,0,286.35,South,PayPal,Web,5,11
ORD001885,2024-04-12,CUST01649,Sports,Tennis Racket,552.5,3,0,1657.5,South,Debit Card,In-Store,4,8
ORD001886,2024-04-30,CUST00534,Clothing,Jacket,103.34,3,0.1,279.02,South,Credit Card,Mobile App,3,2
ORD001887,2024-07-26,CUST01473,Electronics,Camera,1259.96,5,0.05,5984.81,East,PayPal,Phone,1,13
ORD001888,2024-06-18,CUST00823,Books,Guide,36.0,3,0.05,102.6,Central,PayPal,In-Store,5,4
ORD001889,2024-05-18,CUST01908,Home,Chair,183.09,5,0.05,869.68,Central,Bank Transfer,Phone,4,13
ORD001890,2024-02-10,CUST00585,Electronics,Headphones,352.5,3,0,1057.5,East,Credit Card,Web,3,10
ORD001891,2024-02-14,CUST00380,Home,Toaster,368.07,3,0.1,993.79,West,Bank Transfer,Mobile App,5,6
ORD001892,2024-08-16,CUST01748,Home,Toaster,161.8,3,0.2,388.32,South,Credit Card,Phone,4,14
ORD001893,2024-05-16,CUST00251,Home,Chair,107.24,5,0,536.2,East,Credit Card,In-Store,3,11
ORD001894,2024-02-29,CUST00649,Sports,Tennis Racket,172.42,2,0.05,327.6,East,Debit Card,Web,3,8
ORD001895,2024-02-23,CUST01395,Sports,Dumbbell,191.61,4,0,766.44,North,Credit Card,Web,5,8
ORD001896,2024-02-10,CUST01125,Sports,Yoga Mat,737.41,2,0,1474.82,West,Credit Card,In-Store,4,6
ORD001897,2024-03-31,CUST01856,Clothing,Jeans,60.78,3,0.15,154.99,Central,Mobile Money,In-Store,5,5
ORD001898,2024-03-24,CUST01913,Books,Novel,11.18,2,0.15,19.01,North,Bank Transfer,Phone,5,13
ORD001899,2024-08-24,CUST01183,Home,Pillow,330.84,2,0.05,628.6,West,Mobile Money,In-Store,4,7
ORD001900,2024-02-01,CUST00096,Clothing,Jeans,75.52,1,0,75.52,East,Debit Card,Phone,4,9
ORD001901,2024-11-28,CUST00094,Electronics,Laptop,1394.98,3,0,4184.94,North,Credit Card,Mobile App,4,8
ORD001902,2024-06-12,CUST01735,Clothing,Socks,27.92,3,0,83.76,South,Credit Card,Phone,4,1
ORD001903,2024-03-04,CUST00446,Sports,Yoga Mat,196.83,5,0.15,836.53,West,Bank Transfer,Web,5,8
ORD001904,2024-11-14,CUST01453,Clothing,T-Shirt,37.78,2,0.05,71.78,South,Bank Transfer,Phone,3,3
ORD001905,2024-11-19,CUST01606,Electronics,Smartwatch,985.07,5,0.15,4186.55,South,PayPal,Mobile App,5,12
ORD001906,2024-03-16,CUST01311,Home,Toaster,150.62,2,0,301.24,West,Debit Card,Mobile App,3,9
ORD001907,2024-08-30,CUST01697,Sports,Tennis Racket,155.96,3,0,467.88,South,PayPal,Mobile App,4,3
ORD001908,2024-01-18,CUST00188,Clothing,Sneakers,69.76,5,0,348.8,North,Bank Transfer,Phone,4,1
ORD001909,2024-03-02,CUST01653,Sports,Basketball,323.49,4,0.2,1035.17,South,Debit Card,Phone,5,1
ORD001910,2024-02-21,CUST01732,Electronics,Laptop,762.52,2,0.05,1448.79,Central,Debit Card,Mobile App,4,12
ORD001911,2024-05-14,CUST00529,Electronics,Headphones,1016.02,4,0.15,3454.47,West,Mobile Money,Mobile App,5,6
ORD001912,2024-12-19,CUST00291,Books,Comic,12.21,2,0,24.42,South,Bank Transfer,Web,5,11
ORD001913,2024-10-13,CUST01758,Electronics,Smartwatch,473.45,2,0,946.9,Central,Debit Card,Mobile App,5,3
ORD001914,2024-11-12,CUST00692,Home,Blender,37.01,2,0.2,59.22,South,PayPal,Web,5,7
ORD001915,2024-05-05,CUST01327,Clothing,Socks,120.65,4,0.2,386.08,North,Bank Transfer,Web,3,5
ORD001916,2024-04-30,CUST01371,Books,Guide,48.61,3,0,145.83,East,Debit Card,In-Store,1,13
ORD001917,2024-12-03,CUST01587,Electronics,Camera,864.44,2,0,1728.88,West,Debit Card,Phone,2,11
ORD001918,2024-10-19,CUST00970,Electronics,Smartwatch,1187.59,4,0,4750.36,East,Mobile Money,Web,5,6
ORD001919,2024-10-18,CUST00357,Home,Blender,32.34,3,0,97.02,North,PayPal,Web,2,7
ORD001920,2024-08-07,CUST01167,Home,Lamp,44.83,3,0,134.49,North,Bank Transfer,Phone,3,10
ORD001921,2024-07-02,CUST00124,Clothing,Hat,54.95,5,0.05,261.01,West,Credit Card,Mobile App,5,1
ORD001922,2024-01-08,CUST01776,Home,Chair,182.32,2,0.15,309.94,West,Credit Card,Mobile App,3,12
ORD001923,2024-05-04,CUST00881,Electronics,Smartphone,495.85,2,0.1,892.53,Central,Mobile Money,Phone,5,9
ORD001924,2024-09-24,CUST00152,Sports,Bicycle,374.04,1,0.1,336.64,South,Mobile Money,Phone,4,8
ORD001925,2024-08-12,CUST01383,Clothing,T-Shirt,121.7,2,0,243.4,North,Mobile Money,In-Store,4,12
ORD001926,2024-10-05,CUST00486,Sports,Tennis Racket,437.12,4,0.15,1486.21,South,Bank Transfer,In-Store,5,4
ORD001927,2024-06-07,CUST01954,Electronics,Smartwatch,182.96,4,0,731.84,Central,Bank Transfer,In-Store,3,3
ORD001928,2024-10-27,CUST01725,Clothing,T-Shirt,30.26,2,0,60.52,North,PayPal,Phone,2,13
ORD001929,2024-08-21,CUST00582,Books,Comic,59.63,5,0.15,253.43,West,Credit Card,Web,5,1
ORD001930,2024-06-05,CUST01363,Clothing,Sneakers,145.54,4,0.05,553.05,West,Mobile Money,Phone,3,5
ORD001931,2024-08-02,CUST00790,Sports,Dumbbell,482.61,3,0,1447.83,East,Mobile Money,Web,5,5
ORD001932,2024-06-10,CUST00964,Home,Lamp,23.88,2,0,47.76,South,Credit Card,Phone,4,5
ORD001933,2024-02-10,CUST01301,Sports,Dumbbell,500.84,4,0.05,1903.19,Central,PayPal,Mobile App,2,10
ORD001934,2024-07-08,CUST01473,Books,Textbook,22.66,1,0.15,19.26,North,Debit Card,In-Store,5,6
ORD001935,2024-12-11,CUST00614,Electronics,Smartphone,817.07,4,0.05,3104.87,South,Credit Card,In-Store,3,10
ORD001936,2024-10-18,CUST01253,Home,Toaster,253.99,5,0.2,1015.96,West,PayPal,In-Store,5,7
ORD001937,2024-05-14,CUST01930,Books,Textbook,21.42,3,0.2,51.41,East,Debit Card,In-Store,5,12
ORD001938,2024-03-03,CUST01901,Home,Lamp,319.81,3,0.1,863.49,Central,Bank Transfer,Mobile App,4,13
ORD001939,2024-10-23,CUST00464,Sports,Basketball,670.35,3,0,2011.05,Central,PayPal,Phone,4,5
ORD001940,2024-03-15,CUST01216,Electronics,Smartwatch,1150.65,5,0,5753.25,East,Bank Transfer,Phone,3,3
ORD001941,2024-12-08,CUST01316,Sports,Bicycle,392.08,2,0.1,705.74,Central,Bank Transfer,In-Store,5,2
ORD001942,2024-10-19,CUST00126,Clothing,Jeans,24.51,1,0.2,19.61,South,Credit Card,Phone,5,13
ORD001943,2024-04-08,CUST01454,Electronics,Headphones,523.89,5,0,2619.45,West,PayPal,In-Store,3,8
ORD001944,2024-05-05,CUST00619,Sports,Basketball,690.13,2,0,1380.26,East,Bank Transfer,Phone,1,14
ORD001945,2024-11-08,CUST00112,Home,Blender,372.63,2,0.15,633.47,North,Debit Card,In-Store,4,2
ORD001946,2024-07-20,CUST01083,Clothing,T-Shirt,38.57,4,0,154.28,Central,Mobile Money,Mobile App,5,6
ORD001947,2024-10-11,CUST01989,Sports,Yoga Mat,509.84,4,0,2039.36,North,Bank Transfer,Mobile App,5,2
ORD001948,2024-05-12,CUST00813,Home,Pillow,153.79,3,0,461.37,West,Debit Card,Web,4,2
ORD001949,2024-05-31,CUST00391,Clothing,Hat,87.1,1,0,87.1,West,Debit Card,Mobile App,5,1
ORD001950,2024-05-15,CUST01344,Clothing,Jeans,53.4,3,0,160.2,North,Credit Card,In-Store,4,4
ORD001951,2024-12-20,CUST01348,Books,Guide,36.87,5,0.15,156.7,West,Bank Transfer,Web,5,1
ORD001952,2024-05-23,CUST01194,Sports,Bicycle,264.76,2,0.1,476.57,North,Debit Card,Web,4,11
ORD001953,2024-05-14,CUST00077,Books,Biography,53.91,1,0.05,51.21,East,Debit Card,In-Store,3,1
ORD001954,2024-03-24,CUST01146,Clothing,Jeans,85.12,3,0,255.36,Central,PayPal,Phone,3,7
ORD001955,2024-03-22,CUST00274,Home,Chair,187.66,3,0.15,478.53,Central,Debit Card,Mobile App,4,1
ORD001956,2024-02-25,CUST01798,Clothing,T-Shirt,28.82,4,0.1,103.75,North,Debit Card,Web,3,4
ORD001957,2024-12-20,CUST01846,Clothing,Jacket,67.16,4,0,268.64,West,Mobile Money,In-Store,2,14
ORD001958,2024-09-01,CUST00712,Electronics,Headphones,1291.06,2,0.2,2065.7,East,Debit Card,Web,5,3
ORD001959,2024-03-29,CUST01505,Home,Pillow,157.53,1,0,157.53,Central,Bank Transfer,In-Store,5,14
ORD001960,2024-03-08,CUST01107,Books,Textbook,17.92,2,0,35.84,East,Mobile Money,Web,1,13
ORD001961,2024-08-20,CUST01962,Sports,Bicycle,641.79,1,0,641.79,South,Debit Card,In-Store,5,1
ORD001962,2024-05-12,CUST01120,Home,Lamp,184.15,4,0.2,589.28,West,Credit Card,Phone,5,11
ORD001963,2024-11-14,CUST01231,Books,Comic,50.37,4,0,201.48,South,PayPal,Web,5,7
ORD001964,2024-08-13,CUST01388,Home,Pillow,223.53,5,0.2,894.12,West,Debit Card,In-Store,4,9
ORD001965,2024-10-26,CUST00703,Electronics,Smartphone,275.55,5,0,1377.75,West,Mobile Money,In-Store,5,12
ORD001966,2024-09-05,CUST00385,Home,Toaster,294.01,2,0,588.02,West,Bank Transfer,Web,3,13
ORD001967,2024-03-02,CUST01979,Clothing,T-Shirt,28.2,1,0,28.2,Central,Credit Card,Mobile App,4,12
ORD001968,2024-12-08,CUST01999,Home,Pillow,227.83,5,0,1139.15,North,Mobile Money,Web,5,14
ORD001969,2024-03-18,CUST01204,Books,Comic,43.15,2,0.1,77.67,Central,Bank Transfer,In-Store,4,12
ORD001970,2024-02-22,CUST00292,Home,Chair,245.3,1,0.05,233.03,West,Mobile Money,In-Store,3,4
ORD001971,2024-07-03,CUST00307,Clothing,Hat,73.62,2,0,147.24,South,Credit Card,Phone,5,3
ORD001972,2024-11-26,CUST01963,Books,Guide,22.63,3,0.1,61.1,South,Debit Card,Web,4,12
ORD001973,2024-06-03,CUST01854,Sports,Basketball,177.84,3,0,533.52,North,PayPal,Phone,4,9
ORD001974,2024-08-25,CUST00341,Sports,Tennis Racket,739.51,1,0,739.51,North,PayPal,Phone,1,13
ORD001975,2024-06-09,CUST01397,Sports,Bicycle,292.5,5,0.2,1170.0,West,Mobile Money,In-Store,4,10
ORD001976,2024-11-02,CUST00849,Clothing,Sneakers,69.8,2,0,139.6,South,PayPal,Mobile App,5,8
ORD001977,2024-07-02,CUST00036,Books,Biography,22.54,2,0,45.08,West,Credit Card,Phone,4,6
ORD001978,2024-01-15,CUST01173,Sports,Football,130.57,5,0,652.85,South,Debit Card,In-Store,4,2
ORD001979,2024-01-22,CUST00651,Electronics,Tablet,1389.89,4,0,5559.56,East,Bank Transfer,Phone,3,4
ORD001980,2024-07-28,CUST01275,Books,Textbook,30.48,2,0.15,51.82,East,Debit Card,Web,4,7
ORD001981,2024-09-20,CUST01370,Books,Novel,23.44,3,0.1,63.29,Central,PayPal,Web,1,4
ORD001982,2024-01-21,CUST01176,Clothing,Socks,24.98,5,0.2,99.92,Central,Debit Card,Mobile App,2,2
ORD001983,2024-03-29,CUST00763,Electronics,Smartphone,1283.23,1,0.2,1026.58,East,Bank Transfer,Web,5,12
ORD001984,2024-08-01,CUST00823,Home,Toaster,74.16,4,0.1,266.98,East,Credit Card,Web,4,13
ORD001985,2024-10-02,CUST00634,Sports,Football,434.05,3,0.1,1171.93,East,Debit Card,Web,2,1
ORD001986,2024-08-14,CUST00984,Books,Textbook,36.35,5,0.05,172.66,South,PayPal,In-Store,4,13
ORD001987,2024-06-08,CUST00244,Books,Guide,27.09,4,0.15,92.11,Central,Mobile Money,Mobile App,5,4
ORD001988,2024-08-11,CUST00367,Home,Pillow,84.41,5,0,422.05,North,Debit Card,Mobile App,5,1
ORD001989,2024-11-09,CUST00445,Home,Pillow,39.63,3,0,118.89,North,PayPal,Phone,3,9
ORD001990,2024-11-10,CUST01691,Sports,Bicycle,695.36,1,0.05,660.59,West,Bank Transfer,In-Store,4,10
ORD001991,2024-04-11,CUST01126,Sports,Football,528.32,5,0.15,2245.36,North,Credit Card,Mobile App,3,7
ORD001992,2024-01-02,CUST00713,Books,Biography,6.15,2,0.15,10.46,South,Debit Card,In-Store,3,4
ORD001993,2024-06-13,CUST00669,Sports,Dumbbell,167.07,1,0,167.07,South,PayPal,Mobile App,4,9
ORD001994,2024-12-18,CUST00856,Clothing,Hat,109.37,3,0.1,295.3,Central,Debit Card,Web,3,1
ORD001995,2024-08-22,CUST01912,Books,Biography,34.37,4,0,137.48,South,Debit Card,Mobile App,5,14
ORD001996,2024-07-16,CUST01808,Sports,Basketball,707.97,5,0.1,3185.86,South,Debit Card,Phone,4,7
ORD001997,2024-10-04,CUST01537,Electronics,Smartwatch,537.52,1,0.15,456.89,West,Debit Card,Phone,5,8
ORD001998,2024-02-25,CUST00153,Electronics,Smartphone,679.38,3,0.2,1630.51,South,Debit Card,Mobile App,2,4
ORD001999,2024-10-03,CUST01498,Clothing,Socks,95.23,1,0.15,80.95,South,PayPal,Mobile App,5,8
ORD002000,2024-06-15,CUST01566,Sports,Bicycle,687.79,5,0.05,3267.0,North,Mobile Money,Phone,5,8
ORD002001,2024-11-18,CUST01691,Books,Novel,40.79,4,0.2,130.53,Central,Debit Card,Web,5,11
ORD002002,2024-02-08,CUST00957,Sports,Tennis Racket,98.35,3,0,295.05,Central,Mobile Money,Phone,4,2
ORD002003,2024-08-02,CUST01093,Books,Cookbook,43.21,3,0.1,116.67,South,Bank Transfer,In-Store,4,6
ORD002004,2024-03-18,CUST00772,Books,Textbook,45.39,1,0.15,38.58,East,Mobile Money,Phone,5,13
ORD002005,2024-02-18,CUST00918,Clothing,Hat,131.78,5,0.2,527.12,South,PayPal,Mobile App,3,6
ORD002006,2024-11-21,CUST00911,Home,Chair,246.9,4,0.15,839.46,East,Debit Card,Web,2,8
ORD002007,2024-08-04,CUST00624,Home,Pillow,197.94,5,0.05,940.21,North,Mobile Money,Phone,4,8
ORD002008,2024-06-06,CUST01020,Electronics,Smartwatch,55.58,5,0.05,264.01,East,Bank Transfer,In-Store,4,11
ORD002009,2024-09-17,CUST01246,Sports,Tennis Racket,241.7,3,0,725.1,Central,PayPal,Web,3,7
ORD002010,2024-11-18,CUST00817,Books,Textbook,20.89,4,0.1,75.2,Central,Bank Transfer,Web,3,7
ORD002011,2024-06-10,CUST01239,Home,Toaster,220.48,3,0,661.44,South,Bank Transfer,Phone,1,1
ORD002012,2024-07-23,CUST00940,Home,Chair,60.53,1,0,60.53,North,Mobile Money,Phone,2,5
ORD002013,2024-10-05,CUST01095,Sports,Tennis Racket,723.35,1,0.2,578.68,East,PayPal,Web,4,13
ORD002014,2024-10-11,CUST01364,Clothing,T-Shirt,87.88,5,0.1,395.46,North,PayPal,Phone,3,5
ORD002015,2024-08-30,CUST01751,Sports,Tennis Racket,204.83,5,0.15,870.53,North,Bank Transfer,In-Store,4,7
ORD002016,2024-07-08,CUST00097,Clothing,T-Shirt,30.91,4,0.2,98.91,North,Debit Card,Web,5,11
ORD002017,2024-10-30,CUST01595,Home,Pillow,165.3,4,0,661.2,Central,PayPal,Mobile App,5,1
ORD002018,2024-10-16,CUST00898,Home,Blender,127.72,5,0,638.6,Central,PayPal,Phone,3,8
ORD002019,2024-01-10,CUST01088,Sports,Football,412.07,4,0.15,1401.04,West,Debit Card,Phone,5,11
ORD002020,2024-07-09,CUST00252,Electronics,Laptop,213.85,2,0.05,406.31,North,Debit Card,In-Store,5,5
ORD002021,2024-07-20,CUST01363,Home,Table,65.64,5,0,328.2,East,Mobile Money,Phone,4,14
ORD002022,2024-03-13,CUST00259,Home,Chair,130.84,1,0.05,124.3,North,PayPal,In-Store,5,10
ORD002023,2024-08-05,CUST00378,Sports,Dumbbell,700.35,2,0,1400.7,South,Credit Card,Web,5,6
ORD002024,2024-01-16,CUST00630,Clothing,Jeans,140.46,3,0.05,400.31,West,Mobile Money,In-Store,3,9
ORD002025,2024-04-24,CUST00669,Home,Pillow,317.4,3,0.1,856.98,South,Credit Card,Mobile App,4,9
ORD002026,2024-05-27,CUST00713,Clothing,Jacket,10.85,1,0,10.85,South,Credit Card,Mobile App,3,12
ORD002027,2024-03-06,CUST01939,Sports,Football,22.59,2,0.05,42.92,North,Credit Card,Phone,4,4
ORD002028,2024-08-05,CUST01098,Clothing,Socks,145.79,4,0,583.16,Central,Debit Card,In-Store,5,9
ORD002029,2024-03-28,CUST01370,Home,Pillow,274.92,5,0,1374.6,East,Debit Card,In-Store,3,3
ORD002030,2024-09-07,CUST00173,Home,Lamp,171.34,5,0,856.7,West,Credit Card,Web,4,6
ORD002031,2024-06-06,CUST00530,Electronics,Smartwatch,1284.94,1,0,1284.94,West,Mobile Money,In-Store,4,5
ORD002032,2024-03-13,CUST01790,Books,Textbook,47.06,2,0,94.12,Central,PayPal,Web,3,14
ORD002033,2024-10-19,CUST00533,Books,Novel,24.6,3,0.15,62.73,East,Bank Transfer,Mobile App,5,1
ORD002034,2024-04-23,CUST01086,Home,Chair,203.01,5,0,1015.05,South,Mobile Money,Web,3,14
ORD002035,2024-04-03,CUST00077,Electronics,Camera,341.51,5,0.1,1536.8,Central,Mobile Money,Mobile App,4,13
ORD002036,2024-10-05,CUST00020,Sports,Football,295.05,2,0.05,560.59,East,Bank Transfer,Phone,4,3
ORD002037,2024-08-15,CUST00837,Home,Pillow,39.1,2,0,78.2,East,Debit Card,In-Store,4,12
ORD002038,2024-02-21,CUST01769,Clothing,Sneakers,123.7,5,0,618.5,North,PayPal,Phone,4,11
ORD002039,2024-02-14,CUST00907,Books,Textbook,21.09,4,0.05,80.14,West,Debit Card,Phone,5,10
ORD002040,2024-10-27,CUST00527,Electronics,Tablet,375.5,4,0,1502.0,West,Mobile Money,In-Store,4,6
ORD002041,2024-01-15,CUST00230,Electronics,Smartwatch,901.94,5,0.2,3607.76,North,Bank Transfer,In-Store,5,8
ORD002042,2024-12-16,CUST00336,Clothing,Hat,12.37,2,0.2,19.79,North,Credit Card,Phone,5,11
ORD002043,2024-05-30,CUST01508,Sports,Yoga Mat,725.59,2,0.15,1233.5,Central,Bank Transfer,In-Store,5,10
ORD002044,2024-03-28,CUST01796,Sports,Bicycle,377.1,3,0.05,1074.73,East,Mobile Money,In-Store,4,11
ORD002045,2024-02-26,CUST00106,Sports,Yoga Mat,608.3,2,0.1,1094.94,South,Debit Card,Web,5,8
ORD002046,2024-12-05,CUST01718,Sports,Dumbbell,590.28,5,0.15,2508.69,North,Debit Card,In-Store,5,9
ORD002047,2024-08-24,CUST00673,Sports,Basketball,518.65,4,0,2074.6,Central,Bank Transfer,In-Store,1,5
ORD002048,2024-09-11,CUST00328,Home,Lamp,319.11,2,0.05,606.31,Central,Mobile Money,Web,5,2
ORD002049,2024-09-27,CUST01541,Clothing,Socks,40.47,1,0,40.47,West,Bank Transfer,Web,4,13
ORD002050,2024-10-02,CUST01936,Electronics,Smartwatch,406.35,4,0.2,1300.32,East,Bank Transfer,Web,3,14
ORD002051,2024-03-26,CUST00912,Electronics,Camera,1202.64,5,0.15,5111.22,West,Bank Transfer,Web,5,6
ORD002052,2024-10-26,CUST01686,Home,Chair,230.71,4,0.05,876.7,East,Credit Card,In-Store,3,12
ORD002053,2024-01-07,CUST01370,Sports,Tennis Racket,605.67,4,0.15,2059.28,East,Debit Card,Mobile App,5,11
ORD002054,2024-10-21,CUST01198,Books,Novel,46.04,1,0,46.04,North,Credit Card,Mobile App,3,14
ORD002055,2024-03-09,CUST00646,Sports,Basketball,685.21,4,0,2740.84,East,Credit Card,Mobile App,4,12
ORD002056,2024-09-30,CUST01753,Books,Novel,36.57,5,0,182.85,Central,Credit Card,Web,5,5
ORD002057,2024-08-24,CUST00143,Home,Lamp,353.54,3,0,1060.62,East,Bank Transfer,Phone,3,4
ORD002058,2024-04-21,CUST01044,Books,Biography,12.69,4,0,50.76,Central,Mobile Money,Mobile App,4,4
ORD002059,2024-01-04,CUST01116,Home,Chair,322.41,1,0.15,274.05,East,Mobile Money,Web,5,6
ORD002060,2024-06-20,CUST01681,Home,Blender,271.28,1,0.15,230.59,West,Debit Card,Phone,5,10
ORD002061,2024-07-13,CUST00805,Clothing,Jacket,58.54,1,0,58.54,Central,Credit Card,Mobile App,3,14
ORD002062,2024-01-15,CUST01116,Sports,Basketball,387.8,2,0.05,736.82,Central,Mobile Money,Phone,5,7
ORD002063,2024-09-23,CUST01654,Electronics,Tablet,1375.46,3,0,4126.38,East,PayPal,Web,2,14
ORD002064,2024-12-22,CUST01944,Books,Novel,6.92,1,0.1,6.23,East,Debit Card,In-Store,4,9
ORD002065,2024-03-04,CUST01371,Home,Blender,333.87,1,0,333.87,Central,Bank Transfer,Web,1,3
ORD002066,2024-08-02,CUST00276,Books,Textbook,5.45,2,0.05,10.35,Central,Credit Card,In-Store,3,11
ORD002067,2024-10-23,CUST00650,Home,Pillow,119.18,1,0.1,107.26,South,Credit Card,Phone,3,10
ORD002068,2024-12-03,CUST01284,Electronics,Headphones,768.18,3,0.15,1958.86,North,Bank Transfer,Mobile App,5,3
ORD002069,2024-09-17,CUST00553,Sports,Tennis Racket,615.55,3,0.1,1661.99,East,PayPal,Web,4,14
ORD002070,2024-09-08,CUST00545,Clothing,Jacket,85.27,4,0,341.08,South,Credit Card,Phone,2,13
ORD002071,2024-07-15,CUST01681,Sports,Tennis Racket,788.39,1,0.2,630.71,East,Credit Card,Mobile App,5,5
ORD002072,2024-09-16,CUST01124,Clothing,Hat,80.54,5,0,402.7,West,Mobile Money,In-Store,4,9
ORD002073,2024-08-31,CUST01699,Clothing,Socks,42.77,4,0,171.08,East,Credit Card,Mobile App,4,12
ORD002074,2024-04-08,CUST01305,Electronics,Smartwatch,68.06,1,0,68.06,West,Credit Card,Mobile App,4,9
ORD002075,2024-03-26,CUST01893,Clothing,Sneakers,28.65,3,0.2,68.76,East,Credit Card,Mobile App,5,14
ORD002076,2024-08-24,CUST00550,Clothing,T-Shirt,95.57,3,0.05,272.37,East,Credit Card,Web,2,1
ORD002077,2024-10-16,CUST00555,Books,Guide,37.54,3,0,112.62,East,Debit Card,Web,3,1
ORD002078,2024-11-20,CUST00296,Sports,Dumbbell,577.38,3,0,1732.14,East,Bank Transfer,Phone,5,1
ORD002079,2024-07-18,CUST01773,Sports,Bicycle,593.6,4,0,2374.4,Central,Mobile Money,Mobile App,5,3
ORD002080,2024-06-01,CUST00380,Clothing,Jacket,20.94,4,0.2,67.01,East,Credit Card,In-Store,5,14
ORD002081,2024-11-14,CUST00395,Clothing,Jeans,68.69,1,0.1,61.82,East,Mobile Money,Phone,2,2
ORD002082,2024-10-06,CUST01423,Books,Textbook,7.76,1,0,7.76,South,Credit Card,Mobile App,4,13
ORD002083,2024-07-31,CUST00144,Electronics,Laptop,912.11,2,0.05,1733.01,Central,PayPal,Mobile App,5,7
ORD002084,2024-08-31,CUST00062,Sports,Tennis Racket,44.32,3,0.05,126.31,North,Credit Card,Phone,4,4
ORD002085,2024-01-14,CUST00443,Clothing,Jacket,143.74,5,0,718.7,Central,Mobile Money,Web,5,4
ORD002086,2024-02-25,CUST01666,Electronics,Camera,704.63,2,0,1409.26,West,Bank Transfer,Web,3,12
ORD002087,2024-03-13,CUST00052,Sports,Dumbbell,709.99,4,0.05,2697.96,East,PayPal,In-Store,3,12
ORD002088,2024-03-26,CUST01976,Books,Novel,59.93,1,0.1,53.94,North,Mobile Money,Web,4,8
ORD002089,2024-04-25,CUST00601,Home,Table,109.28,1,0,109.28,South,Debit Card,In-Store,5,3
ORD002090,2024-04-02,CUST01204,Electronics,Camera,626.1,2,0,1252.2,East,Credit Card,Mobile App,3,12
ORD002091,2024-08-30,CUST00770,Electronics,Smartwatch,443.82,4,0.2,1420.22,Central,Credit Card,Mobile App,5,11
ORD002092,2024-02-18,CUST00268,Clothing,Sneakers,99.82,3,0,299.46,West,Mobile Money,Web,3,11
ORD002093,2024-12-12,CUST01942,Books,Cookbook,50.01,5,0,250.05,East,PayPal,In-Store,2,2
ORD002094,2024-12-07,CUST01957,Books,Novel,12.23,1,0.1,11.01,Central,Bank Transfer,Web,2,3
ORD002095,2024-11-06,CUST01813,Books,Cookbook,53.45,3,0.15,136.3,West,PayPal,Phone,5,9
ORD002096,2024-08-25,CUST00121,Books,Cookbook,42.1,2,0,84.2,North,Bank Transfer,In-Store,4,5
ORD002097,2024-12-02,CUST00182,Books,Comic,6.3,2,0.05,11.97,Central,Credit Card,Web,4,8
ORD002098,2024-08-11,CUST00104,Home,Toaster,340.85,2,0,681.7,West,Bank Transfer,Mobile App,3,7
ORD002099,2024-06-15,CUST00571,Sports,Bicycle,507.76,2,0.2,812.42,Central,PayPal,Phone,5,5
ORD002100,2024-10-20,CUST00841,Books,Novel,32.73,1,0,32.73,East,PayPal,Phone,5,3
ORD002101,2024-03-26,CUST01489,Clothing,Socks,129.8,2,0,259.6,West,Debit Card,Web,3,6
ORD002102,2024-02-01,CUST01124,Home,Lamp,353.28,2,0,706.56,Central,Mobile Money,Mobile App,1,13
ORD002103,2024-05-02,CUST01254,Home,Pillow,290.01,4,0.05,1102.04,North,Credit Card,Web,4,2
ORD002104,2024-10-23,CUST01742,Home,Lamp,171.38,1,0,171.38,North,Mobile Money,Mobile App,5,14
ORD002105,2024-10-24,CUST01936,Clothing,Jeans,105.97,2,0.05,201.34,Central,Mobile Money,Web,4,7
ORD002106,2024-10-05,CUST01948,Electronics,Smartwatch,1202.98,3,0,3608.94,North,Bank Transfer,Phone,5,8
ORD002107,2024-11-01,CUST01992,Home,Blender,109.3,1,0,109.3,Central,Bank Transfer,In-Store,5,11
ORD002108,2024-05-05,CUST00169,Clothing,Jeans,70.84,1,0.15,60.21,North,Bank Transfer,Web,5,6
ORD002109,2024-05-12,CUST00290,Electronics,Camera,925.99,3,0.15,2361.27,Central,PayPal,Mobile App,4,1
ORD002110,2024-07-04,CUST01562,Clothing,Socks,46.37,1,0,46.37,South,PayPal,Phone,3,7
ORD002111,2024-11-01,CUST01192,Electronics,Headphones,516.39,5,0.1,2323.76,East,Mobile Money,Phone,3,8
ORD002112,2024-03-11,CUST01319,Clothing,Socks,17.51,1,0.1,15.76,North,Debit Card,Web,3,12
ORD002113,2024-08-16,CUST01571,Sports,Basketball,738.11,2,0.1,1328.6,East,Credit Card,Mobile App,4,7
ORD002114,2024-09-11,CUST00666,Clothing,T-Shirt,84.32,5,0,421.6,South,Mobile Money,Mobile App,3,13
ORD002115,2024-03-22,CUST00456,Home,Pillow,388.81,4,0,1555.24,East,Mobile Money,Web,5,1
ORD002116,2024-10-13,CUST01130,Home,Lamp,76.4,1,0.2,61.12,East,Credit Card,Web,5,11
ORD002117,2024-10-16,CUST01364,Books,Novel,39.56,3,0,118.68,West,Credit Card,Web,1,1
ORD002118,2024-08-06,CUST00111,Books,Cookbook,14.51,1,0,14.51,North,Debit Card,Mobile App,4,9
ORD002119,2024-03-30,CUST01852,Clothing,Sneakers,22.13,1,0.15,18.81,South,Bank Transfer,Phone,4,2
ORD002120,2024-07-10,CUST01507,Home,Lamp,63.16,3,0.1,170.53,West,Mobile Money,In-Store,1,4
ORD002121,2024-12-01,CUST00296,Home,Table,162.01,1,0,162.01,West,Mobile Money,Mobile App,3,14
ORD002122,2024-11-14,CUST00485,Home,Blender,332.71,1,0,332.71,North,PayPal,Phone,2,12
ORD002123,2024-04-30,CUST01969,Clothing,Socks,53.28,2,0,106.56,West,Credit Card,Phone,3,7
ORD002124,2024-02-21,CUST00259,Sports,Basketball,147.28,3,0.2,353.47,West,Debit Card,Phone,5,8
ORD002125,2024-07-17,CUST01909,Electronics,Smartwatch,618.38,4,0.15,2102.49,West,Debit Card,Mobile App,5,5
ORD002126,2024-10-06,CUST01754,Electronics,Smartwatch,1325.02,4,0.2,4240.06,East,Bank Transfer,In-Store,5,8
ORD002127,2024-11-23,CUST00031,Books,Novel,41.43,5,0,207.15,North,Mobile Money,Web,3,13
ORD002128,2024-03-15,CUST00642,Sports,Yoga Mat,410.47,4,0,1641.88,East,Debit Card,In-Store,2,1
ORD002129,2024-03-19,CUST00309,Home,Pillow,176.42,4,0.1,635.11,North,PayPal,Phone,5,14
ORD002130,2024-07-01,CUST01610,Home,Toaster,299.23,3,0,897.69,South,Credit Card,Phone,3,11
ORD002131,2024-03-04,CUST01455,Home,Table,262.48,1,0.2,209.98,Central,Mobile Money,Mobile App,3,9
ORD002132,2024-01-02,CUST00879,Sports,Football,434.33,4,0,1737.32,South,PayPal,Mobile App,5,6
ORD002133,2024-04-01,CUST01082,Sports,Yoga Mat,410.35,5,0.2,1641.4,Central,PayPal,Phone,5,9
ORD002134,2024-02-20,CUST00090,Electronics,Headphones,637.47,1,0,637.47,South,Credit Card,Mobile App,5,14
ORD002135,2024-04-05,CUST00061,Home,Table,90.49,3,0,271.47,North,Mobile Money,Web,3,5
ORD002136,2024-05-02,CUST00206,Sports,Bicycle,761.83,4,0,3047.32,Central,Mobile Money,Web,4,1
ORD002137,2024-10-31,CUST01696,Clothing,Jeans,18.75,2,0,37.5,Central,Bank Transfer,Web,4,2
ORD002138,2024-06-01,CUST00973,Electronics,Tablet,97.03,1,0,97.03,North,Debit Card,Web,5,13
ORD002139,2024-11-29,CUST00094,Books,Guide,10.44,4,0.2,33.41,North,Mobile Money,Mobile App,5,13
ORD002140,2024-09-16,CUST01192,Home,Pillow,290.39,1,0.15,246.83,East,Mobile Money,In-Store,4,14
ORD002141,2024-08-12,CUST00692,Home,Lamp,257.04,1,0,257.04,Central,Debit Card,Web,3,1
ORD002142,2024-01-02,CUST01597,Books,Textbook,35.7,4,0.1,128.52,West,Bank Transfer,Web,4,12
ORD002143,2024-08-06,CUST01414,Clothing,Sneakers,25.67,4,0,102.68,Central,Credit Card,Phone,1,14
ORD002144,2024-10-28,CUST00787,Clothing,Jeans,135.13,5,0.2,540.52,East,Mobile Money,Phone,5,13
ORD002145,2024-04-26,CUST01799,Electronics,Smartwatch,337.05,3,0.2,808.92,West,Bank Transfer,Web,2,1
ORD002146,2024-06-29,CUST01988,Clothing,Jacket,86.58,5,0,432.9,Central,Credit Card,Web,4,3
ORD002147,2024-03-10,CUST00810,Home,Pillow,349.23,2,0.2,558.77,South,Debit Card,Web,4,7
ORD002148,2024-12-08,CUST01130,Sports,Football,635.69,4,0.1,2288.48,East,Mobile Money,In-Store,5,7
ORD002149,2024-12-15,CUST00895,Books,Novel,26.39,4,0.15,89.73,Central,Credit Card,Mobile App,5,10
ORD002150,2024-06-13,CUST00237,Home,Pillow,303.2,2,0,606.4,West,PayPal,Mobile App,2,7
ORD002151,2024-04-11,CUST01928,Electronics,Laptop,746.5,1,0,746.5,Central,PayPal,Mobile App,4,5
ORD002152,2024-10-02,CUST01184,Clothing,Socks,114.73,1,0.1,103.26,South,PayPal,In-Store,5,9
ORD002153,2024-08-05,CUST01658,Electronics,Smartphone,84.2,3,0,252.6,North,Credit Card,In-Store,4,14
ORD002154,2024-07-12,CUST00747,Clothing,T-Shirt,30.63,3,0,91.89,Central,Mobile Money,In-Store,4,7
ORD002155,2024-06-17,CUST01127,Clothing,Jeans,103.48,5,0.2,413.92,North,Credit Card,Web,4,6
ORD002156,2024-08-03,CUST00319,Electronics,Laptop,1326.67,3,0.05,3781.01,West,Bank Transfer,Phone,3,14
ORD002157,2024-06-13,CUST01873,Electronics,Tablet,735.07,5,0,3675.35,North,Debit Card,Web,5,8
ORD002158,2024-10-30,CUST01153,Books,Comic,49.39,2,0,98.78,West,Bank Transfer,Web,4,6
ORD002159,2024-12-09,CUST00946,Home,Table,74.58,1,0.2,59.66,South,Debit Card,Phone,5,1
ORD002160,2024-07-08,CUST00866,Clothing,Jacket,120.15,4,0.2,384.48,West,Mobile Money,Mobile App,5,1
ORD002161,2024-04-14,CUST01025,Home,Lamp,184.99,1,0.05,175.74,West,Credit Card,In-Store,2,7
ORD002162,2024-12-06,CUST00444,Home,Pillow,200.06,2,0.05,380.11,North,Mobile Money,In-Store,5,5
ORD002163,2024-05-31,CUST01722,Clothing,Hat,12.23,2,0.05,23.24,East,Bank Transfer,In-Store,5,12
ORD002164,2024-10-15,CUST00532,Books,Guide,14.96,1,0,14.96,West,Bank Transfer,Phone,3,3
ORD002165,2024-08-17,CUST00514,Books,Textbook,35.53,3,0,106.59,South,Credit Card,Phone,4,11
ORD002166,2024-12-27,CUST00693,Books,Guide,16.38,4,0,65.52,South,Bank Transfer,Phone,3,8
ORD002167,2024-04-21,CUST00884,Books,Guide,12.61,5,0,63.05,Central,Mobile Money,Web,5,7
ORD002168,2024-10-29,CUST00362,Electronics,Tablet,799.67,5,0.05,3798.43,North,PayPal,In-Store,4,13
ORD002169,2024-09-25,CUST01237,Clothing,Jacket,10.84,1,0.15,9.21,South,Mobile Money,Mobile App,5,10
ORD002170,2024-08-18,CUST00528,Books,Guide,9.61,3,0.1,25.95,North,PayPal,Mobile App,4,11
ORD002171,2024-10-31,CUST01024,Home,Blender,188.34,4,0.1,678.02,East,PayPal,In-Store,5,3
ORD002172,2024-09-26,CUST01731,Books,Novel,37.27,1,0,37.27,South,Mobile Money,Mobile App,3,14
ORD002173,2024-04-15,CUST01447,Books,Guide,51.05,4,0.15,173.57,South,Debit Card,Mobile App,4,8
ORD002174,2024-07-08,CUST01004,Electronics,Laptop,1154.29,4,0.2,3693.73,West,Bank Transfer,Web,5,8
ORD002175,2024-11-11,CUST00762,Electronics,Headphones,288.35,3,0,865.05,North,PayPal,In-Store,5,14
ORD002176,2024-07-10,CUST00213,Sports,Dumbbell,470.16,2,0,940.32,West,Bank Transfer,Web,3,4
ORD002177,2024-07-30,CUST01165,Sports,Basketball,166.0,2,0.15,282.2,Central,Credit Card,Web,5,5
ORD002178,2024-02-09,CUST01119,Clothing,Socks,65.65,4,0.2,210.08,North,Credit Card,Phone,3,8
ORD002179,2024-04-09,CUST01595,Electronics,Smartphone,1219.02,1,0.05,1158.07,North,PayPal,Web,4,1
ORD002180,2024-08-22,CUST01878,Home,Toaster,91.34,2,0.05,173.55,East,Mobile Money,Mobile App,3,14
ORD002181,2024-08-15,CUST00495,Electronics,Headphones,281.87,3,0.2,676.49,Central,Credit Card,Mobile App,5,10
ORD002182,2024-02-01,CUST00717,Electronics,Camera,626.66,3,0,1879.98,Central,Bank Transfer,In-Store,3,2
ORD002183,2024-08-24,CUST01553,Sports,Basketball,595.76,2,0,1191.52,West,Debit Card,Web,5,3
ORD002184,2024-11-29,CUST01997,Sports,Football,661.35,2,0,1322.7,Central,Mobile Money,Web,1,3
ORD002185,2024-06-18,CUST00930,Books,Guide,28.09,4,0.15,95.51,South,Bank Transfer,In-Store,5,6
ORD002186,2024-11-16,CUST00048,Clothing,Hat,78.5,5,0.15,333.62,West,Credit Card,Phone,5,5
ORD002187,2024-07-30,CUST00045,Electronics,Headphones,1134.87,3,0.2,2723.69,South,Credit Card,Web,5,11
ORD002188,2024-01-24,CUST01581,Electronics,Smartwatch,1441.75,2,0.1,2595.15,North,PayPal,In-Store,3,14
ORD002189,2024-10-20,CUST01198,Clothing,Hat,14.56,3,0.1,39.31,South,Debit Card,Mobile App,5,6
ORD002190,2024-05-05,CUST00084,Clothing,Jeans,38.88,1,0,38.88,South,PayPal,In-Store,4,6
ORD002191,2024-05-25,CUST01471,Electronics,Laptop,946.38,2,0,1892.76,North,Debit Card,Phone,3,10
ORD002192,2024-04-16,CUST01547,Sports,Tennis Racket,650.66,3,0.15,1659.18,South,Debit Card,Mobile App,5,5
ORD002193,2024-03-08,CUST01101,Clothing,Sneakers,138.68,5,0.05,658.73,North,PayPal,Mobile App,1,2
ORD002194,2024-10-23,CUST01598,Clothing,Jacket,115.37,1,0,115.37,East,Bank Transfer,Phone,2,6
ORD002195,2024-03-14,CUST01017,Sports,Tennis Racket,499.53,1,0,499.53,West,Debit Card,Web,3,8
ORD002196,2024-02-03,CUST00787,Books,Comic,37.34,3,0,112.02,South,Bank Transfer,In-Store,5,11
ORD002197,2024-11-14,CUST00201,Electronics,Smartwatch,344.57,4,0,1378.28,Central,Debit Card,Mobile App,5,7
ORD002198,2024-07-09,CUST00821,Books,Novel,43.66,1,0.05,41.48,South,Mobile Money,In-Store,3,8
ORD002199,2024-07-23,CUST00211,Home,Chair,272.1,5,0.15,1156.43,South,Credit Card,Phone,4,2
ORD002200,2024-03-22,CUST01801,Books,Textbook,6.45,5,0.1,29.02,Central,PayPal,In-Store,4,14
ORD002201,2024-02-24,CUST01416,Clothing,Jacket,18.55,2,0.15,31.53,South,PayPal,In-Store,3,1
ORD002202,2024-10-24,CUST00614,Home,Lamp,119.3,2,0,238.6,South,Credit Card,Phone,4,8
ORD002203,2024-11-05,CUST00767,Sports,Dumbbell,517.41,3,0.05,1474.62,East,Debit Card,Mobile App,5,2
ORD002204,2024-12-11,CUST01909,Sports,Tennis Racket,204.29,3,0.15,520.94,Central,Credit Card,Mobile App,4,12
ORD002205,2024-01-22,CUST01299,Electronics,Tablet,1168.91,4,0.05,4441.86,West,Bank Transfer,Mobile App,4,4
ORD002206,2024-06-30,CUST01788,Clothing,Jeans,92.45,5,0.05,439.14,Central,Credit Card,Mobile App,2,6
ORD002207,2024-05-20,CUST01065,Books,Guide,34.86,3,0.05,99.35,East,Bank Transfer,In-Store,2,12
ORD002208,2024-06-13,CUST01456,Sports,Tennis Racket,169.84,5,0,849.2,West,Debit Card,Phone,4,13
ORD002209,2024-09-03,CUST01198,Clothing,T-Shirt,113.55,3,0.05,323.62,South,PayPal,In-Store,2,4
ORD002210,2024-03-27,CUST00354,Home,Pillow,158.69,5,0.05,753.78,South,PayPal,Web,4,13
ORD002211,2024-06-02,CUST01132,Electronics,Smartwatch,315.86,4,0,1263.44,West,Debit Card,In-Store,4,3
ORD002212,2024-03-24,CUST00561,Electronics,Laptop,1284.07,2,0.2,2054.51,North,PayPal,Mobile App,4,10
ORD002213,2024-03-28,CUST00909,Electronics,Laptop,927.95,4,0.05,3526.21,North,Debit Card,Phone,5,7
ORD002214,2024-01-27,CUST00740,Electronics,Tablet,1381.91,3,0.2,3316.58,West,Debit Card,Mobile App,5,2
ORD002215,2024-04-28,CUST00103,Books,Comic,40.59,1,0.15,34.5,North,Bank Transfer,Mobile App,5,4
ORD002216,2024-03-23,CUST00950,Home,Chair,222.42,2,0,444.84,North,Credit Card,Mobile App,3,7
ORD002217,2024-03-14,CUST01350,Electronics,Camera,117.83,1,0.1,106.05,North,PayPal,Phone,4,5
ORD002218,2024-01-29,CUST00893,Books,Novel,55.79,4,0.2,178.53,South,Mobile Money,In-Store,5,4
ORD002219,2024-10-20,CUST00949,Sports,Bicycle,752.73,1,0,752.73,South,Debit Card,In-Store,3,7
ORD002220,2024-04-24,CUST00422,Electronics,Headphones,1247.94,2,0.2,1996.7,South,Mobile Money,Web,5,1
ORD002221,2024-06-02,CUST00410,Sports,Yoga Mat,240.83,1,0.05,228.79,North,Mobile Money,In-Store,2,5
ORD002222,2024-04-01,CUST01349,Home,Lamp,367.43,2,0.05,698.12,West,Bank Transfer,In-Store,4,8
ORD002223,2024-05-08,CUST00369,Books,Novel,28.21,2,0.2,45.14,Central,Credit Card,In-Store,5,7
ORD002224,2024-09-18,CUST00041,Electronics,Headphones,525.3,3,0,1575.9,North,Mobile Money,Mobile App,4,3
ORD002225,2024-10-13,CUST00631,Home,Pillow,85.36,2,0,170.72,East,PayPal,Web,3,13
ORD002226,2024-06-20,CUST01027,Books,Textbook,17.05,3,0.05,48.59,West,Bank Transfer,In-Store,5,8
ORD002227,2024-10-01,CUST00462,Sports,Football,149.1,3,0.2,357.84,West,Debit Card,Phone,5,9
ORD002228,2024-04-11,CUST01504,Sports,Football,239.08,4,0,956.32,East,Credit Card,Web,4,1
ORD002229,2024-06-09,CUST01933,Sports,Yoga Mat,197.17,3,0.15,502.78,East,Debit Card,Web,5,7
ORD002230,2024-01-09,CUST00067,Home,Chair,138.7,5,0.1,624.15,Central,Debit Card,Phone,5,9
ORD002231,2024-09-07,CUST01301,Electronics,Tablet,1024.34,1,0,1024.34,West,Credit Card,In-Store,5,4
ORD002232,2024-05-21,CUST00105,Books,Cookbook,57.59,5,0,287.95,West,Mobile Money,Web,3,9
ORD002233,2024-05-11,CUST01739,Books,Guide,57.97,3,0.05,165.21,West,Debit Card,Phone,5,13
ORD002234,2024-12-03,CUST01422,Clothing,Sneakers,87.48,1,0,87.48,North,Bank Transfer,In-Store,3,14
ORD002235,2024-03-17,CUST01894,Sports,Bicycle,494.96,1,0,494.96,South,Bank Transfer,Web,4,1
ORD002236,2024-10-14,CUST00595,Sports,Yoga Mat,280.93,4,0.15,955.16,South,PayPal,Phone,5,13
ORD002237,2024-12-27,CUST00547,Books,Novel,23.56,1,0,23.56,West,Bank Transfer,Mobile App,3,4
ORD002238,2024-04-18,CUST00829,Electronics,Headphones,750.42,4,0.15,2551.43,West,Credit Card,Mobile App,2,3
ORD002239,2024-11-24,CUST00167,Clothing,Sneakers,67.44,4,0.1,242.78,Central,Credit Card,Phone,3,9
ORD002240,2024-06-17,CUST01656,Sports,Dumbbell,276.7,5,0.2,1106.8,North,Mobile Money,Phone,5,13
ORD002241,2024-03-27,CUST01421,Clothing,Hat,68.06,3,0.15,173.55,Central,Bank Transfer,Phone,5,7
ORD002242,2024-01-12,CUST01305,Electronics,Camera,1273.56,3,0.2,3056.54,East,Bank Transfer,Mobile App,5,3
ORD002243,2024-10-14,CUST01434,Electronics,Camera,710.35,3,0.15,1811.39,North,Bank Transfer,Phone,5,11
ORD002244,2024-02-01,CUST00824,Books,Novel,27.39,2,0,54.78,South,Bank Transfer,Web,5,8
ORD002245,2024-11-11,CUST01161,Clothing,Hat,91.39,5,0.2,365.56,Central,Debit Card,Phone,3,2
ORD002246,2024-04-14,CUST00478,Sports,Basketball,346.57,3,0.2,831.77,West,Credit Card,Phone,5,12
ORD002247,2024-05-14,CUST01203,Electronics,Smartwatch,663.19,3,0.1,1790.61,East,Debit Card,Web,3,4
ORD002248,2024-12-11,CUST01962,Sports,Tennis Racket,555.83,2,0,1111.66,East,PayPal,Web,5,2
ORD002249,2024-08-18,CUST00780,Home,Table,313.41,5,0.05,1488.7,Central,Debit Card,Web,1,10
ORD002250,2024-05-12,CUST01087,Home,Toaster,184.09,1,0,184.09,South,PayPal,Mobile App,5,9
ORD002251,2024-01-28,CUST01604,Sports,Bicycle,625.1,2,0.2,1000.16,North,Mobile Money,Web,5,7
ORD002252,2024-11-20,CUST01313,Books,Cookbook,52.3,1,0.05,49.68,East,Debit Card,Web,4,6
ORD002253,2024-07-13,CUST00518,Sports,Tennis Racket,693.68,1,0,693.68,Central,Debit Card,Web,4,6
ORD002254,2024-08-31,CUST01227,Electronics,Smartphone,1412.25,1,0,1412.25,South,Mobile Money,In-Store,2,1
ORD002255,2024-10-03,CUST01312,Books,Novel,16.2,5,0.15,68.85,North,Mobile Money,Mobile App,2,7
ORD002256,2024-03-30,CUST01578,Clothing,Hat,33.18,4,0.1,119.45,East,PayPal,In-Store,4,13
ORD002257,2024-09-21,CUST01187,Electronics,Camera,1283.46,4,0,5133.84,East,Bank Transfer,Mobile App,4,11
ORD002258,2024-10-03,CUST01920,Books,Guide,20.16,1,0.05,19.15,Central,Credit Card,Phone,1,14
ORD002259,2024-03-08,CUST00068,Electronics,Smartphone,1209.72,4,0.05,4596.94,Central,Debit Card,Web,1,4
ORD002260,2024-04-09,CUST01808,Sports,Football,375.91,2,0.05,714.23,East,PayPal,In-Store,4,4
ORD002261,2024-05-09,CUST01069,Home,Toaster,161.87,2,0.15,275.18,West,Credit Card,Web,4,3
ORD002262,2024-03-24,CUST00766,Electronics,Camera,1132.25,2,0,2264.5,South,Mobile Money,Web,4,10
ORD002263,2024-05-07,CUST01130,Electronics,Smartphone,1437.4,4,0,5749.6,East,Bank Transfer,Phone,1,7
ORD002264,2024-03-08,CUST00602,Electronics,Smartphone,934.57,4,0,3738.28,South,Mobile Money,In-Store,5,3
ORD002265,2024-08-05,CUST01544,Home,Lamp,150.49,2,0.15,255.83,North,Bank Transfer,Phone,4,13
ORD002266,2024-07-23,CUST00558,Home,Table,276.67,2,0.2,442.67,Central,Bank Transfer,Mobile App,5,2
ORD002267,2024-09-22,CUST01924,Home,Pillow,234.43,4,0,937.72,West,Mobile Money,Mobile App,4,4
ORD002268,2024-08-25,CUST01280,Clothing,Jeans,69.9,4,0.05,265.62,Central,Mobile Money,In-Store,4,10
ORD002269,2024-09-05,CUST01752,Electronics,Smartphone,590.61,3,0.1,1594.65,South,Debit Card,Web,5,5
ORD002270,2024-07-29,CUST00264,Clothing,Hat,83.42,2,0,166.84,North,Mobile Money,Phone,4,7
ORD002271,2024-07-27,CUST01828,Electronics,Headphones,1425.51,5,0.1,6414.79,East,Mobile Money,Mobile App,3,10
ORD002272,2024-10-10,CUST01772,Sports,Bicycle,447.57,2,0,895.14,West,Bank Transfer,Phone,5,12
ORD002273,2024-08-10,CUST00249,Books,Biography,38.6,3,0.2,92.64,South,PayPal,Mobile App,2,1
ORD002274,2024-06-16,CUST01082,Sports,Yoga Mat,718.27,2,0,1436.54,South,Bank Transfer,Web,3,3
ORD002275,2024-05-28,CUST01337,Clothing,Sneakers,11.38,1,0,11.38,West,Mobile Money,Mobile App,3,14
ORD002276,2024-06-05,CUST01355,Sports,Bicycle,602.65,1,0.2,482.12,South,Credit Card,In-Store,5,12
ORD002277,2024-04-14,CUST01178,Sports,Football,189.83,1,0,189.83,West,PayPal,Mobile App,4,11
ORD002278,2024-10-03,CUST00671,Sports,Dumbbell,123.27,5,0.1,554.71,West,PayPal,Mobile App,4,12
ORD002279,2024-12-29,CUST00114,Clothing,Jacket,137.2,3,0.1,370.44,Central,Debit Card,Mobile App,4,6
ORD002280,2024-08-07,CUST01640,Clothing,T-Shirt,89.83,4,0.05,341.35,North,Bank Transfer,In-Store,4,9
ORD002281,2024-10-06,CUST01673,Sports,Dumbbell,117.58,5,0.2,470.32,North,PayPal,Phone,5,9
ORD002282,2024-11-17,CUST00919,Clothing,T-Shirt,21.92,3,0,65.76,Central,Mobile Money,Phone,5,2
ORD002283,2024-11-29,CUST01315,Sports,Dumbbell,466.06,4,0,1864.24,East,Credit Card,In-Store,5,4
ORD002284,2024-04-25,CUST01345,Home,Blender,114.19,2,0,228.38,South,Mobile Money,In-Store,5,14
ORD002285,2024-09-10,CUST00348,Books,Novel,5.7,4,0.05,21.66,North,Mobile Money,In-Store,3,1
ORD002286,2024-12-05,CUST00093,Clothing,Sneakers,22.06,5,0.2,88.24,South,PayPal,Web,4,10
ORD002287,2024-01-21,CUST01499,Clothing,Hat,77.8,2,0.05,147.82,South,PayPal,In-Store,3,5
ORD002288,2024-05-18,CUST00053,Books,Comic,35.25,1,0.2,28.2,West,Bank Transfer,Phone,5,14
ORD002289,2024-12-20,CUST00847,Clothing,Jeans,54.13,1,0,54.13,East,Credit Card,Web,5,13
ORD002290,2024-07-01,CUST01424,Books,Guide,6.88,5,0.2,27.52,South,Debit Card,In-Store,3,2
ORD002291,2024-11-05,CUST01144,Home,Table,162.66,3,0,487.98,East,Bank Transfer,Web,5,6
ORD002292,2024-08-19,CUST01472,Home,Toaster,300.67,1,0,300.67,Central,Mobile Money,In-Store,3,4
ORD002293,2024-11-27,CUST00969,Sports,Bicycle,111.24,4,0,444.96,North,Credit Card,In-Store,4,1
ORD002294,2024-06-08,CUST00639,Sports,Basketball,715.96,1,0.15,608.57,North,Bank Transfer,In-Store,4,1
ORD002295,2024-04-01,CUST01106,Clothing,Hat,139.24,5,0,696.2,North,Debit Card,Phone,2,7
ORD002296,2024-07-09,CUST01115,Clothing,Socks,112.39,2,0.1,202.3,Central,Mobile Money,In-Store,5,11
ORD002297,2024-03-18,CUST00323,Electronics,Camera,694.98,5,0,3474.9,Central,PayPal,Web,4,7
ORD002298,2024-04-14,CUST00702,Home,Pillow,183.37,5,0,916.85,West,Debit Card,Mobile App,5,1
ORD002299,2024-01-11,CUST01039,Clothing,Hat,147.96,3,0,443.88,North,Mobile Money,Phone,4,1
ORD002300,2024-01-22,CUST00085,Sports,Bicycle,772.66,5,0.05,3670.14,North,Bank Transfer,Web,4,9
ORD002301,2024-03-15,CUST00776,Home,Chair,45.36,2,0.15,77.11,North,Credit Card,In-Store,5,9
ORD002302,2024-03-24,CUST00494,Home,Toaster,145.32,1,0,145.32,South,Credit Card,Web,5,10
ORD002303,2024-12-16,CUST00326,Books,Novel,21.24,4,0.2,67.97,South,Credit Card,In-Store,5,4
ORD002304,2024-05-19,CUST00571,Sports,Dumbbell,548.93,4,0.05,2085.93,East,Mobile Money,Web,4,14
ORD002305,2024-04-10,CUST01538,Sports,Bicycle,715.54,2,0.15,1216.42,North,PayPal,Phone,3,12
ORD002306,2024-05-19,CUST01624,Electronics,Smartwatch,879.83,2,0.1,1583.69,West,Mobile Money,Phone,4,3
ORD002307,2024-01-02,CUST02000,Books,Textbook,18.65,5,0.05,88.59,North,Debit Card,Phone,4,2
ORD002308,2024-10-11,CUST00013,Sports,Yoga Mat,32.83,3,0.05,93.57,South,Mobile Money,Phone,5,1
ORD002309,2024-07-21,CUST01699,Home,Lamp,166.45,1,0.05,158.13,North,PayPal,Web,3,3
ORD002310,2024-01-05,CUST01204,Sports,Bicycle,88.43,4,0,353.72,North,Credit Card,Mobile App,4,10
ORD002311,2024-05-01,CUST00294,Electronics,Smartwatch,221.49,2,0,442.98,East,Debit Card,Web,4,10
ORD002312,2024-08-23,CUST01165,Home,Table,75.86,2,0.2,121.38,West,Bank Transfer,In-Store,5,4
ORD002313,2024-01-22,CUST01468,Electronics,Smartwatch,991.44,2,0.05,1883.74,Central,Mobile Money,Web,1,3
ORD002314,2024-12-04,CUST01662,Books,Comic,55.45,4,0,221.8,East,Bank Transfer,Mobile App,3,1
ORD002315,2024-12-21,CUST00675,Home,Table,302.66,5,0,1513.3,South,Bank Transfer,Web,3,2
ORD002316,2024-10-07,CUST00713,Sports,Football,511.88,1,0.15,435.1,East,Bank Transfer,Mobile App,5,5
ORD002317,2024-03-26,CUST01405,Home,Table,168.28,4,0,673.12,East,Debit Card,Web,4,8
ORD002318,2024-01-07,CUST01663,Sports,Dumbbell,60.82,4,0.05,231.12,West,Credit Card,Phone,3,14
ORD002319,2024-01-06,CUST01769,Clothing,Jacket,85.85,1,0.05,81.56,South,Mobile Money,Phone,3,1
ORD002320,2024-09-15,CUST00146,Clothing,Jeans,59.46,1,0,59.46,East,Debit Card,Web,4,2
ORD002321,2024-09-11,CUST00648,Books,Textbook,42.37,1,0.05,40.25,West,Credit Card,In-Store,5,9
ORD002322,2024-05-10,CUST00429,Books,Cookbook,8.4,2,0,16.8,South,Bank Transfer,In-Store,3,5
ORD002323,2024-07-06,CUST01393,Books,Cookbook,19.59,4,0,78.36,East,Mobile Money,Web,3,6
ORD002324,2024-11-25,CUST01306,Books,Novel,36.5,1,0.2,29.2,Central,Bank Transfer,Phone,5,7
ORD002325,2024-06-18,CUST00253,Home,Pillow,170.78,2,0.05,324.48,Central,Debit Card,Mobile App,4,6
ORD002326,2024-07-21,CUST00015,Sports,Dumbbell,225.8,5,0.05,1072.55,East,Mobile Money,Web,4,13
ORD002327,2024-08-30,CUST00182,Clothing,Jeans,149.13,4,0.2,477.22,Central,PayPal,Mobile App,5,14
ORD002328,2024-01-14,CUST00886,Electronics,Camera,195.38,2,0,390.76,West,Debit Card,Mobile App,4,4
ORD002329,2024-12-15,CUST01159,Clothing,Socks,108.91,4,0,435.64,West,PayPal,In-Store,2,1
ORD002330,2024-03-24,CUST01915,Clothing,Hat,139.02,3,0,417.06,West,Mobile Money,Mobile App,5,5
ORD002331,2024-12-29,CUST01477,Clothing,Sneakers,76.28,2,0.1,137.3,Central,PayPal,Mobile App,3,1
ORD002332,2024-02-18,CUST00001,Clothing,Jeans,106.04,1,0.1,95.44,North,Mobile Money,Mobile App,3,4
ORD002333,2024-06-01,CUST00145,Clothing,Hat,49.05,2,0,98.1,Central,Bank Transfer,Mobile App,4,10
ORD002334,2024-02-13,CUST00551,Electronics,Camera,750.74,3,0.2,1801.78,East,Debit Card,Phone,4,1
ORD002335,2024-02-05,CUST01965,Books,Comic,29.0,5,0.1,130.5,South,Credit Card,Web,3,1
ORD002336,2024-03-20,CUST01554,Books,Comic,59.16,2,0.15,100.57,West,Debit Card,Mobile App,4,8
ORD002337,2024-07-31,CUST01037,Books,Biography,30.68,2,0,61.36,North,Mobile Money,Phone,5,5
ORD002338,2024-04-16,CUST00108,Books,Novel,55.9,4,0,223.6,South,Mobile Money,Web,4,6
ORD002339,2024-06-04,CUST00590,Sports,Yoga Mat,152.18,5,0.2,608.72,North,Credit Card,Phone,3,13
ORD002340,2024-01-10,CUST01779,Home,Pillow,35.65,4,0,142.6,West,Mobile Money,In-Store,4,9
ORD002341,2024-10-18,CUST01725,Clothing,Sneakers,73.48,2,0,146.96,West,Debit Card,Web,5,14
ORD002342,2024-09-17,CUST00731,Electronics,Smartphone,1074.55,2,0.2,1719.28,West,PayPal,Phone,5,12
ORD002343,2024-10-31,CUST01201,Electronics,Tablet,881.83,3,0,2645.49,South,Credit Card,Mobile App,4,10
ORD002344,2024-10-04,CUST01725,Sports,Bicycle,397.84,5,0.2,1591.36,Central,Credit Card,In-Store,5,10
ORD002345,2024-06-09,CUST00578,Sports,Dumbbell,46.82,5,0,234.1,Central,Debit Card,Mobile App,1,14
ORD002346,2024-04-23,CUST00527,Books,Biography,21.31,2,0,42.62,West,Credit Card,Mobile App,5,2
ORD002347,2024-11-29,CUST01776,Clothing,Socks,86.73,5,0.2,346.92,North,PayPal,In-Store,3,9
ORD002348,2024-02-07,CUST00923,Home,Chair,111.82,1,0.15,95.05,West,Debit Card,Mobile App,4,4
ORD002349,2024-06-02,CUST01822,Sports,Tennis Racket,568.5,3,0.05,1620.22,South,PayPal,Phone,3,12
ORD002350,2024-09-19,CUST01078,Books,Guide,32.72,4,0,130.88,South,Debit Card,Mobile App,5,8
ORD002351,2024-06-17,CUST01992,Sports,Bicycle,445.91,4,0,1783.64,East,Credit Card,Phone,4,9
ORD002352,2024-05-10,CUST00758,Electronics,Headphones,1061.42,2,0.15,1804.41,West,PayPal,Phone,5,12
ORD002353,2024-01-13,CUST00665,Sports,Tennis Racket,438.45,3,0.05,1249.58,Central,Mobile Money,Phone,5,10
ORD002354,2024-12-13,CUST01989,Home,Toaster,313.39,4,0,1253.56,North,Bank Transfer,Phone,4,3
ORD002355,2024-10-05,CUST01803,Clothing,Sneakers,122.56,1,0.2,98.05,South,Mobile Money,Web,3,7
ORD002356,2024-07-01,CUST01501,Books,Textbook,5.41,4,0,21.64,West,Bank Transfer,Phone,5,5
ORD002357,2024-06-14,CUST01554,Home,Blender,271.22,5,0.05,1288.29,East,Mobile Money,In-Store,3,2
ORD002358,2024-01-04,CUST01073,Clothing,Jacket,75.84,3,0,227.52,West,PayPal,Phone,2,13
ORD002359,2024-02-06,CUST00723,Sports,Basketball,247.11,1,0,247.11,East,PayPal,Web,4,3
ORD002360,2024-09-19,CUST00968,Clothing,Jacket,130.62,3,0,391.86,East,Credit Card,Mobile App,4,13
ORD002361,2024-01-09,CUST00478,Clothing,Jeans,84.1,5,0.05,399.47,East,Mobile Money,Web,4,12
ORD002362,2024-04-09,CUST01275,Electronics,Headphones,78.83,2,0.05,149.78,East,PayPal,Mobile App,1,4
ORD002363,2024-12-21,CUST00100,Sports,Bicycle,340.75,2,0,681.5,Central,Bank Transfer,Mobile App,3,1
ORD002364,2024-12-08,CUST01196,Sports,Yoga Mat,602.43,2,0,1204.86,West,Credit Card,Phone,4,10
ORD002365,2024-05-19,CUST00314,Books,Cookbook,53.27,2,0.2,85.23,Central,PayPal,Web,4,4
ORD002366,2024-06-01,CUST00087,Home,Blender,249.62,5,0,1248.1,West,Debit Card,In-Store,3,13
ORD002367,2024-10-20,CUST01312,Books,Guide,32.07,5,0,160.35,South,Bank Transfer,In-Store,3,11
ORD002368,2024-03-12,CUST00886,Electronics,Tablet,897.49,5,0,4487.45,North,Debit Card,In-Store,4,5
ORD002369,2024-04-29,CUST00725,Clothing,Socks,132.07,1,0.2,105.66,Central,Bank Transfer,Mobile App,5,6
ORD002370,2024-04-07,CUST00315,Sports,Yoga Mat,496.21,1,0.05,471.4,North,Debit Card,Web,5,10
ORD002371,2024-08-11,CUST01249,Books,Guide,30.29,3,0.1,81.78,East,Credit Card,In-Store,4,2
ORD002372,2024-03-22,CUST01026,Sports,Dumbbell,595.49,5,0.15,2530.83,Central,Debit Card,In-Store,4,13
ORD002373,2024-10-19,CUST00502,Sports,Dumbbell,563.14,3,0,1689.42,South,Debit Card,Phone,4,1
ORD002374,2024-05-23,CUST00861,Home,Pillow,226.22,5,0.2,904.88,West,PayPal,Mobile App,4,2
ORD002375,2024-04-03,CUST00438,Books,Textbook,43.49,4,0.05,165.26,North,PayPal,Web,5,13
ORD002376,2024-05-30,CUST01816,Sports,Football,385.62,5,0,1928.1,West,PayPal,In-Store,5,10
ORD002377,2024-01-12,CUST01901,Home,Blender,254.8,5,0.2,1019.2,South,Debit Card,Mobile App,5,8
ORD002378,2024-11-15,CUST01187,Clothing,Jeans,101.53,1,0.05,96.45,North,Debit Card,Mobile App,4,4
ORD002379,2024-12-28,CUST01563,Books,Guide,50.51,1,0,50.51,West,PayPal,In-Store,5,14
ORD002380,2024-10-09,CUST00955,Sports,Bicycle,517.45,1,0.15,439.83,West,Bank Transfer,In-Store,4,12
ORD002381,2024-09-11,CUST00415,Home,Lamp,256.44,4,0.05,974.47,Central,Bank Transfer,Web,3,14
ORD002382,2024-08-19,CUST00948,Sports,Tennis Racket,506.97,1,0.2,405.58,Central,Credit Card,In-Store,5,10
ORD002383,2024-10-24,CUST01045,Electronics,Tablet,766.46,1,0.1,689.81,Central,Mobile Money,Mobile App,3,7
ORD002384,2024-08-14,CUST01076,Sports,Basketball,414.31,5,0.1,1864.39,North,Debit Card,Web,4,11
ORD002385,2024-07-23,CUST00370,Books,Biography,9.36,2,0.1,16.85,North,Bank Transfer,Web,4,11
ORD002386,2024-03-20,CUST01326,Home,Pillow,48.96,5,0,244.8,Central,Bank Transfer,Phone,5,14
ORD002387,2024-09-07,CUST00823,Electronics,Smartwatch,1162.17,1,0.15,987.84,West,Bank Transfer,Web,2,14
ORD002388,2024-09-03,CUST01208,Electronics,Laptop,709.29,2,0,1418.58,Central,Debit Card,Phone,5,9
ORD002389,2024-08-11,CUST01245,Sports,Basketball,194.64,5,0.15,827.22,West,Credit Card,Mobile App,5,12
ORD002390,2024-09-18,CUST01766,Home,Lamp,176.98,3,0.05,504.39,Central,Debit Card,Mobile App,4,6
ORD002391,2024-04-30,CUST01569,Home,Pillow,186.75,4,0.05,709.65,South,Debit Card,Web,5,6
ORD002392,2024-12-12,CUST00733,Home,Table,258.37,3,0.05,736.35,South,Credit Card,Phone,5,10
ORD002393,2024-05-20,CUST00574,Sports,Bicycle,704.2,2,0.1,1267.56,East,Credit Card,In-Store,5,6
ORD002394,2024-02-02,CUST00990,Sports,Tennis Racket,183.2,1,0,183.2,North,Credit Card,Mobile App,3,4
ORD002395,2024-02-28,CUST01537,Home,Lamp,91.4,5,0.05,434.15,West,Bank Transfer,Web,3,12
ORD002396,2024-08-16,CUST01790,Electronics,Smartwatch,976.36,4,0.1,3514.9,South,Debit Card,In-Store,4,13
ORD002397,2024-07-29,CUST01177,Home,Table,179.15,3,0,537.45,East,Credit Card,Mobile App,5,14
ORD002398,2024-01-12,CUST00447,Books,Guide,52.09,3,0.2,125.02,South,Bank Transfer,In-Store,3,8
ORD002399,2024-03-01,CUST01936,Clothing,Sneakers,80.84,2,0.2,129.34,West,PayPal,Phone,5,12
ORD002400,2024-08-12,CUST01043,Clothing,Hat,137.4,2,0.15,233.58,West,Bank Transfer,Mobile App,4,12
ORD002401,2024-10-13,CUST01445,Electronics,Smartphone,869.16,1,0,869.16,East,Debit Card,Mobile App,4,4
ORD002402,2024-10-08,CUST01514,Clothing,Jacket,22.67,3,0,68.01,East,Bank Transfer,Mobile App,3,10
ORD002403,2024-06-02,CUST00788,Books,Biography,6.32,4,0,25.28,West,PayPal,Phone,3,3
ORD002404,2024-10-05,CUST00169,Electronics,Tablet,1127.37,5,0,5636.85,West,PayPal,Web,3,7
ORD002405,2024-03-25,CUST01361,Electronics,Headphones,54.26,1,0,54.26,North,Mobile Money,Web,2,11
ORD002406,2024-05-20,CUST00792,Home,Lamp,102.75,3,0.2,246.6,North,Bank Transfer,In-Store,5,14
ORD002407,2024-01-14,CUST00264,Sports,Basketball,561.32,4,0,2245.28,Central,Debit Card,Phone,5,5
ORD002408,2024-03-18,CUST01747,Clothing,Jeans,117.89,1,0.2,94.31,East,Credit Card,Phone,5,12
ORD002409,2024-07-12,CUST00253,Clothing,T-Shirt,88.1,2,0.05,167.39,Central,Mobile Money,Phone,4,7
ORD002410,2024-07-20,CUST00570,Books,Novel,5.08,3,0.15,12.95,South,Credit Card,Mobile App,5,13
ORD002411,2024-11-10,CUST00082,Clothing,Jeans,105.21,2,0,210.42,North,Debit Card,Phone,4,7
ORD002412,2024-11-12,CUST00193,Sports,Basketball,715.06,4,0,2860.24,West,Mobile Money,Web,5,6
ORD002413,2024-05-20,CUST01264,Clothing,Socks,52.62,4,0,210.48,South,Debit Card,Mobile App,3,13
ORD002414,2024-08-10,CUST00287,Home,Lamp,191.3,4,0,765.2,West,Credit Card,Web,5,9
ORD002415,2024-04-21,CUST01198,Books,Textbook,31.93,2,0.05,60.67,East,Mobile Money,In-Store,2,6
ORD002416,2024-08-12,CUST01804,Sports,Basketball,518.7,4,0.15,1763.58,East,Credit Card,In-Store,5,10
ORD002417,2024-01-02,CUST01522,Electronics,Laptop,363.68,5,0,1818.4,East,PayPal,Web,5,12
ORD002418,2024-07-23,CUST00370,Clothing,Jacket,119.13,3,0.1,321.65,Central,Bank Transfer,Mobile App,4,10
ORD002419,2024-02-03,CUST00740,Electronics,Tablet,729.79,2,0,1459.58,East,Mobile Money,Web,3,6
ORD002420,2024-07-02,CUST00534,Books,Comic,36.91,2,0,73.82,Central,Mobile Money,Phone,2,10
ORD002421,2024-01-08,CUST00585,Home,Chair,39.46,1,0,39.46,South,Mobile Money,Phone,4,11
ORD002422,2024-12-23,CUST00766,Books,Biography,10.21,2,0,20.42,Central,Credit Card,Web,4,2
ORD002423,2024-04-15,CUST00665,Sports,Dumbbell,772.72,1,0,772.72,North,Credit Card,In-Store,4,4
ORD002424,2024-02-23,CUST00031,Books,Biography,34.42,2,0.15,58.51,West,Bank Transfer,Web,5,9
ORD002425,2024-09-25,CUST00617,Books,Novel,7.49,4,0.15,25.47,South,PayPal,Phone,4,14
ORD002426,2024-08-07,CUST01345,Electronics,Headphones,981.36,1,0,981.36,South,Debit Card,Web,5,6
ORD002427,2024-07-25,CUST00379,Home,Chair,287.09,2,0,574.18,South,Credit Card,Mobile App,1,9
ORD002428,2024-01-10,CUST01875,Books,Comic,58.72,3,0.15,149.74,South,Debit Card,In-Store,5,12
ORD002429,2024-07-25,CUST00076,Electronics,Laptop,469.45,2,0,938.9,North,PayPal,Web,4,5
ORD002430,2024-02-18,CUST00823,Home,Pillow,241.7,2,0,483.4,West,Debit Card,Mobile App,5,14
ORD002431,2024-01-20,CUST00655,Sports,Basketball,120.41,2,0,240.82,South,Bank Transfer,Mobile App,1,3
ORD002432,2024-01-15,CUST01359,Clothing,T-Shirt,62.14,2,0.15,105.64,Central,Credit Card,Web,3,2
ORD002433,2024-10-21,CUST00467,Clothing,Jacket,84.79,2,0,169.58,South,PayPal,Mobile App,2,9
ORD002434,2024-11-02,CUST01705,Books,Novel,48.81,2,0,97.62,West,PayPal,In-Store,3,3
ORD002435,2024-06-01,CUST00877,Clothing,Jacket,35.99,4,0,143.96,North,Debit Card,In-Store,4,10
ORD002436,2024-01-28,CUST01195,Sports,Dumbbell,354.93,3,0,1064.79,East,Debit Card,Phone,5,13
ORD002437,2024-12-04,CUST01305,Books,Guide,41.85,2,0,83.7,East,Debit Card,Phone,4,14
ORD002438,2024-12-18,CUST00786,Clothing,Jacket,66.67,1,0,66.67,West,PayPal,In-Store,3,10
ORD002439,2024-07-08,CUST01787,Electronics,Tablet,757.49,4,0,3029.96,Central,Credit Card,Phone,5,7
ORD002440,2024-05-07,CUST01192,Home,Lamp,117.64,3,0,352.92,East,Debit Card,In-Store,4,8
ORD002441,2024-04-29,CUST01150,Home,Blender,182.21,3,0.15,464.64,Central,Mobile Money,Mobile App,4,13
ORD002442,2024-05-28,CUST01866,Sports,Tennis Racket,712.82,2,0,1425.64,West,Mobile Money,Mobile App,3,5
ORD002443,2024-08-22,CUST01430,Electronics,Tablet,738.49,2,0.15,1255.43,West,Debit Card,Mobile App,5,6
ORD002444,2024-10-07,CUST01535,Home,Chair,376.97,3,0.05,1074.36,West,Debit Card,Web,3,7
ORD002445,2024-10-16,CUST01309,Electronics,Headphones,1109.56,2,0,2219.12,South,Bank Transfer,Web,4,7
ORD002446,2024-02-21,CUST01601,Electronics,Tablet,1297.64,5,0,6488.2,Central,Debit Card,Phone,4,2
ORD002447,2024-03-07,CUST00966,Electronics,Smartphone,83.53,2,0.05,158.71,South,Credit Card,Web,4,5
ORD002448,2024-12-30,CUST01836,Sports,Tennis Racket,350.42,4,0.1,1261.51,South,Mobile Money,In-Store,1,10
ORD002449,2024-07-22,CUST01213,Clothing,T-Shirt,28.45,1,0,28.45,East,Mobile Money,Phone,5,3
ORD002450,2024-10-23,CUST01297,Home,Pillow,122.02,2,0.15,207.43,South,Mobile Money,In-Store,5,6
ORD002451,2024-02-25,CUST01533,Books,Textbook,55.44,2,0.1,99.79,Central,Bank Transfer,In-Store,4,1
ORD002452,2024-12-06,CUST01368,Clothing,Sneakers,124.89,3,0.1,337.2,North,Debit Card,Phone,2,12
ORD002453,2024-11-13,CUST01377,Books,Guide,21.07,4,0,84.28,North,Mobile Money,Mobile App,4,4
ORD002454,2024-07-18,CUST00717,Home,Chair,246.03,1,0,246.03,Central,Credit Card,Web,2,7
ORD002455,2024-02-11,CUST00475,Clothing,Hat,94.23,5,0,471.15,East,PayPal,Mobile App,3,8
ORD002456,2024-05-20,CUST00206,Books,Biography,41.12,2,0.15,69.9,East,Credit Card,In-Store,5,2
ORD002457,2024-04-20,CUST00515,Electronics,Laptop,1304.21,4,0.1,4695.16,Central,Credit Card,Web,1,7
ORD002458,2024-12-02,CUST00052,Electronics,Tablet,888.6,5,0.15,3776.55,North,PayPal,Mobile App,3,1
ORD002459,2024-08-01,CUST00828,Clothing,Hat,88.65,4,0.2,283.68,Central,Credit Card,Web,5,10
ORD002460,2024-04-12,CUST01834,Sports,Football,212.23,2,0,424.46,East,PayPal,In-Store,3,3
ORD002461,2024-02-01,CUST01159,Electronics,Smartphone,512.91,1,0.05,487.26,North,Mobile Money,Web,4,4
ORD002462,2024-09-03,CUST01438,Sports,Dumbbell,65.83,3,0.2,157.99,North,Mobile Money,Web,3,4
ORD002463,2024-01-09,CUST00622,Clothing,Socks,23.69,3,0.2,56.86,West,Credit Card,Mobile App,5,9
ORD002464,2024-03-08,CUST00941,Sports,Bicycle,88.85,1,0,88.85,East,PayPal,Mobile App,5,8
ORD002465,2024-09-18,CUST00780,Electronics,Smartwatch,359.03,4,0.05,1364.31,East,Mobile Money,Mobile App,4,10
ORD002466,2024-11-22,CUST01259,Electronics,Smartphone,853.46,1,0,853.46,North,Mobile Money,Web,4,13
ORD002467,2024-06-27,CUST00099,Sports,Yoga Mat,152.07,2,0,304.14,North,Debit Card,Web,3,6
ORD002468,2024-08-09,CUST00380,Clothing,Jacket,17.2,5,0.15,73.1,West,Credit Card,Phone,5,9
ORD002469,2024-12-01,CUST00639,Home,Table,144.8,3,0,434.4,North,Credit Card,Mobile App,4,11
ORD002470,2024-08-26,CUST01224,Home,Table,202.33,1,0.15,171.98,Central,PayPal,In-Store,5,7
ORD002471,2024-04-23,CUST00063,Books,Cookbook,20.53,5,0.1,92.38,East,Credit Card,In-Store,5,7
ORD002472,2024-07-06,CUST01034,Books,Comic,56.65,4,0,226.6,East,Debit Card,Mobile App,4,8
ORD002473,2024-11-30,CUST00752,Electronics,Headphones,276.29,4,0,1105.16,North,PayPal,Phone,4,14
ORD002474,2024-05-30,CUST01340,Electronics,Headphones,82.71,1,0,82.71,East,Credit Card,Mobile App,5,1
ORD002475,2024-04-02,CUST01613,Books,Cookbook,40.66,4,0.2,130.11,Central,Mobile Money,Web,4,1
ORD002476,2024-10-04,CUST01377,Electronics,Camera,1471.67,4,0.05,5592.35,East,Credit Card,Phone,4,3
ORD002477,2024-04-08,CUST00228,Sports,Basketball,26.01,4,0,104.04,North,PayPal,Mobile App,4,3
ORD002478,2024-10-11,CUST00027,Clothing,Jeans,87.31,2,0,174.62,Central,PayPal,Phone,3,6
ORD002479,2024-10-31,CUST00003,Clothing,Hat,36.96,5,0.1,166.32,East,Credit Card,Web,3,12
ORD002480,2024-07-09,CUST00209,Sports,Yoga Mat,372.85,1,0,372.85,North,Debit Card,In-Store,5,11
ORD002481,2024-03-25,CUST01087,Electronics,Tablet,331.65,4,0,1326.6,Central,Debit Card,Web,5,13
ORD002482,2024-10-11,CUST01227,Books,Comic,11.47,3,0.05,32.69,West,Bank Transfer,Mobile App,5,1
ORD002483,2024-06-02,CUST00590,Clothing,Hat,12.41,1,0,12.41,East,Debit Card,In-Store,2,2
ORD002484,2024-09-18,CUST00196,Sports,Yoga Mat,699.84,2,0.2,1119.74,East,PayPal,Phone,5,9
ORD002485,2024-01-19,CUST01314,Books,Biography,20.83,2,0.1,37.49,Central,Bank Transfer,Mobile App,3,1
ORD002486,2024-11-24,CUST00052,Books,Textbook,46.58,4,0.1,167.69,South,Mobile Money,Web,5,11
ORD002487,2024-08-15,CUST01880,Clothing,T-Shirt,41.07,5,0.15,174.55,South,Mobile Money,Web,4,6
ORD002488,2024-07-09,CUST00627,Home,Toaster,139.42,3,0.05,397.35,North,Bank Transfer,In-Store,4,3
ORD002489,2024-08-08,CUST00101,Sports,Bicycle,20.52,4,0.1,73.87,East,PayPal,Mobile App,4,9
ORD002490,2024-01-25,CUST00861,Sports,Tennis Racket,354.74,4,0,1418.96,West,Debit Card,Mobile App,4,8
ORD002491,2024-07-23,CUST00910,Home,Table,185.96,1,0,185.96,West,Credit Card,Mobile App,3,7
ORD002492,2024-03-12,CUST01301,Sports,Football,253.1,5,0,1265.5,North,Bank Transfer,In-Store,4,4
ORD002493,2024-11-23,CUST00815,Books,Guide,26.92,5,0,134.6,East,PayPal,In-Store,4,8
ORD002494,2024-05-24,CUST00493,Books,Textbook,22.77,1,0.1,20.49,South,PayPal,Mobile App,4,4
ORD002495,2024-02-10,CUST00259,Home,Toaster,16.84,1,0,16.84,East,Credit Card,In-Store,4,6
ORD002496,2024-06-22,CUST00578,Clothing,Sneakers,94.05,3,0.1,253.94,Central,Credit Card,Phone,3,3
ORD002497,2024-05-22,CUST00927,Books,Cookbook,49.49,1,0,49.49,North,Debit Card,Mobile App,3,4
ORD002498,2024-07-02,CUST00456,Clothing,Hat,121.28,5,0,606.4,North,PayPal,Mobile App,3,9
ORD002499,2024-03-12,CUST00804,Books,Textbook,7.53,1,0.2,6.02,South,Bank Transfer,Web,5,8
ORD002500,2024-03-12,CUST00055,Clothing,T-Shirt,77.95,2,0.1,140.31,East,Credit Card,Phone,5,8
ORD002501,2024-05-03,CUST01843,Sports,Basketball,726.03,3,0.15,1851.38,West,Mobile Money,Mobile App,5,8
ORD002502,2024-06-30,CUST01989,Electronics,Headphones,370.87,2,0.2,593.39,South,Credit Card,Mobile App,5,10
ORD002503,2024-07-02,CUST00310,Clothing,Hat,16.32,5,0.2,65.28,North,Mobile Money,Web,2,11
ORD002504,2024-05-04,CUST01268,Sports,Football,102.87,2,0.15,174.88,South,Mobile Money,Phone,4,2
ORD002505,2024-12-28,CUST00700,Sports,Football,21.61,1,0,21.61,West,Credit Card,Phone,4,3
ORD002506,2024-09-09,CUST01516,Clothing,Jacket,62.72,3,0.15,159.94,East,PayPal,In-Store,3,1
ORD002507,2024-01-01,CUST01597,Books,Cookbook,59.86,2,0,119.72,East,Debit Card,Mobile App,3,12
ORD002508,2024-09-30,CUST00584,Clothing,T-Shirt,144.73,4,0.05,549.97,East,Mobile Money,In-Store,5,8
ORD002509,2024-05-31,CUST00723,Home,Chair,185.92,1,0.1,167.33,South,Bank Transfer,Web,5,2
ORD002510,2024-08-07,CUST00706,Books,Biography,28.53,4,0.15,97.0,South,Mobile Money,Phone,4,2
ORD002511,2024-02-14,CUST01328,Clothing,T-Shirt,119.73,2,0.1,215.51,East,Mobile Money,Web,5,7
ORD002512,2024-05-05,CUST00234,Electronics,Camera,956.17,2,0,1912.34,West,Mobile Money,Phone,2,1
ORD002513,2024-06-20,CUST00310,Books,Guide,50.42,4,0,201.68,South,Mobile Money,Web,3,9
ORD002514,2024-11-21,CUST00583,Home,Toaster,74.8,2,0.05,142.12,Central,PayPal,Phone,4,4
ORD002515,2024-06-08,CUST00083,Books,Novel,9.57,2,0.1,17.23,North,Debit Card,Phone,3,14
ORD002516,2024-12-22,CUST00499,Home,Chair,234.37,5,0.1,1054.66,North,Debit Card,Mobile App,2,5
ORD002517,2024-07-13,CUST00428,Books,Comic,37.97,5,0.2,151.88,South,Mobile Money,In-Store,5,2
ORD002518,2024-06-24,CUST01808,Books,Guide,35.46,4,0.05,134.75,East,Debit Card,Mobile App,4,1
ORD002519,2024-07-17,CUST00336,Electronics,Laptop,1179.47,1,0.2,943.58,West,Mobile Money,In-Store,5,3
ORD002520,2024-07-07,CUST00296,Books,Biography,52.62,2,0.2,84.19,West,Debit Card,In-Store,3,6
ORD002521,2024-07-06,CUST00644,Home,Chair,385.46,2,0.05,732.37,West,Bank Transfer,Phone,4,7
ORD002522,2024-08-06,CUST00571,Home,Toaster,184.9,3,0.1,499.23,Central,PayPal,In-Store,3,14
ORD002523,2024-01-03,CUST01185,Electronics,Laptop,494.9,2,0,989.8,South,Bank Transfer,Phone,5,6
ORD002524,2024-12-10,CUST00864,Books,Cookbook,56.08,1,0,56.08,South,Mobile Money,Phone,2,12
ORD002525,2024-06-12,CUST01258,Books,Textbook,37.85,2,0.15,64.34,West,Bank Transfer,Mobile App,5,5
ORD002526,2024-06-03,CUST01603,Home,Chair,43.09,5,0,215.45,East,Credit Card,Mobile App,4,3
ORD002527,2024-12-19,CUST01433,Clothing,Jacket,135.02,4,0.1,486.07,North,PayPal,In-Store,5,8
ORD002528,2024-02-29,CUST00597,Sports,Dumbbell,689.22,2,0,1378.44,North,Mobile Money,Web,5,4
ORD002529,2024-05-29,CUST01394,Clothing,Socks,95.53,2,0,191.06,South,Debit Card,Mobile App,4,8
ORD002530,2024-12-26,CUST00132,Clothing,Socks,17.85,5,0.15,75.86,West,Mobile Money,Phone,4,13
ORD002531,2024-04-22,CUST01739,Books,Novel,26.75,4,0.15,90.95,Central,Mobile Money,Mobile App,5,1
ORD002532,2024-01-26,CUST01475,Electronics,Laptop,1483.24,2,0,2966.48,Central,PayPal,In-Store,5,3
ORD002533,2024-04-14,CUST00436,Books,Comic,47.53,5,0,237.65,West,Mobile Money,Phone,5,1
ORD002534,2024-07-26,CUST01516,Sports,Basketball,752.03,5,0.1,3384.14,North,Debit Card,Phone,4,1
ORD002535,2024-08-10,CUST01228,Home,Pillow,275.71,5,0,1378.55,South,Credit Card,In-Store,5,7
ORD002536,2024-04-06,CUST01274,Home,Toaster,290.35,1,0,290.35,East,Credit Card,Mobile App,2,6
ORD002537,2024-02-25,CUST00598,Electronics,Camera,1455.23,1,0,1455.23,West,Credit Card,Phone,5,6
ORD002538,2024-01-25,CUST01073,Sports,Bicycle,558.92,1,0.1,503.03,Central,Bank Transfer,Web,3,5
ORD002539,2024-05-19,CUST00714,Home,Pillow,41.23,3,0,123.69,West,Mobile Money,In-Store,3,2
ORD002540,2024-09-20,CUST00978,Clothing,Jacket,36.73,1,0,36.73,East,Mobile Money,In-Store,4,6
ORD002541,2024-01-07,CUST00826,Sports,Football,173.73,5,0.15,738.35,Central,PayPal,Phone,3,5
ORD002542,2024-05-14,CUST01971,Books,Novel,31.79,4,0.1,114.44,Central,Credit Card,Mobile App,1,8
ORD002543,2024-10-13,CUST00419,Electronics,Headphones,1351.31,5,0.15,5743.07,West,Credit Card,Phone,5,2
ORD002544,2024-09-21,CUST00232,Electronics,Tablet,798.14,4,0.05,3032.93,North,Bank Transfer,Phone,5,14
ORD002545,2024-12-05,CUST00848,Books,Biography,24.59,5,0,122.95,North,Mobile Money,Web,3,12
ORD002546,2024-07-10,CUST00731,Home,Lamp,143.14,5,0,715.7,Central,Credit Card,In-Store,3,7
ORD002547,2024-05-06,CUST00491,Home,Blender,286.65,5,0,1433.25,South,Bank Transfer,Mobile App,4,5
ORD002548,2024-08-27,CUST01435,Clothing,Sneakers,66.03,2,0,132.06,West,PayPal,Web,5,2
ORD002549,2024-10-07,CUST01780,Home,Toaster,328.54,4,0.05,1248.45,South,Credit Card,Mobile App,4,1
ORD002550,2024-08-24,CUST01545,Clothing,Hat,57.74,2,0.2,92.38,West,Mobile Money,Mobile App,4,5
ORD002551,2024-06-12,CUST01061,Home,Lamp,260.62,1,0,260.62,East,PayPal,Phone,2,2
ORD002552,2024-04-07,CUST00016,Clothing,T-Shirt,122.53,4,0.2,392.1,Central,Bank Transfer,Phone,5,3
ORD002553,2024-03-26,CUST01625,Electronics,Camera,712.19,2,0.1,1281.94,West,Mobile Money,Phone,5,12
ORD002554,2024-03-12,CUST01420,Electronics,Laptop,1324.29,5,0,6621.45,West,Bank Transfer,Phone,3,4
ORD002555,2024-03-15,CUST01695,Electronics,Smartwatch,139.14,4,0,556.56,South,PayPal,Mobile App,2,4
ORD002556,2024-01-27,CUST01349,Home,Pillow,126.75,2,0.15,215.48,West,Mobile Money,Phone,4,2
ORD002557,2024-10-23,CUST00973,Sports,Bicycle,724.57,1,0.15,615.88,North,Mobile Money,In-Store,5,12
ORD002558,2024-08-21,CUST00084,Sports,Dumbbell,292.9,4,0.05,1113.02,Central,Bank Transfer,Phone,4,9
ORD002559,2024-01-09,CUST00751,Clothing,Jeans,50.26,3,0,150.78,South,Debit Card,In-Store,4,3
ORD002560,2024-08-22,CUST01961,Books,Guide,44.2,2,0.2,70.72,South,Debit Card,Web,5,10
ORD002561,2024-01-07,CUST00742,Electronics,Tablet,403.62,5,0.15,1715.39,East,Mobile Money,Mobile App,5,7
ORD002562,2024-02-12,CUST00674,Electronics,Laptop,535.13,5,0,2675.65,North,Credit Card,Web,5,2
ORD002563,2024-01-05,CUST00067,Books,Guide,50.58,2,0.05,96.1,South,Mobile Money,In-Store,1,9
ORD002564,2024-08-27,CUST01225,Sports,Bicycle,182.97,3,0.2,439.13,West,Bank Transfer,Mobile App,5,4
ORD002565,2024-09-08,CUST01230,Home,Table,210.43,2,0,420.86,South,Credit Card,In-Store,5,10
ORD002566,2024-05-04,CUST01456,Books,Biography,36.36,3,0.05,103.63,Central,Mobile Money,Phone,5,14
ORD002567,2024-04-16,CUST01946,Home,Pillow,335.23,2,0,670.46,West,Debit Card,Phone,2,7
ORD002568,2024-07-20,CUST00541,Home,Chair,314.79,2,0,629.58,Central,Debit Card,Phone,4,11
ORD002569,2024-12-11,CUST00043,Clothing,Jacket,10.37,1,0.15,8.81,Central,Mobile Money,Web,5,2
ORD002570,2024-02-14,CUST01146,Home,Pillow,302.32,1,0,302.32,East,PayPal,Mobile App,4,14
ORD002571,2024-04-13,CUST01801,Clothing,Sneakers,132.84,4,0.15,451.66,South,Debit Card,In-Store,5,7
ORD002572,2024-01-07,CUST00120,Clothing,Sneakers,93.76,2,0.2,150.02,North,Credit Card,Web,3,9
ORD002573,2024-09-23,CUST00008,Sports,Tennis Racket,203.14,5,0.05,964.92,East,Bank Transfer,Web,2,3
ORD002574,2024-12-23,CUST00133,Sports,Bicycle,786.27,2,0,1572.54,East,Bank Transfer,Mobile App,5,10
ORD002575,2024-12-27,CUST00909,Electronics,Smartwatch,1122.41,1,0,1122.41,West,Mobile Money,Web,3,4
ORD002576,2024-02-12,CUST00281,Books,Biography,14.37,1,0.1,12.93,West,Bank Transfer,Web,2,6
ORD002577,2024-08-22,CUST01786,Sports,Yoga Mat,628.25,3,0.2,1507.8,East,Debit Card,Web,5,14
ORD002578,2024-12-11,CUST00501,Electronics,Laptop,1470.24,5,0,7351.2,North,Bank Transfer,Phone,5,8
ORD002579,2024-03-12,CUST01198,Clothing,Hat,72.7,5,0,363.5,North,PayPal,Mobile App,2,11
ORD002580,2024-07-01,CUST01552,Books,Cookbook,17.8,4,0.15,60.52,North,Mobile Money,Phone,5,7
ORD002581,2024-09-02,CUST01839,Books,Guide,52.67,5,0.05,250.18,South,Bank Transfer,Mobile App,4,7
ORD002582,2024-02-14,CUST00813,Clothing,Sneakers,86.26,3,0,258.78,South,Mobile Money,Phone,5,3
ORD002583,2024-08-15,CUST01416,Sports,Basketball,163.58,4,0.05,621.6,Central,Credit Card,Mobile App,4,8
ORD002584,2024-04-05,CUST01313,Books,Novel,57.23,3,0,171.69,Central,Bank Transfer,Web,4,8
ORD002585,2024-10-01,CUST00663,Home,Toaster,239.74,3,0.1,647.3,East,Bank Transfer,Phone,2,8
ORD002586,2024-09-10,CUST00052,Books,Textbook,28.86,5,0.2,115.44,Central,Debit Card,In-Store,5,12
ORD002587,2024-05-28,CUST00903,Sports,Football,267.33,1,0.15,227.23,North,Mobile Money,In-Store,3,8
ORD002588,2024-03-12,CUST01944,Sports,Tennis Racket,167.01,1,0.2,133.61,East,Mobile Money,In-Store,5,13
ORD002589,2024-02-28,CUST00632,Electronics,Smartwatch,822.67,1,0.15,699.27,Central,Mobile Money,Web,5,1
ORD002590,2024-05-14,CUST01442,Home,Lamp,16.68,5,0,83.4,South,Bank Transfer,Phone,3,9
ORD002591,2024-04-29,CUST01586,Books,Comic,40.17,1,0.15,34.14,South,Bank Transfer,Mobile App,5,1
ORD002592,2024-11-20,CUST01319,Electronics,Laptop,1110.08,2,0,2220.16,Central,Mobile Money,Web,1,8
ORD002593,2024-12-04,CUST00706,Home,Chair,235.07,1,0.05,223.32,South,Debit Card,Mobile App,4,4
ORD002594,2024-10-14,CUST00345,Clothing,Sneakers,94.66,1,0.15,80.46,North,Credit Card,Phone,2,11
ORD002595,2024-03-29,CUST01334,Clothing,T-Shirt,141.66,3,0.2,339.98,West,Debit Card,In-Store,5,12
ORD002596,2024-11-21,CUST00051,Sports,Dumbbell,303.51,4,0.2,971.23,East,Mobile Money,Web,4,13
ORD002597,2024-07-27,CUST01861,Home,Table,165.55,5,0,827.75,West,PayPal,Web,4,12
ORD002598,2024-11-26,CUST01925,Books,Cookbook,54.68,2,0,109.36,East,Debit Card,In-Store,3,6
ORD002599,2024-10-01,CUST00858,Electronics,Tablet,602.18,4,0.1,2167.85,East,Bank Transfer,Mobile App,4,11
ORD002600,2024-04-27,CUST01899,Home,Toaster,91.35,3,0.1,246.65,East,Bank Transfer,Phone,4,11
ORD002601,2024-07-19,CUST01061,Clothing,Sneakers,126.5,2,0.05,240.35,East,Debit Card,Mobile App,5,1
ORD002602,2024-09-17,CUST00596,Books,Biography,25.07,4,0,100.28,South,Debit Card,Phone,5,13
ORD002603,2024-05-04,CUST01493,Sports,Tennis Racket,190.39,3,0,571.17,West,Bank Transfer,In-Store,5,14
ORD002604,2024-01-31,CUST01477,Sports,Football,297.7,3,0,893.1,North,Bank Transfer,Mobile App,4,9
ORD002605,2024-08-22,CUST00353,Home,Blender,193.44,1,0,193.44,Central,Debit Card,Web,3,12
ORD002606,2024-10-29,CUST01301,Books,Biography,17.5,4,0,70.0,East,Credit Card,Mobile App,3,9
ORD002607,2024-06-28,CUST00079,Electronics,Laptop,661.48,3,0.1,1786.0,South,Credit Card,In-Store,2,6
ORD002608,2024-06-08,CUST00465,Electronics,Camera,318.24,5,0,1591.2,North,Debit Card,Phone,3,10
ORD002609,2024-04-24,CUST01271,Home,Pillow,279.37,2,0.2,446.99,East,Debit Card,Web,5,13
ORD002610,2024-01-15,CUST01780,Electronics,Laptop,256.24,3,0.1,691.85,South,Mobile Money,In-Store,3,3
ORD002611,2024-12-11,CUST00376,Books,Comic,13.19,4,0.2,42.21,East,Credit Card,Web,5,9
ORD002612,2024-12-12,CUST00600,Home,Blender,101.03,2,0.1,181.85,East,Credit Card,In-Store,4,11
ORD002613,2024-04-28,CUST00161,Books,Novel,48.9,1,0.1,44.01,West,PayPal,In-Store,3,14
ORD002614,2024-08-20,CUST01892,Home,Table,305.98,2,0.15,520.17,West,Debit Card,Phone,5,3
ORD002615,2024-08-14,CUST00196,Sports,Football,344.27,2,0,688.54,South,Credit Card,In-Store,3,14
ORD002616,2024-08-05,CUST00208,Books,Comic,57.98,2,0.2,92.77,South,Mobile Money,Web,4,9
ORD002617,2024-03-22,CUST01273,Home,Toaster,60.63,4,0.05,230.39,North,Mobile Money,Mobile App,1,2
ORD002618,2024-11-02,CUST00152,Sports,Dumbbell,207.59,2,0.1,373.66,West,Mobile Money,Web,3,5
ORD002619,2024-10-29,CUST01880,Home,Lamp,289.23,5,0.2,1156.92,South,Mobile Money,Phone,5,4
ORD002620,2024-04-27,CUST01088,Electronics,Smartphone,1430.79,2,0,2861.58,Central,Bank Transfer,Web,5,5
ORD002621,2024-05-29,CUST00118,Sports,Yoga Mat,683.16,1,0.15,580.69,South,PayPal,Mobile App,5,7
ORD002622,2024-03-30,CUST00487,Home,Table,32.79,2,0.1,59.02,North,Debit Card,In-Store,5,3
ORD002623,2024-08-26,CUST01249,Books,Comic,47.19,4,0.05,179.32,North,Credit Card,In-Store,3,5
ORD002624,2024-02-13,CUST01449,Sports,Football,603.82,3,0,1811.46,South,PayPal,Mobile App,4,7
ORD002625,2024-12-17,CUST00322,Sports,Yoga Mat,195.52,1,0,195.52,Central,Mobile Money,Phone,4,2
ORD002626,2024-10-26,CUST01379,Electronics,Tablet,72.91,2,0.15,123.95,West,Bank Transfer,Mobile App,3,7
ORD002627,2024-03-23,CUST01725,Home,Lamp,365.24,2,0.2,584.38,West,Debit Card,Web,5,12
ORD002628,2024-11-12,CUST00201,Electronics,Camera,779.96,2,0.2,1247.94,Central,Bank Transfer,Mobile App,4,7
ORD002629,2024-12-13,CUST01594,Sports,Football,633.74,4,0,2534.96,West,Credit Card,Web,4,6
ORD002630,2024-01-01,CUST00599,Clothing,Hat,81.94,4,0.05,311.37,East,Bank Transfer,Web,4,6
ORD002631,2024-01-06,CUST00364,Clothing,T-Shirt,45.6,3,0,136.8,North,Debit Card,Phone,5,12
ORD002632,2024-01-18,CUST01526,Sports,Basketball,457.16,5,0.1,2057.22,East,PayPal,Web,5,3
ORD002633,2024-07-22,CUST01329,Sports,Yoga Mat,412.34,4,0.2,1319.49,North,PayPal,Web,2,10
ORD002634,2024-06-27,CUST00141,Clothing,Jacket,67.13,4,0.15,228.24,Central,Debit Card,Mobile App,4,13
ORD002635,2024-05-04,CUST01362,Books,Cookbook,32.77,1,0,32.77,South,Mobile Money,Mobile App,5,2
ORD002636,2024-07-11,CUST01118,Electronics,Tablet,195.19,2,0,390.38,East,Debit Card,Mobile App,2,1
ORD002637,2024-07-04,CUST00356,Electronics,Smartphone,826.35,5,0,4131.75,North,Bank Transfer,Mobile App,5,11
ORD002638,2024-11-22,CUST00851,Electronics,Camera,610.77,1,0.15,519.15,North,Debit Card,Web,5,11
ORD002639,2024-08-26,CUST01214,Books,Textbook,45.61,5,0,228.05,East,Mobile Money,Phone,5,8
ORD002640,2024-02-11,CUST01469,Clothing,T-Shirt,15.98,3,0,47.94,North,Credit Card,Phone,3,1
ORD002641,2024-07-05,CUST00057,Books,Novel,28.85,3,0.1,77.89,Central,Bank Transfer,In-Store,5,2
ORD002642,2024-02-11,CUST01807,Clothing,Jeans,74.23,5,0,371.15,Central,Credit Card,In-Store,5,13
ORD002643,2024-11-06,CUST01264,Home,Table,114.92,3,0.05,327.52,West,PayPal,In-Store,4,7
ORD002644,2024-02-10,CUST00914,Electronics,Smartwatch,319.79,4,0.05,1215.2,North,Bank Transfer,Phone,3,13
ORD002645,2024-02-24,CUST00823,Clothing,Sneakers,43.67,3,0.05,124.46,West,Mobile Money,Mobile App,2,1
ORD002646,2024-04-10,CUST01746,Home,Table,205.35,4,0,821.4,Central,Mobile Money,In-Store,4,14
ORD002647,2024-12-01,CUST01560,Electronics,Smartphone,1107.69,2,0.15,1883.07,East,Mobile Money,Web,5,5
ORD002648,2024-08-05,CUST00448,Home,Blender,356.01,2,0.05,676.42,North,PayPal,Web,3,2
ORD002649,2024-11-16,CUST00768,Books,Biography,47.85,3,0,143.55,South,PayPal,Mobile App,4,2
ORD002650,2024-07-31,CUST00056,Sports,Dumbbell,792.47,4,0,3169.88,East,Mobile Money,In-Store,3,7
ORD002651,2024-01-12,CUST01129,Sports,Tennis Racket,322.25,5,0.05,1530.69,Central,Debit Card,Web,3,1
ORD002652,2024-04-26,CUST00465,Home,Toaster,99.66,5,0.15,423.56,North,PayPal,Mobile App,5,12
ORD002653,2024-12-04,CUST00989,Clothing,Socks,148.3,5,0,741.5,North,Mobile Money,In-Store,4,10
ORD002654,2024-07-12,CUST01405,Clothing,Jacket,19.02,3,0,57.06,South,Bank Transfer,Web,5,2
ORD002655,2024-05-23,CUST01063,Sports,Dumbbell,152.86,5,0,764.3,South,Credit Card,Web,4,9
ORD002656,2024-01-28,CUST00984,Electronics,Headphones,1059.96,4,0.15,3603.86,East,Mobile Money,In-Store,5,14
ORD002657,2024-08-17,CUST00117,Sports,Dumbbell,717.62,5,0.1,3229.29,East,Debit Card,Mobile App,4,2
ORD002658,2024-07-28,CUST00856,Books,Novel,11.07,5,0.2,44.28,East,Bank Transfer,Web,5,9
ORD002659,2024-02-09,CUST01295,Sports,Tennis Racket,537.07,1,0.05,510.22,East,Mobile Money,Mobile App,4,2
ORD002660,2024-08-24,CUST00751,Books,Textbook,50.6,2,0.1,91.08,East,Mobile Money,Mobile App,5,12
ORD002661,2024-07-29,CUST01872,Books,Novel,28.02,3,0.1,75.65,Central,Bank Transfer,Web,3,2
ORD002662,2024-10-24,CUST00110,Sports,Basketball,429.93,5,0.15,1827.2,West,Bank Transfer,Mobile App,5,12
ORD002663,2024-02-09,CUST01012,Electronics,Laptop,1157.23,1,0.05,1099.37,East,Debit Card,Mobile App,4,2
ORD002664,2024-03-02,CUST00496,Books,Textbook,49.14,2,0.05,93.37,North,Mobile Money,In-Store,5,5
ORD002665,2024-12-18,CUST00116,Sports,Football,608.36,1,0,608.36,South,Mobile Money,Mobile App,4,10
ORD002666,2024-06-19,CUST00700,Home,Pillow,128.9,5,0.2,515.6,West,Debit Card,Web,5,3
ORD002667,2024-11-19,CUST01866,Books,Comic,59.96,2,0.1,107.93,East,PayPal,Web,3,8
ORD002668,2024-10-12,CUST00137,Home,Lamp,335.95,2,0,671.9,East,Mobile Money,Phone,5,3
ORD002669,2024-01-20,CUST01111,Electronics,Camera,1487.61,2,0.05,2826.46,West,Debit Card,In-Store,2,6
ORD002670,2024-06-11,CUST00643,Home,Lamp,332.55,5,0,1662.75,West,Debit Card,Web,3,10
ORD002671,2024-07-23,CUST01510,Clothing,T-Shirt,135.27,4,0.1,486.97,East,Bank Transfer,Web,4,11
ORD002672,2024-10-23,CUST00278,Sports,Dumbbell,562.7,3,0,1688.1,East,Credit Card,Mobile App,4,12
ORD002673,2024-11-29,CUST01896,Electronics,Headphones,751.01,2,0,1502.02,North,Mobile Money,Phone,5,9
ORD002674,2024-08-28,CUST00879,Electronics,Laptop,1322.15,2,0.1,2379.87,West,Credit Card,Phone,3,12
ORD002675,2024-05-30,CUST01447,Clothing,T-Shirt,77.04,2,0.15,130.97,South,PayPal,Mobile App,5,11
ORD002676,2024-12-18,CUST01802,Clothing,Socks,33.9,3,0,101.7,South,Credit Card,Phone,4,11
ORD002677,2024-06-06,CUST00193,Clothing,Jeans,112.69,4,0,450.76,Central,Credit Card,In-Store,5,5
ORD002678,2024-05-18,CUST01369,Home,Chair,129.16,5,0.2,516.64,North,Debit Card,In-Store,4,4
ORD002679,2024-07-29,CUST01832,Home,Lamp,283.62,3,0.05,808.32,North,Credit Card,Phone,4,11
ORD002680,2024-11-09,CUST00584,Electronics,Tablet,653.97,3,0,1961.91,North,PayPal,Phone,5,6
ORD002681,2024-08-27,CUST00638,Clothing,Hat,85.48,1,0,85.48,South,PayPal,In-Store,1,2
ORD002682,2024-02-08,CUST01684,Sports,Football,416.69,2,0.05,791.71,North,Credit Card,Mobile App,4,6
ORD002683,2024-10-22,CUST00360,Books,Comic,38.91,2,0.15,66.15,North,Debit Card,Mobile App,5,8
ORD002684,2024-08-04,CUST01588,Books,Guide,25.99,5,0.15,110.46,South,Bank Transfer,In-Store,5,4
ORD002685,2024-02-17,CUST01281,Clothing,Hat,63.72,5,0,318.6,Central,Debit Card,Web,5,14
ORD002686,2024-05-23,CUST01759,Sports,Basketball,631.08,3,0,1893.24,South,PayPal,Web,4,7
ORD002687,2024-07-28,CUST01651,Books,Guide,14.77,2,0,29.54,East,Bank Transfer,Mobile App,3,4
ORD002688,2024-09-26,CUST01849,Home,Chair,196.97,1,0.15,167.42,Central,PayPal,Web,5,9
ORD002689,2024-05-07,CUST00362,Books,Comic,49.66,2,0,99.32,West,Bank Transfer,Mobile App,5,9
ORD002690,2024-06-23,CUST00045,Home,Table,23.02,3,0,69.06,Central,PayPal,Mobile App,5,13
ORD002691,2024-11-14,CUST01247,Sports,Bicycle,724.67,5,0.2,2898.68,East,Mobile Money,Web,5,4
ORD002692,2024-08-04,CUST00430,Sports,Dumbbell,649.2,5,0.2,2596.8,East,Bank Transfer,Web,4,14
ORD002693,2024-03-04,CUST01072,Books,Biography,23.05,3,0.05,65.69,South,Credit Card,Web,5,13
ORD002694,2024-09-17,CUST00435,Sports,Tennis Racket,285.37,2,0.1,513.67,East,PayPal,Phone,5,11
ORD002695,2024-10-28,CUST01187,Books,Cookbook,57.96,4,0.05,220.25,East,Mobile Money,Web,4,7
ORD002696,2024-08-09,CUST00175,Electronics,Headphones,1065.41,1,0.2,852.33,East,Bank Transfer,Phone,5,2
ORD002697,2024-09-25,CUST01949,Electronics,Laptop,1446.89,2,0.2,2315.02,West,Credit Card,In-Store,4,7
ORD002698,2024-11-30,CUST01112,Books,Comic,28.04,3,0,84.12,Central,Mobile Money,Web,3,11
ORD002699,2024-10-15,CUST01399,Electronics,Headphones,762.52,3,0,2287.56,South,Debit Card,In-Store,5,12
ORD002700,2024-09-21,CUST01809,Clothing,Jacket,95.5,4,0.1,343.8,East,PayPal,Web,3,11
ORD002701,2024-04-27,CUST00637,Home,Blender,172.28,5,0.2,689.12,North,Debit Card,In-Store,5,3
ORD002702,2024-03-26,CUST01642,Sports,Dumbbell,76.24,5,0.1,343.08,West,Credit Card,In-Store,5,1
ORD002703,2024-06-14,CUST01005,Clothing,Jacket,17.8,2,0.1,32.04,West,Debit Card,Phone,5,14
ORD002704,2024-07-29,CUST00511,Home,Toaster,397.2,1,0.15,337.62,Central,PayPal,Mobile App,5,13
ORD002705,2024-06-14,CUST00453,Books,Cookbook,52.75,4,0,211.0,North,Credit Card,Web,4,13
ORD002706,2024-11-03,CUST01981,Electronics,Smartphone,686.95,5,0.05,3263.01,Central,Debit Card,Web,3,13
ORD002707,2024-12-28,CUST00718,Home,Pillow,369.45,3,0,1108.35,Central,Mobile Money,Phone,4,1
ORD002708,2024-04-09,CUST00442,Clothing,Sneakers,55.86,2,0,111.72,East,PayPal,In-Store,5,4
ORD002709,2024-05-05,CUST01101,Sports,Yoga Mat,334.31,5,0.05,1587.97,North,Debit Card,Mobile App,3,4
ORD002710,2024-01-25,CUST00451,Home,Blender,276.66,1,0.05,262.83,North,Mobile Money,In-Store,4,5
ORD002711,2024-12-11,CUST00279,Home,Blender,192.7,4,0,770.8,West,Debit Card,Phone,4,8
ORD002712,2024-10-10,CUST01240,Sports,Yoga Mat,563.36,5,0.1,2535.12,West,Mobile Money,In-Store,5,13
ORD002713,2024-05-02,CUST01719,Books,Comic,38.73,3,0.15,98.76,Central,PayPal,Mobile App,5,10
ORD002714,2024-05-09,CUST01781,Home,Chair,186.76,4,0.2,597.63,North,Debit Card,Phone,5,7
ORD002715,2024-05-15,CUST00047,Books,Biography,35.67,3,0,107.01,West,Mobile Money,Phone,5,6
ORD002716,2024-06-01,CUST00650,Electronics,Tablet,915.32,3,0,2745.96,West,Debit Card,Mobile App,2,1
ORD002717,2024-01-24,CUST00569,Sports,Tennis Racket,65.39,1,0.15,55.58,North,Mobile Money,In-Store,5,7
ORD002718,2024-05-28,CUST00704,Home,Pillow,209.9,2,0.15,356.83,South,Bank Transfer,In-Store,5,11
ORD002719,2024-12-12,CUST00843,Books,Comic,18.53,2,0,37.06,West,Credit Card,Web,2,14
ORD002720,2024-02-10,CUST01507,Electronics,Tablet,726.3,5,0.15,3086.77,South,PayPal,In-Store,3,14
ORD002721,2024-10-17,CUST00818,Books,Novel,9.33,5,0.1,41.98,East,Credit Card,Web,4,9
ORD002722,2024-08-17,CUST00567,Electronics,Camera,1335.76,5,0,6678.8,West,Mobile Money,Web,5,5
ORD002723,2024-11-25,CUST00837,Home,Blender,187.74,1,0.1,168.97,Central,Mobile Money,Web,5,5
ORD002724,2024-11-29,CUST01708,Books,Guide,37.1,4,0.15,126.14,West,Bank Transfer,Mobile App,5,12
ORD002725,2024-07-25,CUST01230,Sports,Football,597.49,2,0,1194.98,Central,PayPal,Web,3,9
ORD002726,2024-04-29,CUST00008,Sports,Football,235.46,2,0.15,400.28,South,Bank Transfer,Mobile App,5,8
ORD002727,2024-09-03,CUST01277,Books,Comic,52.05,3,0,156.15,Central,Mobile Money,Mobile App,4,3
ORD002728,2024-02-15,CUST00771,Electronics,Tablet,129.45,1,0,129.45,North,PayPal,Phone,4,5
ORD002729,2024-02-16,CUST01502,Books,Textbook,16.73,5,0.2,66.92,Central,PayPal,Mobile App,4,5
ORD002730,2024-04-06,CUST00538,Books,Comic,52.56,2,0,105.12,East,Credit Card,Web,3,12
ORD002731,2024-11-26,CUST00732,Clothing,Socks,41.63,5,0.05,197.74,North,Bank Transfer,Phone,3,7
ORD002732,2024-02-16,CUST01882,Home,Blender,199.44,1,0,199.44,East,Credit Card,Mobile App,5,1
ORD002733,2024-08-02,CUST01095,Clothing,Jacket,81.98,2,0,163.96,North,PayPal,Mobile App,5,10
ORD002734,2024-03-01,CUST01234,Sports,Tennis Racket,304.45,2,0.15,517.57,East,PayPal,Web,5,13
ORD002735,2024-10-10,CUST00677,Sports,Tennis Racket,256.8,1,0,256.8,East,Bank Transfer,Web,5,7
ORD002736,2024-10-02,CUST01749,Books,Comic,46.68,2,0,93.36,North,Bank Transfer,Mobile App,3,5
ORD002737,2024-01-29,CUST01968,Sports,Tennis Racket,91.53,1,0.15,77.8,Central,Credit Card,In-Store,5,14
ORD002738,2024-03-29,CUST00322,Books,Textbook,19.25,5,0.2,77.0,North,Bank Transfer,In-Store,4,10
ORD002739,2024-10-27,CUST00209,Books,Guide,51.27,1,0.2,41.02,South,Credit Card,In-Store,5,3
ORD002740,2024-07-24,CUST00511,Books,Textbook,21.24,1,0,21.24,North,PayPal,In-Store,2,6
ORD002741,2024-01-20,CUST01656,Clothing,T-Shirt,143.32,3,0,429.96,East,PayPal,Web,3,8
ORD002742,2024-11-11,CUST01517,Books,Cookbook,9.84,1,0,9.84,West,PayPal,In-Store,5,11
ORD002743,2024-06-05,CUST01816,Home,Table,190.8,4,0,763.2,East,Credit Card,Mobile App,3,10
ORD002744,2024-11-02,CUST00313,Sports,Football,130.26,5,0.2,521.04,North,Mobile Money,In-Store,4,11
ORD002745,2024-08-02,CUST01880,Electronics,Smartwatch,1380.17,1,0,1380.17,West,Mobile Money,Web,5,1
ORD002746,2024-12-06,CUST01639,Electronics,Camera,1103.73,2,0,2207.46,North,Mobile Money,Mobile App,3,7
ORD002747,2024-09-12,CUST01307,Sports,Basketball,138.52,1,0.15,117.74,West,Debit Card,Phone,5,14
ORD002748,2024-09-27,CUST00555,Sports,Tennis Racket,627.7,2,0,1255.4,West,Bank Transfer,Web,3,12
ORD002749,2024-12-04,CUST01298,Electronics,Laptop,550.63,2,0,1101.26,East,Mobile Money,Mobile App,5,13
ORD002750,2024-04-13,CUST00063,Clothing,Hat,97.82,1,0.15,83.15,North,Mobile Money,In-Store,4,9
ORD002751,2024-04-07,CUST01924,Home,Toaster,204.94,2,0,409.88,North,Debit Card,In-Store,4,2
ORD002752,2024-12-12,CUST01812,Home,Table,86.71,1,0,86.71,North,Debit Card,Phone,5,1
ORD002753,2024-04-03,CUST00858,Books,Novel,20.84,1,0,20.84,East,PayPal,Phone,3,5
ORD002754,2024-01-22,CUST00048,Books,Biography,43.09,5,0,215.45,East,Credit Card,In-Store,5,7
ORD002755,2024-07-18,CUST01723,Books,Guide,19.28,1,0,19.28,East,Mobile Money,Mobile App,3,4
ORD002756,2024-08-14,CUST00781,Sports,Tennis Racket,403.87,5,0.1,1817.41,East,Mobile Money,Mobile App,5,2
ORD002757,2024-11-27,CUST01900,Clothing,Sneakers,102.26,1,0.05,97.15,South,Bank Transfer,Web,2,2
ORD002758,2024-01-05,CUST00988,Electronics,Camera,1308.8,5,0.05,6216.8,Central,PayPal,Phone,5,2
ORD002759,2024-04-16,CUST01557,Sports,Tennis Racket,32.03,5,0,160.15,East,Bank Transfer,In-Store,3,12
ORD002760,2024-06-06,CUST01457,Clothing,Hat,33.59,5,0,167.95,North,PayPal,Phone,2,13
ORD002761,2024-06-06,CUST01149,Sports,Bicycle,57.27,3,0,171.81,South,Bank Transfer,In-Store,4,2
ORD002762,2024-10-15,CUST00453,Books,Biography,16.83,1,0.2,13.46,South,Mobile Money,Phone,4,1
ORD002763,2024-11-16,CUST01578,Sports,Yoga Mat,694.33,5,0.05,3298.07,West,PayPal,Phone,4,12
ORD002764,2024-12-05,CUST01096,Clothing,Hat,134.73,3,0.2,323.35,South,Debit Card,Mobile App,5,12
ORD002765,2024-04-21,CUST00765,Sports,Football,612.91,1,0.1,551.62,South,Credit Card,Phone,3,9
ORD002766,2024-08-04,CUST00839,Sports,Yoga Mat,353.13,3,0.15,900.48,West,Bank Transfer,Web,5,10
ORD002767,2024-09-02,CUST01504,Books,Comic,22.82,5,0,114.1,East,Bank Transfer,In-Store,5,14
ORD002768,2024-07-01,CUST00167,Sports,Dumbbell,281.08,1,0,281.08,West,PayPal,In-Store,4,11
ORD002769,2024-11-14,CUST01101,Home,Toaster,256.98,5,0.15,1092.16,West,PayPal,Web,5,11
ORD002770,2024-12-16,CUST01902,Electronics,Camera,972.36,5,0.05,4618.71,South,Mobile Money,Phone,5,6
ORD002771,2024-09-09,CUST00686,Electronics,Camera,995.27,5,0.1,4478.71,South,PayPal,Phone,4,6
ORD002772,2024-02-27,CUST00903,Home,Lamp,310.49,4,0,1241.96,Central,Bank Transfer,Phone,4,4
ORD002773,2024-09-15,CUST00125,Electronics,Laptop,870.3,2,0,1740.6,North,Mobile Money,Mobile App,5,14
ORD002774,2024-08-31,CUST00318,Electronics,Laptop,1149.97,3,0.1,3104.92,South,PayPal,Mobile App,4,3
ORD002775,2024-12-05,CUST00983,Sports,Yoga Mat,612.27,2,0,1224.54,West,Mobile Money,Web,4,10
ORD002776,2024-11-20,CUST01989,Sports,Yoga Mat,360.0,1,0,360.0,North,PayPal,Web,5,13
ORD002777,2024-02-06,CUST00684,Clothing,Jeans,137.4,5,0,687.0,South,Mobile Money,Mobile App,5,6
ORD002778,2024-06-26,CUST00559,Sports,Dumbbell,332.19,4,0,1328.76,West,Credit Card,In-Store,3,4
ORD002779,2024-08-11,CUST00548,Sports,Basketball,716.15,1,0.1,644.54,West,Debit Card,Phone,4,3
ORD002780,2024-12-22,CUST00613,Electronics,Camera,532.5,2,0.05,1011.75,Central,Bank Transfer,Web,5,2
ORD002781,2024-06-27,CUST01514,Sports,Bicycle,139.46,5,0.2,557.84,South,Bank Transfer,In-Store,5,12
ORD002782,2024-11-28,CUST00446,Electronics,Smartphone,1472.62,3,0,4417.86,Central,Debit Card,Web,5,11
ORD002783,2024-03-12,CUST00326,Books,Biography,23.71,3,0.1,64.02,West,Debit Card,Phone,2,5
ORD002784,2024-09-19,CUST01533,Clothing,Hat,61.91,4,0.15,210.49,West,Credit Card,Phone,4,9
ORD002785,2024-12-07,CUST01153,Sports,Football,668.33,3,0,2004.99,Central,Credit Card,Web,5,8
ORD002786,2024-12-12,CUST00613,Books,Comic,25.37,2,0.1,45.67,North,PayPal,Mobile App,4,6
ORD002787,2024-10-04,CUST01556,Clothing,Socks,24.04,3,0.1,64.91,South,Bank Transfer,In-Store,3,11
ORD002788,2024-06-28,CUST00654,Sports,Dumbbell,232.25,4,0.05,882.55,Central,Credit Card,Phone,4,1
ORD002789,2024-11-28,CUST00431,Home,Table,131.65,5,0,658.25,East,Debit Card,Phone,5,9
ORD002790,2024-07-29,CUST00358,Books,Guide,32.09,3,0.2,77.02,South,Credit Card,In-Store,5,13
ORD002791,2024-02-27,CUST00738,Sports,Football,399.76,2,0,799.52,Central,Mobile Money,Phone,3,2
ORD002792,2024-11-25,CUST00932,Electronics,Camera,119.22,1,0,119.22,South,PayPal,In-Store,3,4
ORD002793,2024-03-09,CUST01931,Electronics,Camera,430.5,5,0.05,2044.88,East,Mobile Money,In-Store,3,7
ORD002794,2024-11-20,CUST00196,Home,Lamp,100.95,3,0.15,257.42,West,Bank Transfer,In-Store,5,11
ORD002795,2024-05-01,CUST01099,Home,Blender,97.39,3,0,292.17,East,PayPal,In-Store,5,9
ORD002796,2024-11-02,CUST01000,Electronics,Camera,1137.32,3,0.05,3241.36,East,Bank Transfer,Web,3,11
ORD002797,2024-05-14,CUST00241,Books,Biography,7.44,5,0.2,29.76,South,Mobile Money,Mobile App,5,4
ORD002798,2024-01-01,CUST00953,Clothing,Socks,113.05,3,0.05,322.19,North,PayPal,Phone,3,13
ORD002799,2024-09-09,CUST01002,Sports,Dumbbell,514.21,1,0,514.21,South,PayPal,Web,4,9
ORD002800,2024-09-22,CUST01023,Home,Pillow,137.95,3,0,413.85,East,PayPal,Phone,5,1
ORD002801,2024-07-17,CUST00160,Electronics,Headphones,86.83,5,0.2,347.32,West,PayPal,Web,3,11
ORD002802,2024-08-23,CUST01324,Electronics,Laptop,685.58,1,0.05,651.3,East,Bank Transfer,Web,4,8
ORD002803,2024-06-09,CUST00201,Sports,Dumbbell,566.57,2,0.1,1019.83,West,Debit Card,Web,3,12
ORD002804,2024-10-08,CUST01892,Home,Toaster,327.01,2,0.15,555.92,Central,Mobile Money,Phone,5,7
ORD002805,2024-05-02,CUST01380,Clothing,Jacket,149.75,4,0.05,569.05,East,Bank Transfer,Phone,4,1
ORD002806,2024-10-02,CUST01596,Books,Novel,30.0,2,0.1,54.0,North,Debit Card,Mobile App,3,13
ORD002807,2024-02-08,CUST00097,Home,Lamp,305.01,5,0,1525.05,Central,Mobile Money,In-Store,3,3
ORD002808,2024-08-09,CUST01378,Books,Guide,22.04,5,0,110.2,South,PayPal,Phone,4,12
ORD002809,2024-05-17,CUST00046,Sports,Dumbbell,364.47,1,0.15,309.8,South,Credit Card,Web,5,8
ORD002810,2024-07-05,CUST00315,Clothing,Jacket,118.39,4,0.2,378.85,West,Credit Card,Mobile App,5,14
ORD002811,2024-08-29,CUST01938,Home,Chair,380.2,4,0,1520.8,East,Credit Card,Mobile App,5,9
ORD002812,2024-02-15,CUST01377,Sports,Dumbbell,354.75,5,0,1773.75,South,Debit Card,Mobile App,5,2
ORD002813,2024-03-22,CUST00170,Home,Pillow,268.2,3,0.2,643.68,North,Bank Transfer,Phone,5,13
ORD002814,2024-06-19,CUST01772,Sports,Tennis Racket,648.7,2,0.2,1037.92,East,Mobile Money,In-Store,5,8
ORD002815,2024-12-24,CUST00768,Home,Pillow,257.21,4,0,1028.84,East,PayPal,In-Store,3,2
ORD002816,2024-12-22,CUST00438,Electronics,Smartwatch,191.46,5,0.15,813.71,West,Mobile Money,Mobile App,4,9
ORD002817,2024-10-09,CUST01318,Electronics,Camera,540.28,1,0,540.28,Central,Credit Card,Mobile App,5,8
ORD002818,2024-05-23,CUST01924,Books,Cookbook,21.55,1,0.1,19.39,North,PayPal,Phone,5,11
ORD002819,2024-12-04,CUST00407,Clothing,Jeans,13.91,1,0,13.91,South,PayPal,In-Store,4,1
ORD002820,2024-04-16,CUST00024,Electronics,Laptop,317.65,2,0.1,571.77,South,Credit Card,Phone,5,13
ORD002821,2024-10-20,CUST00864,Books,Comic,30.78,4,0,123.12,West,Mobile Money,Web,1,9
ORD002822,2024-01-02,CUST01340,Clothing,Sneakers,62.81,5,0,314.05,West,Credit Card,Phone,4,3
ORD002823,2024-09-25,CUST00809,Electronics,Headphones,263.56,3,0.1,711.61,Central,Credit Card,In-Store,5,2
ORD002824,2024-04-25,CUST01375,Sports,Dumbbell,654.86,2,0,1309.72,South,Mobile Money,In-Store,5,11
ORD002825,2024-06-01,CUST01256,Home,Blender,113.83,4,0.05,432.55,North,Mobile Money,Web,2,6
ORD002826,2024-05-08,CUST01166,Clothing,Hat,105.44,4,0.2,337.41,North,Bank Transfer,Phone,5,11
ORD002827,2024-12-04,CUST01445,Electronics,Smartphone,482.63,3,0.2,1158.31,Central,Mobile Money,Web,5,2
ORD002828,2024-10-20,CUST00814,Sports,Football,595.17,3,0.1,1606.96,Central,Debit Card,Phone,2,8
ORD002829,2024-05-06,CUST00510,Electronics,Headphones,452.04,1,0,452.04,West,Debit Card,In-Store,2,3
ORD002830,2024-10-19,CUST01550,Books,Novel,12.73,1,0.05,12.09,North,Bank Transfer,Phone,5,6
ORD002831,2024-04-11,CUST00754,Home,Toaster,19.03,5,0,95.15,Central,Debit Card,In-Store,5,4
ORD002832,2024-08-17,CUST01646,Sports,Bicycle,84.49,4,0,337.96,East,Credit Card,Phone,3,5
ORD002833,2024-12-19,CUST00251,Home,Table,160.29,2,0.2,256.46,North,Debit Card,Web,5,5
ORD002834,2024-04-06,CUST00677,Electronics,Laptop,268.29,5,0,1341.45,East,Bank Transfer,Phone,2,10
ORD002835,2024-11-04,CUST01010,Sports,Football,746.75,3,0.2,1792.2,West,Credit Card,Phone,5,12
ORD002836,2024-08-19,CUST01830,Electronics,Smartphone,97.35,4,0.1,350.46,Central,PayPal,Web,5,3
ORD002837,2024-07-19,CUST01658,Home,Pillow,162.06,3,0,486.18,South,Bank Transfer,In-Store,3,4
ORD002838,2024-10-12,CUST01706,Clothing,Sneakers,63.93,3,0,191.79,West,Mobile Money,Phone,4,14
ORD002839,2024-06-07,CUST01955,Books,Novel,5.52,3,0,16.56,Central,Mobile Money,Mobile App,3,14
ORD002840,2024-04-26,CUST00542,Electronics,Camera,1155.71,2,0,2311.42,Central,Mobile Money,Phone,3,6
ORD002841,2024-01-01,CUST00576,Books,Comic,59.7,3,0,179.1,Central,Credit Card,In-Store,3,12
ORD002842,2024-02-17,CUST00793,Books,Guide,49.11,1,0.1,44.2,North,PayPal,In-Store,5,3
ORD002843,2024-10-23,CUST00613,Books,Novel,30.03,5,0,150.15,West,Mobile Money,Web,5,2
ORD002844,2024-07-19,CUST00921,Electronics,Laptop,751.97,5,0.05,3571.86,East,PayPal,In-Store,3,7
ORD002845,2024-08-21,CUST00794,Home,Blender,72.7,5,0.2,290.8,Central,Debit Card,In-Store,4,9
ORD002846,2024-04-14,CUST01247,Home,Table,378.16,1,0.2,302.53,Central,PayPal,Phone,5,9
ORD002847,2024-10-29,CUST00373,Home,Pillow,175.49,4,0.05,666.86,West,Credit Card,Mobile App,5,9
ORD002848,2024-11-15,CUST00907,Clothing,Sneakers,119.45,4,0,477.8,West,Mobile Money,Phone,5,10
ORD002849,2024-10-16,CUST00833,Home,Blender,30.74,2,0.1,55.33,South,Mobile Money,Mobile App,5,8
ORD002850,2024-12-09,CUST00113,Books,Cookbook,15.11,4,0,60.44,West,Debit Card,In-Store,5,2
ORD002851,2024-12-04,CUST00834,Clothing,Hat,93.59,2,0,187.18,Central,Debit Card,In-Store,5,4
ORD002852,2024-03-14,CUST01208,Clothing,Jeans,36.96,2,0,73.92,South,PayPal,In-Store,3,7
ORD002853,2024-07-12,CUST01996,Electronics,Headphones,1230.87,1,0.2,984.7,East,Debit Card,Web,5,7
ORD002854,2024-08-12,CUST00803,Sports,Yoga Mat,530.41,2,0,1060.82,East,Debit Card,In-Store,4,2
ORD002855,2024-01-25,CUST00784,Clothing,Hat,58.11,4,0.15,197.57,East,PayPal,In-Store,2,5
ORD002856,2024-02-24,CUST01186,Sports,Dumbbell,628.3,3,0,1884.9,Central,Credit Card,In-Store,2,3
ORD002857,2024-01-04,CUST01996,Home,Table,385.79,2,0.1,694.42,West,Mobile Money,In-Store,3,3
ORD002858,2024-08-05,CUST01306,Home,Table,323.28,4,0.1,1163.81,West,Bank Transfer,Phone,4,1
ORD002859,2024-03-27,CUST01819,Clothing,T-Shirt,42.02,5,0,210.1,North,Mobile Money,Web,2,2
ORD002860,2024-07-31,CUST01949,Sports,Bicycle,724.78,5,0.05,3442.71,Central,Bank Transfer,Mobile App,5,9
ORD002861,2024-09-22,CUST01693,Books,Cookbook,33.85,4,0,135.4,North,PayPal,Mobile App,4,13
ORD002862,2024-10-22,CUST00971,Home,Toaster,154.48,4,0,617.92,Central,Mobile Money,In-Store,5,5
ORD002863,2024-04-03,CUST01038,Electronics,Headphones,62.1,2,0.2,99.36,North,Mobile Money,Web,5,1
ORD002864,2024-09-06,CUST01403,Home,Lamp,285.11,2,0.1,513.2,North,Debit Card,Web,3,3
ORD002865,2024-09-07,CUST00751,Clothing,Socks,108.46,1,0,108.46,East,Credit Card,Phone,4,5
ORD002866,2024-05-17,CUST00270,Sports,Dumbbell,503.22,1,0,503.22,West,PayPal,Web,4,13
ORD002867,2024-05-09,CUST01691,Electronics,Tablet,298.12,5,0.05,1416.07,North,Debit Card,Phone,3,1
ORD002868,2024-10-04,CUST01649,Books,Cookbook,54.97,3,0,164.91,South,Debit Card,Web,5,10
ORD002869,2024-12-18,CUST00815,Home,Toaster,381.65,2,0,763.3,Central,Credit Card,Phone,4,1
ORD002870,2024-04-27,CUST00995,Electronics,Tablet,536.58,5,0,2682.9,North,PayPal,In-Store,2,9
ORD002871,2024-07-05,CUST00219,Electronics,Smartwatch,969.69,1,0,969.69,Central,Mobile Money,Phone,1,10
ORD002872,2024-06-28,CUST00268,Books,Guide,12.27,5,0,61.35,North,Credit Card,Mobile App,2,9
ORD002873,2024-08-18,CUST01703,Home,Chair,106.74,2,0.1,192.13,East,Bank Transfer,Mobile App,5,13
ORD002874,2024-02-22,CUST01976,Books,Cookbook,23.73,2,0.1,42.71,East,PayPal,Web,3,2
ORD002875,2024-05-24,CUST01994,Books,Textbook,49.11,4,0,196.44,North,Mobile Money,In-Store,4,14
ORD002876,2024-06-07,CUST00613,Books,Comic,43.28,1,0.2,34.62,Central,Mobile Money,Mobile App,5,10
ORD002877,2024-02-10,CUST01118,Books,Textbook,26.2,3,0.1,70.74,South,Credit Card,Mobile App,4,5
ORD002878,2024-11-26,CUST01617,Sports,Dumbbell,587.54,2,0.2,940.06,West,Mobile Money,Mobile App,5,13
ORD002879,2024-11-18,CUST01762,Home,Table,88.64,3,0,265.92,East,Bank Transfer,Phone,5,9
ORD002880,2024-08-31,CUST01852,Books,Textbook,38.2,4,0,152.8,West,PayPal,Mobile App,2,9
ORD002881,2024-04-25,CUST01094,Electronics,Smartphone,939.41,5,0,4697.05,North,PayPal,Mobile App,3,5
ORD002882,2024-01-16,CUST01163,Books,Cookbook,52.53,1,0.15,44.65,East,Credit Card,Web,5,7
ORD002883,2024-05-27,CUST00831,Home,Blender,102.8,4,0,411.2,West,Debit Card,Mobile App,5,6
ORD002884,2024-07-30,CUST00473,Home,Toaster,74.21,1,0,74.21,North,Bank Transfer,Web,5,12
ORD002885,2024-06-19,CUST00496,Home,Pillow,390.2,1,0.15,331.67,North,Credit Card,Phone,3,3
ORD002886,2024-09-08,CUST00673,Clothing,Sneakers,53.5,1,0,53.5,West,Bank Transfer,Web,5,1
ORD002887,2024-04-24,CUST00676,Electronics,Smartwatch,435.55,5,0.2,1742.2,Central,Bank Transfer,In-Store,4,8
ORD002888,2024-05-04,CUST01972,Home,Chair,75.8,5,0.15,322.15,East,Bank Transfer,Phone,5,11
ORD002889,2024-02-12,CUST00511,Books,Guide,31.47,4,0.2,100.7,Central,Credit Card,Mobile App,5,3
ORD002890,2024-04-30,CUST00022,Books,Textbook,45.8,4,0.15,155.72,North,Debit Card,Mobile App,5,10
ORD002891,2024-06-02,CUST00833,Sports,Football,468.23,1,0.05,444.82,North,PayPal,In-Store,5,3
ORD002892,2024-05-13,CUST00108,Books,Cookbook,31.89,3,0,95.67,East,Debit Card,Mobile App,4,2
ORD002893,2024-12-27,CUST01505,Books,Cookbook,32.1,2,0.15,54.57,West,Mobile Money,In-Store,5,13
ORD002894,2024-04-28,CUST00820,Home,Toaster,101.48,2,0,202.96,Central,Credit Card,In-Store,4,6
ORD002895,2024-04-03,CUST01411,Clothing,Socks,118.9,5,0.2,475.6,East,Debit Card,Phone,5,9
ORD002896,2024-09-18,CUST00454,Clothing,Jacket,73.93,2,0.2,118.29,South,Credit Card,Phone,3,4
ORD002897,2024-04-02,CUST00867,Home,Table,110.69,2,0,221.38,East,Credit Card,Mobile App,5,3
ORD002898,2024-10-18,CUST00391,Home,Blender,374.36,1,0.15,318.21,West,Debit Card,Web,5,4
ORD002899,2024-01-25,CUST01683,Clothing,Jacket,16.28,1,0.05,15.47,South,PayPal,Web,2,14
ORD002900,2024-06-15,CUST01022,Electronics,Headphones,1077.62,3,0,3232.86,North,Bank Transfer,In-Store,4,11
ORD002901,2024-07-20,CUST00162,Electronics,Tablet,270.23,3,0,810.69,Central,Bank Transfer,Mobile App,3,6
ORD002902,2024-01-19,CUST01579,Home,Lamp,65.66,2,0.1,118.19,Central,Credit Card,Web,5,14
ORD002903,2024-06-27,CUST00458,Clothing,Socks,146.32,3,0,438.96,East,Bank Transfer,In-Store,5,13
ORD002904,2024-06-19,CUST01758,Electronics,Smartwatch,1083.78,4,0,4335.12,East,PayPal,Phone,4,2
ORD002905,2024-11-19,CUST00569,Books,Biography,48.86,2,0.1,87.95,West,Debit Card,Web,4,14
ORD002906,2024-02-08,CUST01788,Books,Novel,45.97,2,0.2,73.55,Central,PayPal,Phone,5,4
ORD002907,2024-08-11,CUST00641,Home,Chair,18.56,1,0.05,17.63,North,PayPal,Mobile App,5,1
ORD002908,2024-07-02,CUST00861,Home,Toaster,231.52,4,0.1,833.47,Central,Mobile Money,Phone,4,2
ORD002909,2024-09-15,CUST01568,Home,Chair,279.05,4,0,1116.2,Central,Credit Card,Web,1,1
ORD002910,2024-02-19,CUST01501,Electronics,Tablet,1159.67,4,0.15,3942.88,South,Bank Transfer,Mobile App,5,8
ORD002911,2024-10-31,CUST00576,Sports,Tennis Racket,410.65,1,0.1,369.59,West,Credit Card,Phone,3,4
ORD002912,2024-12-28,CUST00722,Sports,Tennis Racket,108.83,5,0.05,516.94,North,Bank Transfer,In-Store,4,7
ORD002913,2024-10-29,CUST00820,Sports,Football,794.55,1,0.15,675.37,Central,Bank Transfer,Mobile App,5,7
ORD002914,2024-03-20,CUST00321,Books,Textbook,33.82,1,0.05,32.13,North,Bank Transfer,Web,5,11
ORD002915,2024-04-17,CUST00580,Home,Blender,74.42,2,0.05,141.4,North,Mobile Money,Mobile App,4,12
ORD002916,2024-08-15,CUST01066,Electronics,Smartwatch,371.82,4,0.1,1338.55,Central,Bank Transfer,In-Store,5,2
ORD002917,2024-04-14,CUST01827,Home,Table,391.12,5,0.1,1760.04,North,PayPal,Phone,4,8
ORD002918,2024-09-26,CUST00856,Home,Toaster,28.6,4,0.05,108.68,West,PayPal,Web,4,14
ORD002919,2024-08-05,CUST00883,Sports,Yoga Mat,615.03,1,0,615.03,North,PayPal,In-Store,3,14
ORD002920,2024-02-15,CUST01877,Books,Textbook,59.83,2,0.2,95.73,West,Debit Card,Mobile App,5,1
ORD002921,2024-06-18,CUST00439,Electronics,Smartphone,556.76,3,0.05,1586.77,South,Mobile Money,Phone,5,8
ORD002922,2024-09-10,CUST00986,Clothing,T-Shirt,104.78,1,0.05,99.54,North,Bank Transfer,Mobile App,4,14
ORD002923,2024-12-10,CUST01746,Books,Novel,25.41,5,0.05,120.7,North,Debit Card,In-Store,3,11
ORD002924,2024-06-13,CUST00119,Electronics,Smartphone,1433.21,3,0,4299.63,East,PayPal,Web,1,9
ORD002925,2024-04-16,CUST01016,Electronics,Camera,867.2,5,0.2,3468.8,West,Mobile Money,Mobile App,5,9
ORD002926,2024-07-19,CUST00415,Sports,Dumbbell,125.38,4,0,501.52,East,Debit Card,Mobile App,3,13
ORD002927,2024-04-24,CUST01260,Electronics,Laptop,93.37,1,0,93.37,East,Bank Transfer,Mobile App,3,1
ORD002928,2024-08-12,CUST01160,Books,Guide,58.55,3,0,175.65,West,PayPal,In-Store,5,7
ORD002929,2024-04-09,CUST01069,Books,Textbook,33.16,4,0.15,112.74,Central,Mobile Money,Mobile App,5,3
ORD002930,2024-07-25,CUST00340,Home,Chair,189.15,3,0.15,482.33,South,Debit Card,Web,3,3
ORD002931,2024-08-27,CUST01737,Clothing,Jacket,15.45,4,0.15,52.53,North,Debit Card,In-Store,5,2
ORD002932,2024-05-14,CUST01058,Home,Toaster,232.09,1,0.2,185.67,South,Bank Transfer,Web,3,6
ORD002933,2024-10-04,CUST01741,Electronics,Headphones,633.69,1,0.15,538.64,South,Debit Card,Mobile App,5,8
ORD002934,2024-11-21,CUST01196,Sports,Tennis Racket,249.25,3,0.05,710.36,Central,Mobile Money,Mobile App,4,7
ORD002935,2024-06-14,CUST01660,Electronics,Tablet,253.78,4,0.1,913.61,East,PayPal,In-Store,5,3
ORD002936,2024-10-11,CUST01100,Electronics,Smartphone,282.1,3,0.15,719.35,Central,Mobile Money,Mobile App,3,12
ORD002937,2024-02-09,CUST00086,Electronics,Smartphone,1309.04,2,0.05,2487.18,South,Credit Card,Web,3,9
ORD002938,2024-10-27,CUST01885,Electronics,Camera,271.12,4,0.15,921.81,East,Credit Card,Mobile App,5,11
ORD002939,2024-05-15,CUST01603,Sports,Dumbbell,24.99,1,0,24.99,North,Bank Transfer,Web,4,14
ORD002940,2024-06-10,CUST00775,Electronics,Smartwatch,1216.14,5,0,6080.7,Central,Debit Card,In-Store,5,12
ORD002941,2024-02-02,CUST00452,Books,Biography,35.81,2,0,71.62,East,Credit Card,In-Store,5,2
ORD002942,2024-10-14,CUST00640,Clothing,T-Shirt,82.19,1,0.2,65.75,North,PayPal,Web,5,12
ORD002943,2024-10-27,CUST00635,Clothing,Jeans,54.08,1,0.05,51.38,East,Mobile Money,Web,4,9
ORD002944,2024-01-25,CUST01849,Home,Blender,15.52,3,0.2,37.25,West,Mobile Money,Web,5,5
ORD002945,2024-04-11,CUST01658,Sports,Dumbbell,430.72,1,0,430.72,East,Mobile Money,In-Store,2,6
ORD002946,2024-06-16,CUST00968,Books,Textbook,57.05,2,0.05,108.39,Central,PayPal,Web,4,8
ORD002947,2024-05-12,CUST01190,Home,Lamp,100.66,4,0,402.64,Central,Bank Transfer,Phone,4,1
ORD002948,2024-04-27,CUST01986,Sports,Basketball,212.61,1,0.15,180.72,Central,PayPal,Web,5,3
ORD002949,2024-04-24,CUST01555,Books,Comic,8.89,4,0,35.56,West,PayPal,Mobile App,3,2
ORD002950,2024-02-14,CUST00075,Sports,Football,291.19,4,0,1164.76,North,Credit Card,Phone,4,11
ORD002951,2024-06-13,CUST00077,Home,Table,171.7,1,0,171.7,West,PayPal,Web,3,1
ORD002952,2024-08-25,CUST01796,Home,Blender,126.88,5,0.05,602.68,Central,Mobile Money,In-Store,4,9
ORD002953,2024-05-06,CUST00219,Home,Toaster,41.69,1,0.15,35.44,North,Credit Card,Phone,5,13
ORD002954,2024-04-23,CUST00642,Books,Novel,46.44,4,0.05,176.47,Central,PayPal,Mobile App,4,13
ORD002955,2024-02-07,CUST01176,Clothing,T-Shirt,72.18,1,0,72.18,West,Credit Card,Web,4,5
ORD002956,2024-05-26,CUST01935,Sports,Football,152.77,1,0,152.77,East,PayPal,Phone,3,8
ORD002957,2024-12-05,CUST00834,Home,Chair,104.46,5,0,522.3,East,PayPal,Mobile App,4,4
ORD002958,2024-04-18,CUST00738,Sports,Football,394.44,1,0.2,315.55,South,Credit Card,Web,5,5
ORD002959,2024-07-15,CUST00713,Sports,Bicycle,641.63,5,0,3208.15,South,Mobile Money,Web,4,12
ORD002960,2024-02-23,CUST00444,Sports,Dumbbell,525.12,4,0,2100.48,Central,PayPal,Phone,5,12
ORD002961,2024-10-13,CUST01733,Clothing,Jacket,80.92,2,0,161.84,Central,Mobile Money,In-Store,5,11
ORD002962,2024-07-17,CUST01360,Clothing,Hat,31.48,4,0.15,107.03,North,PayPal,Web,5,4
ORD002963,2024-09-03,CUST00800,Home,Toaster,92.29,1,0.2,73.83,West,Credit Card,Phone,5,1
ORD002964,2024-04-27,CUST00948,Home,Table,230.3,1,0.05,218.78,Central,Debit Card,Web,5,12
ORD002965,2024-12-23,CUST01142,Electronics,Headphones,247.56,1,0.05,235.18,Central,Debit Card,In-Store,5,13
ORD002966,2024-10-30,CUST01221,Home,Blender,131.37,2,0.2,210.19,West,Credit Card,Web,5,5
ORD002967,2024-05-01,CUST00271,Home,Table,202.11,2,0.1,363.8,West,Credit Card,Phone,3,7
ORD002968,2024-11-28,CUST00049,Sports,Basketball,302.45,2,0.1,544.41,Central,Debit Card,Phone,2,1
ORD002969,2024-01-29,CUST00670,Electronics,Laptop,1016.87,1,0.15,864.34,West,Credit Card,Phone,3,2
ORD002970,2024-05-09,CUST01530,Sports,Dumbbell,170.17,3,0.2,408.41,Central,Bank Transfer,Web,5,3
ORD002971,2024-03-12,CUST00396,Electronics,Smartphone,51.75,5,0.1,232.87,Central,PayPal,Phone,4,14
ORD002972,2024-07-26,CUST00403,Sports,Tennis Racket,59.96,5,0.2,239.84,South,Credit Card,Web,5,5
ORD002973,2024-05-05,CUST00846,Home,Toaster,63.07,4,0.15,214.44,East,PayPal,Phone,5,2
ORD002974,2024-09-28,CUST01800,Sports,Basketball,118.63,1,0.2,94.9,South,Credit Card,Phone,5,4
ORD002975,2024-05-27,CUST00788,Electronics,Smartwatch,1104.49,4,0.2,3534.37,North,Debit Card,Web,3,3
ORD002976,2024-11-17,CUST00489,Clothing,Sneakers,46.65,1,0.15,39.65,West,Bank Transfer,Mobile App,5,6
ORD002977,2024-05-20,CUST00500,Sports,Tennis Racket,71.57,4,0.05,271.97,South,Debit Card,Web,1,12
ORD002978,2024-03-12,CUST01093,Sports,Bicycle,197.93,2,0,395.86,South,Mobile Money,Phone,5,2
ORD002979,2024-10-25,CUST01733,Clothing,Sneakers,134.33,2,0.05,255.23,Central,Bank Transfer,In-Store,3,14
ORD002980,2024-05-11,CUST01401,Clothing,Jeans,53.82,5,0.05,255.64,Central,PayPal,Mobile App,3,13
ORD002981,2024-02-27,CUST01811,Books,Guide,45.13,4,0.1,162.47,North,Credit Card,In-Store,5,13
ORD002982,2024-11-05,CUST00051,Clothing,Jeans,16.49,3,0,49.47,East,Bank Transfer,Phone,5,8
ORD002983,2024-12-11,CUST01422,Electronics,Tablet,510.03,3,0.1,1377.08,North,Mobile Money,Mobile App,4,13
ORD002984,2024-03-28,CUST01182,Books,Cookbook,31.34,5,0,156.7,North,Debit Card,Web,5,12
ORD002985,2024-02-29,CUST01816,Home,Blender,382.18,4,0,1528.72,West,Mobile Money,Web,4,4
ORD002986,2024-10-01,CUST00359,Clothing,Jeans,55.36,3,0,166.08,Central,PayPal,In-Store,5,11
ORD002987,2024-04-26,CUST01987,Sports,Tennis Racket,462.86,4,0.05,1758.87,Central,Debit Card,In-Store,5,8
ORD002988,2024-11-25,CUST00522,Sports,Yoga Mat,615.64,1,0.1,554.08,West,PayPal,Web,5,2
ORD002989,2024-01-07,CUST01081,Electronics,Headphones,1029.35,4,0.05,3911.53,West,Debit Card,In-Store,3,7
ORD002990,2024-10-11,CUST01742,Books,Biography,10.72,2,0,21.44,South,Debit Card,Mobile App,3,1
ORD002991,2024-01-17,CUST01041,Electronics,Smartwatch,112.29,4,0,449.16,South,Bank Transfer,Mobile App,5,11
ORD002992,2024-04-24,CUST01718,Home,Pillow,230.07,5,0.05,1092.83,South,Credit Card,Web,5,8
ORD002993,2024-08-13,CUST00875,Sports,Tennis Racket,178.12,2,0.15,302.8,East,PayPal,In-Store,4,3
ORD002994,2024-11-11,CUST00047,Clothing,T-Shirt,76.07,1,0,76.07,Central,PayPal,Mobile App,4,9
ORD002995,2024-12-15,CUST01004,Books,Comic,50.63,1,0.05,48.1,Central,Mobile Money,Mobile App,5,11
ORD002996,2024-06-16,CUST00188,Books,Comic,8.64,5,0.15,36.72,North,Credit Card,In-Store,5,2
ORD002997,2024-10-02,CUST01455,Electronics,Smartwatch,216.49,3,0.15,552.05,South,Debit Card,Phone,5,3
ORD002998,2024-01-06,CUST00276,Clothing,Socks,16.67,2,0.05,31.67,South,Debit Card,In-Store,5,1
ORD002999,2024-12-27,CUST01372,Clothing,Socks,101.59,2,0,203.18,East,Debit Card,In-Store,5,4
ORD003000,2024-08-10,CUST00290,Books,Comic,49.38,5,0,246.9,Central,Credit Card,Web,5,14
ORD003001,2024-08-06,CUST01713,Books,Guide,26.8,1,0.05,25.46,Central,Mobile Money,In-Store,4,1
ORD003002,2024-05-22,CUST00132,Clothing,Jeans,130.14,3,0,390.42,North,Mobile Money,Web,5,7
ORD003003,2024-12-17,CUST00595,Books,Comic,36.92,1,0,36.92,East,Bank Transfer,Web,4,2
ORD003004,2024-06-02,CUST01937,Home,Pillow,267.52,4,0.05,1016.58,West,Debit Card,Web,2,10
ORD003005,2024-06-11,CUST01340,Clothing,Jacket,23.42,3,0,70.26,Central,Mobile Money,Phone,5,2
ORD003006,2024-06-18,CUST01430,Clothing,T-Shirt,56.19,2,0.15,95.52,South,Debit Card,Mobile App,5,11
ORD003007,2024-08-21,CUST01303,Sports,Football,273.01,5,0,1365.05,East,Debit Card,In-Store,4,5
ORD003008,2024-07-26,CUST00697,Electronics,Camera,1283.71,3,0.05,3658.57,South,Bank Transfer,In-Store,3,1
ORD003009,2024-03-22,CUST00655,Electronics,Laptop,217.93,3,0.2,523.03,Central,Mobile Money,Mobile App,5,8
ORD003010,2024-07-24,CUST00169,Books,Guide,34.88,5,0,174.4,West,PayPal,Web,1,4
ORD003011,2024-09-30,CUST01040,Electronics,Tablet,1367.29,3,0.2,3281.5,North,Bank Transfer,Phone,5,2
ORD003012,2024-03-08,CUST01829,Sports,Dumbbell,72.58,3,0.2,174.19,South,PayPal,In-Store,4,12
ORD003013,2024-01-24,CUST01625,Home,Pillow,296.37,5,0,1481.85,East,Bank Transfer,Phone,3,8
ORD003014,2024-02-15,CUST00386,Home,Blender,205.93,5,0.2,823.72,West,Bank Transfer,Mobile App,3,1
ORD003015,2024-05-08,CUST01778,Home,Table,195.08,2,0.05,370.65,North,Credit Card,Phone,3,1
ORD003016,2024-10-19,CUST01943,Sports,Tennis Racket,783.55,3,0.1,2115.59,North,Credit Card,In-Store,4,11
ORD003017,2024-07-13,CUST01219,Clothing,Jeans,26.28,2,0,52.56,West,Credit Card,Web,5,9
ORD003018,2024-12-09,CUST01184,Clothing,Jacket,74.19,1,0,74.19,Central,Bank Transfer,Mobile App,4,1
ORD003019,2024-02-29,CUST01497,Books,Comic,26.47,1,0.15,22.5,Central,Bank Transfer,Phone,5,10
ORD003020,2024-07-20,CUST01869,Sports,Basketball,383.9,3,0.15,978.95,South,Debit Card,Phone,5,12
ORD003021,2024-07-06,CUST01973,Sports,Tennis Racket,547.77,2,0.1,985.99,Central,Bank Transfer,Phone,5,9
ORD003022,2024-04-30,CUST00958,Electronics,Smartwatch,1170.8,3,0.2,2809.92,West,Debit Card,Web,5,12
ORD003023,2024-09-11,CUST01261,Sports,Football,523.14,4,0,2092.56,Central,Bank Transfer,In-Store,4,13
ORD003024,2024-06-07,CUST01741,Home,Table,193.08,3,0.2,463.39,North,Mobile Money,Phone,4,10
ORD003025,2024-06-24,CUST00476,Clothing,Socks,69.65,4,0.15,236.81,East,Mobile Money,In-Store,4,10
ORD003026,2024-06-23,CUST01884,Electronics,Camera,616.95,3,0,1850.85,Central,Debit Card,In-Store,4,11
ORD003027,2024-10-20,CUST00746,Sports,Bicycle,62.27,5,0.15,264.65,Central,PayPal,Phone,5,9
ORD003028,2024-10-09,CUST00977,Clothing,Socks,79.56,4,0.15,270.5,Central,PayPal,Mobile App,3,5
ORD003029,2024-08-14,CUST00201,Electronics,Headphones,1269.46,2,0,2538.92,West,Mobile Money,Phone,4,2
ORD003030,2024-09-17,CUST00795,Clothing,Jacket,102.06,1,0.05,96.96,Central,Debit Card,Mobile App,4,4
ORD003031,2024-01-07,CUST00388,Clothing,Socks,109.62,3,0,328.86,West,Bank Transfer,In-Store,3,3
ORD003032,2024-04-05,CUST01567,Sports,Yoga Mat,552.05,1,0.15,469.24,South,Mobile Money,In-Store,4,4
ORD003033,2024-03-01,CUST00923,Clothing,Sneakers,43.31,3,0.2,103.94,South,PayPal,Web,4,4
ORD003034,2024-02-08,CUST01623,Clothing,Jeans,44.39,4,0.05,168.68,Central,PayPal,Web,3,10
ORD003035,2024-12-21,CUST00086,Clothing,Socks,59.97,3,0,179.91,South,Credit Card,Web,4,7
ORD003036,2024-06-07,CUST01912,Electronics,Headphones,414.64,2,0.05,787.82,East,Bank Transfer,In-Store,3,13
ORD003037,2024-10-09,CUST01899,Books,Biography,11.11,2,0,22.22,Central,Credit Card,Mobile App,4,8
ORD003038,2024-07-26,CUST00316,Electronics,Headphones,521.15,4,0.15,1771.91,South,Debit Card,Mobile App,3,11
ORD003039,2024-10-12,CUST00509,Electronics,Tablet,609.99,3,0.05,1738.47,North,PayPal,In-Store,4,6
ORD003040,2024-07-27,CUST00682,Home,Table,238.54,1,0,238.54,West,Credit Card,Phone,3,8
ORD003041,2024-04-20,CUST00281,Books,Cookbook,38.31,3,0.2,91.94,West,Mobile Money,Mobile App,4,10
ORD003042,2024-01-15,CUST01422,Sports,Football,225.03,4,0,900.12,South,Mobile Money,Phone,4,12
ORD003043,2024-04-04,CUST00377,Clothing,Sneakers,134.57,5,0,672.85,South,Credit Card,Phone,5,6
ORD003044,2024-11-06,CUST01318,Home,Pillow,24.0,1,0.05,22.8,West,Credit Card,Web,1,6
ORD003045,2024-04-16,CUST01253,Electronics,Smartphone,106.08,2,0.1,190.94,North,Mobile Money,Phone,3,10
ORD003046,2024-02-07,CUST00397,Books,Textbook,55.18,4,0,220.72,South,Debit Card,Web,4,12
ORD003047,2024-11-28,CUST00231,Sports,Basketball,470.83,4,0.2,1506.66,North,PayPal,Mobile App,5,1
ORD003048,2024-01-29,CUST00258,Books,Novel,13.78,4,0,55.12,South,Bank Transfer,Mobile App,5,11
ORD003049,2024-01-28,CUST01271,Books,Biography,46.17,2,0.05,87.72,Central,PayPal,Phone,3,12
ORD003050,2024-03-15,CUST00397,Sports,Tennis Racket,713.53,2,0.1,1284.35,South,Debit Card,Web,2,2
ORD003051,2024-05-29,CUST01442,Clothing,Sneakers,146.65,5,0,733.25,West,PayPal,In-Store,3,3
ORD003052,2024-12-20,CUST01325,Home,Blender,172.22,5,0.05,818.04,West,PayPal,Phone,5,3
ORD003053,2024-08-19,CUST01424,Home,Table,83.1,4,0,332.4,East,Mobile Money,Phone,4,9
ORD003054,2024-12-22,CUST00559,Sports,Yoga Mat,30.99,1,0.2,24.79,West,PayPal,Phone,5,8
ORD003055,2024-11-10,CUST01243,Books,Novel,59.67,1,0,59.67,West,Debit Card,In-Store,4,3
ORD003056,2024-09-19,CUST00301,Books,Cookbook,8.37,5,0,41.85,West,Credit Card,Phone,5,5
ORD003057,2024-09-09,CUST01057,Electronics,Headphones,88.93,3,0,266.79,West,Credit Card,In-Store,2,7
ORD003058,2024-12-19,CUST01314,Books,Cookbook,33.34,2,0,66.68,West,Mobile Money,In-Store,5,8
ORD003059,2024-10-25,CUST01839,Sports,Yoga Mat,516.06,2,0.05,980.51,North,Debit Card,In-Store,4,3
ORD003060,2024-12-17,CUST01718,Sports,Bicycle,301.55,3,0.15,768.95,West,Credit Card,Web,4,10
ORD003061,2024-05-13,CUST01070,Sports,Football,782.14,5,0.15,3324.1,West,Credit Card,Web,5,8
ORD003062,2024-02-22,CUST00081,Electronics,Camera,795.93,4,0.05,3024.53,West,Mobile Money,Web,4,12
ORD003063,2024-04-25,CUST01997,Electronics,Headphones,1249.16,1,0,1249.16,Central,Bank Transfer,In-Store,3,12
ORD003064,2024-05-30,CUST01372,Books,Cookbook,25.86,2,0.15,43.96,North,PayPal,Web,5,2
ORD003065,2024-08-28,CUST00218,Electronics,Smartwatch,1391.47,1,0.15,1182.75,West,Bank Transfer,In-Store,3,1
ORD003066,2024-12-06,CUST00970,Clothing,T-Shirt,62.11,2,0,124.22,South,Debit Card,Mobile App,3,1
ORD003067,2024-08-28,CUST01279,Electronics,Laptop,1485.15,2,0.1,2673.27,Central,Mobile Money,In-Store,4,11
ORD003068,2024-04-27,CUST00865,Books,Guide,43.11,3,0.15,109.93,East,Bank Transfer,Phone,5,12
ORD003069,2024-03-18,CUST01389,Home,Table,335.1,2,0,670.2,Central,PayPal,Mobile App,4,1
ORD003070,2024-04-18,CUST00081,Home,Lamp,170.72,1,0,170.72,East,Credit Card,Mobile App,4,4
ORD003071,2024-08-04,CUST00810,Books,Cookbook,47.2,4,0.2,151.04,Central,Bank Transfer,Phone,5,7
ORD003072,2024-01-03,CUST00656,Sports,Football,599.96,4,0.2,1919.87,East,Mobile Money,Web,5,13
ORD003073,2024-07-04,CUST01261,Books,Comic,37.93,1,0.2,30.34,West,Bank Transfer,Web,5,5
ORD003074,2024-04-18,CUST01633,Home,Toaster,250.73,5,0,1253.65,East,Bank Transfer,Phone,5,3
ORD003075,2024-05-10,CUST00055,Home,Pillow,32.38,3,0.05,92.28,Central,Bank Transfer,Phone,3,4
ORD003076,2024-03-15,CUST01509,Clothing,Jacket,62.34,2,0,124.68,Central,Credit Card,Web,5,2
ORD003077,2024-12-20,CUST01971,Electronics,Camera,1446.06,5,0,7230.3,Central,PayPal,Phone,5,11
ORD003078,2024-04-23,CUST00157,Books,Cookbook,38.53,3,0.1,104.03,South,PayPal,Phone,5,2
ORD003079,2024-12-21,CUST00564,Sports,Bicycle,183.52,4,0.15,623.97,Central,Credit Card,Web,4,3
ORD003080,2024-06-26,CUST01943,Clothing,Socks,130.18,3,0,390.54,West,Debit Card,Web,4,6
ORD003081,2024-10-21,CUST01812,Home,Table,225.46,2,0.2,360.74,West,Bank Transfer,Web,5,12
ORD003082,2024-12-15,CUST01493,Sports,Basketball,775.34,3,0.05,2209.72,Central,PayPal,Phone,3,5
ORD003083,2024-08-21,CUST00987,Books,Novel,21.21,5,0,106.05,Central,PayPal,Phone,5,13
ORD003084,2024-04-03,CUST01097,Clothing,T-Shirt,46.72,1,0.05,44.38,North,PayPal,In-Store,4,13
ORD003085,2024-08-16,CUST01719,Clothing,Hat,126.51,2,0.05,240.37,West,Bank Transfer,Phone,5,10
ORD003086,2024-05-30,CUST01051,Sports,Tennis Racket,379.6,4,0,1518.4,East,Mobile Money,In-Store,3,2
ORD003087,2024-10-24,CUST00437,Clothing,Jacket,10.6,5,0,53.0,West,Credit Card,In-Store,5,10
ORD003088,2024-02-02,CUST01191,Books,Textbook,43.25,3,0.15,110.29,South,PayPal,Phone,5,4
ORD003089,2024-05-22,CUST01082,Sports,Tennis Racket,41.23,2,0.2,65.97,East,PayPal,Phone,5,10
ORD003090,2024-03-01,CUST00144,Clothing,Sneakers,110.63,3,0.05,315.3,East,Mobile Money,Phone,5,3
ORD003091,2024-08-26,CUST00858,Clothing,Socks,139.02,1,0.2,111.22,East,Bank Transfer,In-Store,2,9
ORD003092,2024-01-18,CUST00268,Electronics,Tablet,1453.31,1,0.05,1380.64,West,PayPal,Mobile App,2,4
ORD003093,2024-11-29,CUST01861,Electronics,Smartphone,1263.65,2,0.2,2021.84,West,Credit Card,Phone,5,11
ORD003094,2024-04-06,CUST01638,Clothing,Jacket,51.76,3,0.05,147.52,North,Debit Card,Web,5,4
ORD003095,2024-04-05,CUST01000,Sports,Bicycle,31.18,5,0.2,124.72,Central,Credit Card,Phone,5,7
ORD003096,2024-11-14,CUST00679,Electronics,Tablet,1060.58,3,0,3181.74,Central,Mobile Money,Phone,5,4
ORD003097,2024-09-24,CUST00339,Home,Blender,140.55,3,0,421.65,Central,Bank Transfer,Mobile App,5,6
ORD003098,2024-10-03,CUST01197,Clothing,T-Shirt,141.34,5,0.15,600.69,North,PayPal,In-Store,5,7
ORD003099,2024-10-01,CUST00321,Sports,Bicycle,492.46,3,0,1477.38,Central,PayPal,Phone,4,1
ORD003100,2024-04-22,CUST00344,Home,Chair,32.12,1,0.15,27.3,Central,Bank Transfer,Phone,5,2
ORD003101,2024-08-09,CUST01072,Clothing,Jeans,114.41,1,0,114.41,West,PayPal,Mobile App,5,13
ORD003102,2024-08-06,CUST01439,Books,Guide,31.43,4,0,125.72,East,Debit Card,Phone,5,3
ORD003103,2024-05-04,CUST01036,Sports,Dumbbell,596.25,1,0.15,506.81,West,Mobile Money,Mobile App,3,14
ORD003104,2024-04-03,CUST00467,Home,Blender,388.43,1,0.05,369.01,South,PayPal,In-Store,4,14
ORD003105,2024-04-08,CUST00265,Home,Blender,108.45,4,0,433.8,West,Mobile Money,Web,5,1
ORD003106,2024-12-27,CUST00448,Home,Table,96.99,5,0,484.95,North,Debit Card,Phone,4,4
ORD003107,2024-06-08,CUST01616,Clothing,Jeans,87.11,4,0,348.44,East,Credit Card,Mobile App,5,6
ORD003108,2024-11-05,CUST01435,Home,Table,126.79,4,0.1,456.44,South,Bank Transfer,Phone,5,8
ORD003109,2024-10-12,CUST01955,Electronics,Tablet,201.18,4,0.05,764.48,North,PayPal,Phone,4,11
ORD003110,2024-09-27,CUST01612,Home,Blender,349.74,4,0,1398.96,East,Mobile Money,Web,4,5
ORD003111,2024-12-09,CUST01529,Home,Toaster,273.41,3,0.15,697.2,South,Debit Card,Mobile App,5,12
ORD003112,2024-10-05,CUST00722,Clothing,Hat,128.74,2,0,257.48,Central,Mobile Money,Phone,4,1
ORD003113,2024-12-12,CUST01926,Electronics,Camera,1281.07,2,0,2562.14,East,Bank Transfer,In-Store,4,3
ORD003114,2024-11-21,CUST00662,Books,Comic,6.75,4,0,27.0,South,Credit Card,Web,4,3
ORD003115,2024-09-18,CUST00241,Electronics,Smartphone,1296.21,2,0.1,2333.18,South,Bank Transfer,Phone,1,2
ORD003116,2024-08-05,CUST00110,Books,Textbook,34.94,2,0,69.88,East,Bank Transfer,Web,4,1
ORD003117,2024-04-21,CUST00574,Sports,Bicycle,33.19,1,0,33.19,South,PayPal,Phone,3,8
ORD003118,2024-03-25,CUST00944,Electronics,Smartphone,972.04,4,0.05,3693.75,North,PayPal,Phone,4,6
ORD003119,2024-12-22,CUST01368,Sports,Dumbbell,534.84,3,0.05,1524.29,East,PayPal,Phone,5,6
ORD003120,2024-01-14,CUST00664,Sports,Yoga Mat,497.05,3,0,1491.15,South,Mobile Money,Mobile App,5,10
ORD003121,2024-05-26,CUST01146,Electronics,Headphones,216.36,5,0,1081.8,South,Bank Transfer,In-Store,5,3
ORD003122,2024-02-01,CUST01832,Home,Chair,299.54,3,0,898.62,Central,Bank Transfer,Mobile App,5,13
ORD003123,2024-02-04,CUST01454,Electronics,Headphones,992.66,1,0.2,794.13,South,Credit Card,In-Store,5,14
ORD003124,2024-03-17,CUST00419,Home,Blender,128.73,3,0,386.19,North,Debit Card,Phone,2,11
ORD003125,2024-01-14,CUST01587,Books,Cookbook,53.49,4,0,213.96,Central,Debit Card,In-Store,4,1
ORD003126,2024-02-16,CUST01512,Clothing,Socks,60.73,2,0,121.46,East,PayPal,Web,5,12
ORD003127,2024-05-28,CUST01627,Clothing,Hat,38.04,4,0,152.16,North,Bank Transfer,In-Store,4,2
ORD003128,2024-07-04,CUST01352,Clothing,Socks,22.4,5,0,112.0,South,PayPal,Phone,5,10
ORD003129,2024-09-01,CUST00518,Home,Toaster,233.75,1,0,233.75,North,Debit Card,Mobile App,4,3
ORD003130,2024-10-31,CUST01980,Home,Table,171.55,1,0.1,154.39,North,Debit Card,In-Store,2,12
ORD003131,2024-02-05,CUST01231,Clothing,Jacket,122.15,3,0.05,348.13,Central,Mobile Money,Mobile App,3,8
ORD003132,2024-05-02,CUST00264,Books,Cookbook,27.88,2,0.05,52.97,North,Credit Card,Mobile App,3,1
ORD003133,2024-02-12,CUST00081,Clothing,Hat,22.08,2,0.1,39.74,North,PayPal,In-Store,5,9
ORD003134,2024-10-11,CUST01082,Electronics,Smartphone,946.2,5,0,4731.0,North,Bank Transfer,Phone,4,11
ORD003135,2024-02-29,CUST00221,Books,Comic,49.53,2,0,99.06,Central,Bank Transfer,Web,5,9
ORD003136,2024-07-19,CUST01490,Clothing,T-Shirt,103.9,2,0,207.8,South,Credit Card,Phone,5,3
ORD003137,2024-01-28,CUST01995,Clothing,Sneakers,133.34,4,0.05,506.69,North,Mobile Money,Web,5,1
ORD003138,2024-11-12,CUST01037,Clothing,Socks,86.7,5,0,433.5,West,PayPal,Web,2,6
ORD003139,2024-03-22,CUST01818,Electronics,Laptop,396.81,2,0.2,634.9,South,PayPal,In-Store,2,10
ORD003140,2024-05-11,CUST00973,Home,Blender,25.71,4,0,102.84,West,PayPal,Web,5,14
ORD003141,2024-12-28,CUST00941,Books,Biography,24.07,2,0,48.14,South,Debit Card,Web,5,14
ORD003142,2024-04-10,CUST01966,Books,Guide,16.49,4,0,65.96,Central,Credit Card,Web,4,11
ORD003143,2024-01-16,CUST01556,Electronics,Tablet,1167.29,4,0.2,3735.33,Central,Bank Transfer,Phone,5,14
ORD003144,2024-01-07,CUST01245,Clothing,T-Shirt,69.43,4,0,277.72,East,Mobile Money,Phone,3,7
ORD003145,2024-05-06,CUST00945,Sports,Basketball,691.81,2,0.2,1106.9,North,Credit Card,Phone,4,2
ORD003146,2024-09-10,CUST00135,Home,Toaster,330.23,1,0.1,297.21,East,Credit Card,Phone,5,4
ORD003147,2024-01-16,CUST00832,Clothing,Jeans,40.27,2,0.2,64.43,East,Bank Transfer,Phone,5,5
ORD003148,2024-04-08,CUST01334,Home,Pillow,223.56,5,0.1,1006.02,South,Debit Card,Phone,4,6
ORD003149,2024-04-05,CUST01743,Sports,Bicycle,24.06,5,0.05,114.28,East,Bank Transfer,Mobile App,2,11
ORD003150,2024-06-10,CUST00231,Home,Toaster,379.04,3,0,1137.12,South,Bank Transfer,Web,5,10
ORD003151,2024-03-25,CUST00482,Books,Novel,58.01,3,0.1,156.63,West,Mobile Money,Mobile App,5,9
ORD003152,2024-11-21,CUST01952,Books,Textbook,26.8,5,0.2,107.2,South,Bank Transfer,Web,4,1
ORD003153,2024-07-05,CUST00847,Home,Pillow,105.62,3,0.05,301.02,West,PayPal,Phone,4,12
ORD003154,2024-09-08,CUST00267,Books,Guide,19.62,4,0,78.48,North,Mobile Money,Mobile App,5,2
ORD003155,2024-08-14,CUST00077,Books,Comic,23.99,2,0.1,43.18,North,PayPal,In-Store,4,9
ORD003156,2024-05-17,CUST00163,Home,Lamp,212.46,1,0.15,180.59,East,Mobile Money,Mobile App,4,9
ORD003157,2024-07-13,CUST00149,Electronics,Camera,501.83,2,0.15,853.11,West,Bank Transfer,Phone,5,2
ORD003158,2024-04-11,CUST00156,Electronics,Tablet,610.73,1,0.2,488.58,North,Bank Transfer,Mobile App,5,7
ORD003159,2024-06-28,CUST00360,Electronics,Tablet,545.46,3,0.05,1554.56,West,Bank Transfer,Mobile App,5,7
ORD003160,2024-08-19,CUST00547,Sports,Yoga Mat,741.42,2,0.05,1408.7,North,Debit Card,In-Store,2,13
ORD003161,2024-10-17,CUST00841,Home,Pillow,279.1,3,0,837.3,West,Credit Card,Web,4,4
ORD003162,2024-03-11,CUST01589,Electronics,Laptop,184.44,4,0.15,627.1,South,Debit Card,Phone,4,13
ORD003163,2024-02-20,CUST01489,Sports,Dumbbell,727.54,2,0.15,1236.82,West,Debit Card,Phone,5,13
ORD003164,2024-06-15,CUST01293,Sports,Basketball,437.36,1,0.1,393.62,West,Credit Card,Mobile App,5,5
ORD003165,2024-12-15,CUST00739,Electronics,Camera,926.61,1,0.05,880.28,North,Bank Transfer,Web,5,2
ORD003166,2024-01-10,CUST01672,Clothing,Sneakers,122.49,3,0.2,293.98,Central,PayPal,In-Store,4,4
ORD003167,2024-09-06,CUST00678,Books,Biography,6.87,4,0,27.48,Central,PayPal,Web,5,5
ORD003168,2024-11-09,CUST00877,Clothing,Hat,143.65,3,0,430.95,Central,PayPal,In-Store,5,3
ORD003169,2024-12-22,CUST00725,Electronics,Camera,1139.78,4,0.2,3647.3,West,Debit Card,Phone,5,6
ORD003170,2024-07-31,CUST01521,Clothing,Hat,11.09,1,0,11.09,North,Mobile Money,Mobile App,5,5
ORD003171,2024-06-12,CUST00480,Home,Blender,238.28,3,0.15,607.61,East,Credit Card,Phone,5,12
ORD003172,2024-05-22,CUST01054,Clothing,Hat,41.91,2,0.05,79.63,Central,Mobile Money,Web,5,11
ORD003173,2024-10-11,CUST00212,Electronics,Laptop,181.22,1,0.05,172.16,South,Bank Transfer,In-Store,5,11
ORD003174,2024-05-02,CUST00555,Home,Blender,170.94,1,0.15,145.3,Central,PayPal,In-Store,2,2
ORD003175,2024-06-28,CUST01613,Home,Chair,255.82,2,0,511.64,Central,Debit Card,Mobile App,5,8
ORD003176,2024-07-02,CUST01349,Clothing,Socks,84.88,4,0.15,288.59,West,Bank Transfer,Web,5,11
ORD003177,2024-07-12,CUST00935,Clothing,T-Shirt,138.56,4,0,554.24,West,Credit Card,Web,3,6
ORD003178,2024-09-25,CUST01967,Sports,Tennis Racket,121.32,1,0.2,97.06,West,Credit Card,In-Store,5,2
ORD003179,2024-08-01,CUST00616,Electronics,Headphones,1105.2,1,0,1105.2,West,PayPal,In-Store,2,7
ORD003180,2024-01-31,CUST00937,Electronics,Laptop,1499.07,5,0,7495.35,East,PayPal,Mobile App,5,12
ORD003181,2024-11-29,CUST01987,Home,Blender,96.96,5,0.1,436.32,South,Debit Card,Phone,5,12
ORD003182,2024-01-03,CUST01148,Books,Comic,35.78,4,0.05,135.96,Central,Credit Card,Mobile App,2,6
ORD003183,2024-02-14,CUST01490,Clothing,Jeans,56.81,1,0,56.81,Central,Credit Card,Mobile App,5,13
ORD003184,2024-11-10,CUST00832,Clothing,Sneakers,77.63,5,0,388.15,West,Credit Card,Mobile App,4,9
ORD003185,2024-04-20,CUST01325,Books,Comic,55.08,2,0.1,99.14,East,Mobile Money,Web,5,7
ORD003186,2024-02-25,CUST00003,Home,Blender,306.82,5,0,1534.1,North,Debit Card,Phone,5,1
ORD003187,2024-09-23,CUST01081,Sports,Football,368.67,2,0.05,700.47,Central,Mobile Money,Phone,5,13
ORD003188,2024-12-27,CUST01975,Sports,Basketball,148.09,4,0.2,473.89,Central,Debit Card,In-Store,2,9
ORD003189,2024-06-04,CUST01772,Home,Toaster,74.5,4,0.05,283.1,West,Debit Card,Phone,4,6
ORD003190,2024-06-23,CUST00905,Electronics,Headphones,1207.74,3,0.2,2898.58,South,Mobile Money,Phone,5,7
ORD003191,2024-03-23,CUST00915,Home,Pillow,121.33,5,0.1,545.99,Central,PayPal,Phone,4,8
ORD003192,2024-06-06,CUST00272,Sports,Yoga Mat,22.72,1,0,22.72,South,Credit Card,Mobile App,3,7
ORD003193,2024-04-20,CUST01523,Clothing,Sneakers,95.6,2,0,191.2,West,PayPal,In-Store,2,3
ORD003194,2024-01-17,CUST00946,Home,Blender,100.73,1,0.1,90.66,East,Credit Card,Phone,5,4
ORD003195,2024-11-27,CUST00953,Home,Lamp,181.58,3,0,544.74,West,Mobile Money,In-Store,2,2
ORD003196,2024-11-20,CUST00051,Clothing,Jacket,109.13,2,0.05,207.35,North,PayPal,Mobile App,4,7
ORD003197,2024-09-09,CUST00445,Books,Cookbook,56.19,2,0,112.38,East,Debit Card,Mobile App,4,9
ORD003198,2024-08-26,CUST01611,Home,Pillow,169.1,5,0,845.5,South,Mobile Money,Mobile App,2,3
ORD003199,2024-04-27,CUST01689,Home,Toaster,95.04,1,0,95.04,North,Credit Card,In-Store,5,3
ORD003200,2024-08-16,CUST00405,Clothing,Jacket,140.98,1,0,140.98,South,Debit Card,Mobile App,1,11
ORD003201,2024-09-30,CUST00817,Electronics,Camera,958.78,5,0,4793.9,North,Debit Card,In-Store,3,11
ORD003202,2024-08-25,CUST00207,Books,Cookbook,39.43,1,0,39.43,Central,Bank Transfer,In-Store,3,13
ORD003203,2024-07-16,CUST01831,Electronics,Headphones,1426.74,5,0.15,6063.65,West,PayPal,In-Store,5,14
ORD003204,2024-07-07,CUST01427,Home,Table,131.44,2,0,262.88,Central,Debit Card,Phone,4,10
ORD003205,2024-03-15,CUST00923,Clothing,Sneakers,50.51,3,0,151.53,South,Bank Transfer,Phone,4,9
ORD003206,2024-03-08,CUST01139,Sports,Yoga Mat,501.06,3,0.15,1277.7,South,Bank Transfer,Web,5,4
ORD003207,2024-12-12,CUST01767,Sports,Dumbbell,498.62,5,0.05,2368.44,South,Debit Card,Web,4,12
ORD003208,2024-09-18,CUST01192,Home,Lamp,106.64,1,0.1,95.98,West,PayPal,In-Store,4,13
ORD003209,2024-06-18,CUST00893,Electronics,Camera,1043.17,1,0,1043.17,West,Bank Transfer,Phone,1,11
ORD003210,2024-09-10,CUST00192,Electronics,Headphones,987.04,2,0,1974.08,East,Bank Transfer,Phone,4,4
ORD003211,2024-01-01,CUST00686,Clothing,Hat,91.7,5,0,458.5,South,PayPal,Mobile App,3,14
ORD003212,2024-06-29,CUST00821,Books,Biography,14.29,1,0,14.29,South,Mobile Money,In-Store,4,4
ORD003213,2024-11-05,CUST00690,Sports,Bicycle,788.91,2,0.1,1420.04,Central,PayPal,Web,3,4
ORD003214,2024-07-04,CUST01357,Sports,Tennis Racket,291.34,3,0.05,830.32,East,Debit Card,Web,4,8
ORD003215,2024-03-17,CUST00187,Electronics,Smartwatch,761.37,1,0,761.37,North,Debit Card,Phone,5,4
ORD003216,2024-07-18,CUST00945,Books,Guide,25.68,2,0,51.36,South,Debit Card,Mobile App,4,12
ORD003217,2024-10-15,CUST00134,Clothing,Jacket,138.54,4,0,554.16,West,Mobile Money,Web,3,13
ORD003218,2024-06-03,CUST00883,Electronics,Smartwatch,229.57,5,0,1147.85,West,Credit Card,Phone,4,4
ORD003219,2024-10-12,CUST01287,Clothing,Sneakers,53.34,4,0.2,170.69,South,Mobile Money,In-Store,5,10
ORD003220,2024-08-08,CUST01612,Home,Pillow,376.69,1,0.05,357.86,Central,Credit Card,Mobile App,5,8
ORD003221,2024-10-13,CUST00585,Electronics,Headphones,474.32,3,0.15,1209.52,East,Mobile Money,Mobile App,3,12
ORD003222,2024-06-02,CUST01012,Home,Blender,182.6,5,0.2,730.4,South,Debit Card,Phone,4,13
ORD003223,2024-09-13,CUST00062,Sports,Football,600.48,3,0,1801.44,East,Mobile Money,Phone,5,6
ORD003224,2024-06-04,CUST00907,Electronics,Smartwatch,327.5,5,0.2,1310.0,North,Bank Transfer,Mobile App,5,8
ORD003225,2024-11-06,CUST01041,Home,Chair,328.89,3,0,986.67,East,Bank Transfer,Mobile App,5,9
ORD003226,2024-03-17,CUST01048,Electronics,Headphones,278.73,3,0,836.19,Central,Bank Transfer,Phone,3,5
ORD003227,2024-04-23,CUST01792,Books,Cookbook,57.38,2,0,114.76,South,PayPal,In-Store,3,9
ORD003228,2024-02-22,CUST00797,Books,Cookbook,23.15,1,0,23.15,North,Debit Card,Phone,4,2
ORD003229,2024-06-07,CUST00596,Electronics,Smartwatch,841.56,2,0,1683.12,West,Mobile Money,Web,4,5
ORD003230,2024-08-13,CUST00882,Sports,Football,185.31,4,0,741.24,Central,Credit Card,Web,3,7
ORD003231,2024-05-01,CUST01672,Electronics,Smartphone,307.26,3,0,921.78,West,PayPal,In-Store,5,9
ORD003232,2024-10-15,CUST00091,Books,Guide,32.65,1,0.15,27.75,North,PayPal,Web,5,6
ORD003233,2024-03-08,CUST00852,Sports,Tennis Racket,192.86,2,0,385.72,West,Credit Card,Web,5,14
ORD003234,2024-01-14,CUST00694,Clothing,Hat,53.93,1,0.2,43.14,West,Debit Card,Web,4,2
ORD003235,2024-06-30,CUST00194,Electronics,Laptop,317.32,3,0.2,761.57,Central,Credit Card,In-Store,5,9
ORD003236,2024-05-31,CUST01579,Electronics,Headphones,1134.13,1,0.1,1020.72,Central,Credit Card,Mobile App,4,7
ORD003237,2024-10-21,CUST01665,Home,Lamp,352.68,3,0,1058.04,Central,Debit Card,Phone,2,9
ORD003238,2024-09-04,CUST00024,Books,Novel,32.59,4,0,130.36,East,Bank Transfer,Mobile App,1,10
ORD003239,2024-07-06,CUST01881,Clothing,Socks,32.81,5,0.15,139.44,North,Bank Transfer,Phone,2,2
ORD003240,2024-04-09,CUST00723,Clothing,Hat,40.8,2,0,81.6,South,Debit Card,Web,3,10
ORD003241,2024-12-12,CUST01903,Home,Lamp,271.3,2,0.05,515.47,West,Mobile Money,In-Store,2,9
ORD003242,2024-10-03,CUST00819,Sports,Yoga Mat,320.58,4,0,1282.32,North,Credit Card,Mobile App,1,7
ORD003243,2024-07-17,CUST01701,Clothing,Socks,14.6,2,0,29.2,East,Credit Card,Phone,4,6
ORD003244,2024-10-10,CUST01703,Books,Guide,10.13,1,0,10.13,North,Bank Transfer,Web,4,2
ORD003245,2024-12-13,CUST01247,Clothing,Socks,109.46,2,0.2,175.14,South,Debit Card,Web,5,3
ORD003246,2024-09-10,CUST01875,Home,Table,239.73,5,0.2,958.92,South,Credit Card,Phone,5,13
ORD003247,2024-12-05,CUST00882,Clothing,Jeans,26.1,3,0.2,62.64,Central,Bank Transfer,Web,4,14
ORD003248,2024-07-26,CUST00100,Electronics,Smartwatch,1070.64,1,0.1,963.58,East,PayPal,Web,5,6
ORD003249,2024-04-21,CUST00013,Clothing,T-Shirt,19.11,1,0.2,15.29,Central,Credit Card,Phone,5,13
ORD003250,2024-01-07,CUST01531,Home,Lamp,377.45,5,0.2,1509.8,West,Credit Card,Web,4,12
ORD003251,2024-10-09,CUST00560,Sports,Dumbbell,727.49,3,0,2182.47,West,Bank Transfer,In-Store,5,5
ORD003252,2024-07-25,CUST01393,Home,Toaster,351.98,1,0.2,281.58,East,Bank Transfer,Web,2,7
ORD003253,2024-07-22,CUST01142,Clothing,Socks,142.25,3,0,426.75,South,Bank Transfer,In-Store,4,10
ORD003254,2024-02-10,CUST01363,Electronics,Headphones,423.94,5,0,2119.7,Central,Credit Card,In-Store,3,10
ORD003255,2024-04-01,CUST00391,Home,Blender,373.02,4,0.05,1417.48,Central,PayPal,Phone,3,7
ORD003256,2024-06-25,CUST00197,Books,Cookbook,9.71,5,0.2,38.84,West,PayPal,Phone,4,3
ORD003257,2024-12-10,CUST01824,Sports,Bicycle,332.67,4,0,1330.68,Central,PayPal,Web,5,3
ORD003258,2024-02-13,CUST00800,Books,Textbook,38.48,4,0.05,146.22,West,Debit Card,Phone,2,7
ORD003259,2024-05-18,CUST00820,Electronics,Smartphone,497.24,5,0,2486.2,Central,Bank Transfer,Phone,5,8
ORD003260,2024-09-11,CUST01683,Electronics,Laptop,623.96,4,0,2495.84,East,Credit Card,Mobile App,5,2
ORD003261,2024-03-16,CUST00561,Home,Blender,381.46,2,0,762.92,South,Debit Card,In-Store,3,3
ORD003262,2024-09-23,CUST01715,Home,Pillow,165.26,1,0,165.26,Central,Bank Transfer,In-Store,3,10
ORD003263,2024-01-29,CUST00308,Books,Novel,29.89,1,0,29.89,North,PayPal,Mobile App,3,6
ORD003264,2024-05-19,CUST00848,Clothing,T-Shirt,36.38,1,0.1,32.74,North,PayPal,Mobile App,4,5
ORD003265,2024-11-05,CUST00301,Clothing,Jeans,30.92,1,0,30.92,Central,PayPal,In-Store,2,12
ORD003266,2024-11-24,CUST00576,Clothing,Socks,25.26,3,0.15,64.41,North,Bank Transfer,Phone,5,9
ORD003267,2024-11-21,CUST01710,Clothing,Jacket,107.25,2,0.15,182.33,West,Bank Transfer,Mobile App,5,12
ORD003268,2024-08-06,CUST00302,Home,Lamp,306.19,1,0,306.19,South,Credit Card,Mobile App,5,8
ORD003269,2024-09-14,CUST00032,Sports,Tennis Racket,695.09,5,0,3475.45,North,Bank Transfer,Phone,2,3
ORD003270,2024-09-22,CUST01546,Home,Chair,389.77,3,0.05,1110.84,West,Debit Card,In-Store,5,6
ORD003271,2024-06-26,CUST00855,Sports,Dumbbell,372.29,3,0.2,893.5,South,PayPal,Mobile App,5,4
ORD003272,2024-04-05,CUST00660,Books,Guide,13.2,3,0,39.6,South,PayPal,Web,2,2
ORD003273,2024-01-13,CUST00512,Books,Cookbook,42.38,2,0.1,76.28,East,PayPal,In-Store,3,4
ORD003274,2024-03-22,CUST00537,Sports,Bicycle,431.27,5,0.05,2048.53,West,Mobile Money,Phone,1,7
ORD003275,2024-10-03,CUST01015,Books,Biography,43.97,5,0,219.85,East,PayPal,Phone,4,2
ORD003276,2024-02-06,CUST01683,Clothing,T-Shirt,97.61,3,0,292.83,South,Mobile Money,In-Store,4,10
ORD003277,2024-03-06,CUST01342,Clothing,T-Shirt,62.0,2,0.05,117.8,North,Mobile Money,In-Store,2,12
ORD003278,2024-01-02,CUST00250,Electronics,Tablet,1196.01,3,0,3588.03,North,Mobile Money,Web,4,5
ORD003279,2024-06-05,CUST00945,Home,Table,69.8,5,0.05,331.55,East,PayPal,Mobile App,4,4
ORD003280,2024-03-03,CUST00743,Electronics,Smartwatch,1203.76,4,0,4815.04,South,Debit Card,Mobile App,4,5
ORD003281,2024-11-11,CUST00189,Sports,Dumbbell,148.41,4,0.2,474.91,North,Credit Card,Mobile App,5,13
ORD003282,2024-09-11,CUST01458,Home,Chair,128.38,5,0.1,577.71,Central,PayPal,Phone,4,11
ORD003283,2024-08-31,CUST00110,Electronics,Camera,819.49,5,0,4097.45,South,Credit Card,In-Store,4,10
ORD003284,2024-08-21,CUST01881,Sports,Basketball,409.33,3,0,1227.99,South,Bank Transfer,Mobile App,4,8
ORD003285,2024-03-01,CUST00382,Home,Toaster,348.98,2,0,697.96,South,Bank Transfer,In-Store,3,5
ORD003286,2024-05-28,CUST01405,Sports,Football,744.92,4,0,2979.68,North,PayPal,Mobile App,4,13
ORD003287,2024-09-11,CUST00941,Books,Cookbook,30.48,4,0.05,115.82,North,Debit Card,Phone,3,7
ORD003288,2024-08-18,CUST01469,Books,Comic,27.12,1,0.15,23.05,South,Debit Card,Mobile App,5,2
ORD003289,2024-10-24,CUST00436,Clothing,Socks,100.3,2,0,200.6,Central,Mobile Money,Mobile App,5,8
ORD003290,2024-05-13,CUST00442,Sports,Yoga Mat,614.79,2,0.05,1168.1,Central,Debit Card,Mobile App,5,14
ORD003291,2024-10-27,CUST00883,Electronics,Tablet,1096.79,3,0.15,2796.81,Central,Debit Card,Web,5,7
ORD003292,2024-10-05,CUST00475,Books,Guide,58.16,1,0,58.16,North,Debit Card,Mobile App,4,5
ORD003293,2024-05-21,CUST01152,Home,Chair,399.42,5,0.2,1597.68,North,Credit Card,In-Store,5,14
ORD003294,2024-03-01,CUST00797,Books,Comic,10.39,3,0,31.17,South,Mobile Money,Web,1,8
ORD003295,2024-07-11,CUST01945,Electronics,Tablet,860.71,2,0.2,1377.14,Central,Credit Card,Web,4,12
ORD003296,2024-10-09,CUST01454,Books,Guide,23.59,3,0,70.77,East,Bank Transfer,In-Store,5,3
ORD003297,2024-04-11,CUST00428,Electronics,Smartwatch,407.78,5,0.2,1631.12,West,Debit Card,Phone,5,6
ORD003298,2024-08-06,CUST00976,Sports,Dumbbell,158.27,4,0.05,601.43,West,PayPal,Mobile App,4,6
ORD003299,2024-09-05,CUST01220,Sports,Dumbbell,76.08,3,0,228.24,North,Bank Transfer,In-Store,3,4
ORD003300,2024-06-01,CUST01612,Sports,Football,768.75,5,0.2,3075.0,West,Debit Card,Mobile App,4,4
ORD003301,2024-07-26,CUST01774,Sports,Tennis Racket,30.13,4,0.2,96.42,North,Credit Card,Web,3,2
ORD003302,2024-09-26,CUST00631,Electronics,Smartphone,934.19,3,0,2802.57,East,Debit Card,Mobile App,5,7
ORD003303,2024-10-26,CUST00179,Home,Blender,253.11,1,0,253.11,North,Bank Transfer,Phone,4,2
ORD003304,2024-06-08,CUST01640,Books,Comic,50.4,5,0,252.0,Central,Bank Transfer,Web,5,6
ORD003305,2024-08-20,CUST01173,Books,Textbook,34.17,1,0.05,32.46,West,Mobile Money,Mobile App,4,7
ORD003306,2024-07-20,CUST01641,Books,Textbook,58.78,5,0.15,249.82,South,Debit Card,Phone,3,3
ORD003307,2024-07-05,CUST00793,Books,Comic,17.3,2,0,34.6,Central,Bank Transfer,Phone,4,3
ORD003308,2024-12-06,CUST01323,Home,Table,253.87,4,0,1015.48,East,PayPal,Phone,5,10
ORD003309,2024-01-04,CUST01396,Clothing,Jeans,117.55,4,0.05,446.69,East,PayPal,Web,2,14
ORD003310,2024-07-30,CUST01980,Books,Guide,32.45,2,0.15,55.16,Central,Mobile Money,In-Store,2,7
ORD003311,2024-02-02,CUST01549,Sports,Tennis Racket,556.53,5,0.05,2643.52,Central,PayPal,Phone,1,4
ORD003312,2024-10-29,CUST00436,Home,Toaster,160.72,4,0.2,514.3,South,Mobile Money,In-Store,4,5
ORD003313,2024-09-07,CUST01010,Books,Novel,14.25,2,0,28.5,West,PayPal,Phone,4,13
ORD003314,2024-07-17,CUST00532,Home,Pillow,143.89,4,0.15,489.23,Central,PayPal,Phone,5,12
ORD003315,2024-08-14,CUST01769,Electronics,Tablet,562.7,2,0,1125.4,East,Credit Card,Mobile App,5,5
ORD003316,2024-11-03,CUST01146,Electronics,Tablet,399.94,4,0,1599.76,East,Bank Transfer,Phone,4,6
ORD003317,2024-05-01,CUST01669,Clothing,Socks,97.32,3,0,291.96,East,PayPal,Web,4,13
ORD003318,2024-04-20,CUST01093,Books,Cookbook,5.4,2,0.1,9.72,East,Mobile Money,Mobile App,3,3
ORD003319,2024-06-04,CUST01075,Sports,Football,213.19,5,0.05,1012.65,North,PayPal,Web,5,8
ORD003320,2024-06-29,CUST01803,Clothing,Sneakers,39.26,3,0,117.78,West,Debit Card,Mobile App,1,13
ORD003321,2024-03-13,CUST01058,Home,Lamp,135.98,1,0.2,108.78,South,Bank Transfer,Phone,5,11
ORD003322,2024-08-27,CUST00875,Sports,Dumbbell,180.66,3,0.05,514.88,East,Mobile Money,Phone,3,12
ORD003323,2024-04-10,CUST01169,Electronics,Smartphone,366.7,2,0.05,696.73,Central,Mobile Money,In-Store,5,2
ORD003324,2024-10-21,CUST01671,Home,Toaster,71.46,1,0.15,60.74,North,Credit Card,Web,4,1
ORD003325,2024-09-30,CUST01790,Clothing,Socks,78.49,1,0.05,74.57,Central,PayPal,Web,2,7
ORD003326,2024-10-16,CUST00415,Home,Toaster,116.01,4,0.05,440.84,Central,Debit Card,Mobile App,4,14
ORD003327,2024-06-13,CUST01343,Electronics,Headphones,176.43,3,0,529.29,East,PayPal,Phone,4,9
ORD003328,2024-06-25,CUST01574,Sports,Basketball,686.91,1,0.2,549.53,South,Mobile Money,Web,5,3
ORD003329,2024-06-20,CUST00964,Books,Novel,44.94,5,0.05,213.47,North,Mobile Money,Web,4,11
ORD003330,2024-04-03,CUST01473,Sports,Bicycle,755.02,2,0.1,1359.04,West,Credit Card,Mobile App,3,10
ORD003331,2024-07-05,CUST01205,Electronics,Smartphone,322.02,4,0,1288.08,Central,PayPal,Web,4,12
ORD003332,2024-01-05,CUST01421,Clothing,Jeans,79.75,5,0.05,378.81,Central,Credit Card,Phone,3,10
ORD003333,2024-11-24,CUST01816,Electronics,Laptop,960.55,4,0.2,3073.76,North,Mobile Money,In-Store,5,1
ORD003334,2024-10-02,CUST00618,Books,Novel,58.11,5,0,290.55,West,Bank Transfer,In-Store,4,9
ORD003335,2024-06-28,CUST00887,Clothing,T-Shirt,41.92,5,0.2,167.68,East,PayPal,Web,5,14
ORD003336,2024-09-20,CUST00021,Home,Table,253.77,4,0,1015.08,South,Credit Card,Phone,2,9
ORD003337,2024-05-11,CUST01942,Sports,Basketball,637.65,4,0.2,2040.48,North,Mobile Money,Phone,4,12
ORD003338,2024-05-16,CUST00548,Sports,Yoga Mat,601.97,5,0.2,2407.88,North,Bank Transfer,In-Store,5,12
ORD003339,2024-01-18,CUST01818,Sports,Basketball,38.68,2,0.15,65.76,East,Mobile Money,Web,5,14
ORD003340,2024-01-28,CUST00741,Home,Chair,177.98,5,0.2,711.92,South,Debit Card,Web,3,3
ORD003341,2024-04-10,CUST01965,Sports,Tennis Racket,533.55,4,0.05,2027.49,Central,Debit Card,Mobile App,3,6
ORD003342,2024-01-16,CUST01317,Books,Comic,19.56,1,0,19.56,Central,Credit Card,In-Store,4,5
ORD003343,2024-01-14,CUST01775,Electronics,Smartphone,1039.8,2,0,2079.6,Central,PayPal,Mobile App,2,2
ORD003344,2024-04-12,CUST01941,Sports,Yoga Mat,23.42,3,0,70.26,Central,Debit Card,Web,2,13
ORD003345,2024-09-27,CUST01602,Books,Cookbook,11.95,1,0,11.95,North,Bank Transfer,Mobile App,5,1
ORD003346,2024-09-21,CUST01550,Home,Table,219.31,4,0,877.24,West,Bank Transfer,Phone,4,4
ORD003347,2024-06-17,CUST00671,Sports,Tennis Racket,754.11,2,0,1508.22,South,Bank Transfer,Web,4,6
ORD003348,2024-12-13,CUST01056,Electronics,Smartwatch,277.38,2,0.2,443.81,South,Mobile Money,In-Store,4,14
ORD003349,2024-06-24,CUST00743,Clothing,Hat,59.71,1,0.1,53.74,East,Mobile Money,Phone,3,13
ORD003350,2024-06-22,CUST00500,Sports,Tennis Racket,535.88,1,0,535.88,North,Bank Transfer,Web,4,10
ORD003351,2024-06-04,CUST01028,Books,Guide,44.97,5,0,224.85,West,Mobile Money,Web,3,11
ORD003352,2024-10-10,CUST01515,Home,Lamp,332.45,3,0.1,897.62,North,PayPal,Web,3,9
ORD003353,2024-12-30,CUST00487,Sports,Basketball,530.44,3,0.05,1511.75,East,Credit Card,Phone,3,14
ORD003354,2024-06-29,CUST01639,Books,Cookbook,56.17,3,0.2,134.81,South,PayPal,In-Store,5,9
ORD003355,2024-12-30,CUST00313,Sports,Football,689.87,5,0.2,2759.48,West,Mobile Money,In-Store,3,5
ORD003356,2024-07-09,CUST00369,Books,Biography,39.52,4,0,158.08,East,PayPal,Web,4,3
ORD003357,2024-10-27,CUST00509,Clothing,Hat,72.63,3,0.15,185.21,West,Bank Transfer,Phone,5,10
ORD003358,2024-06-18,CUST01229,Electronics,Laptop,765.52,3,0.2,1837.25,East,Bank Transfer,In-Store,5,10
ORD003359,2024-08-06,CUST01389,Books,Biography,54.3,1,0.05,51.59,Central,PayPal,Phone,2,11
ORD003360,2024-04-23,CUST00062,Books,Novel,13.47,3,0.1,36.37,South,Mobile Money,Phone,3,8
ORD003361,2024-06-03,CUST00318,Home,Toaster,297.68,1,0.05,282.8,South,Mobile Money,Mobile App,2,11
ORD003362,2024-07-07,CUST01421,Books,Biography,24.82,1,0,24.82,South,PayPal,Web,5,8
ORD003363,2024-10-11,CUST00594,Electronics,Laptop,541.53,3,0,1624.59,East,PayPal,In-Store,3,14
ORD003364,2024-10-12,CUST01359,Home,Blender,323.55,1,0.05,307.37,South,Debit Card,In-Store,5,13
ORD003365,2024-09-17,CUST01681,Books,Guide,58.38,4,0.05,221.84,Central,PayPal,Web,2,5
ORD003366,2024-01-27,CUST00163,Sports,Football,43.38,4,0.2,138.82,West,Credit Card,In-Store,4,6
ORD003367,2024-11-16,CUST00936,Books,Cookbook,22.66,2,0,45.32,Central,Debit Card,Mobile App,5,7
ORD003368,2024-05-04,CUST01369,Sports,Dumbbell,711.99,5,0.15,3025.96,West,Credit Card,In-Store,5,11
ORD003369,2024-10-09,CUST00161,Electronics,Laptop,98.45,3,0.2,236.28,North,Credit Card,In-Store,4,14
ORD003370,2024-01-25,CUST01451,Clothing,Jeans,16.12,4,0,64.48,South,Debit Card,Mobile App,1,10
ORD003371,2024-01-02,CUST01822,Books,Textbook,32.49,1,0,32.49,South,Bank Transfer,Phone,4,9
ORD003372,2024-09-29,CUST01082,Clothing,Socks,149.2,1,0.1,134.28,East,PayPal,Phone,4,9
ORD003373,2024-05-07,CUST00560,Electronics,Headphones,1170.74,4,0.05,4448.81,South,Credit Card,Mobile App,5,5
ORD003374,2024-07-26,CUST00985,Sports,Bicycle,92.31,3,0,276.93,East,Debit Card,Phone,4,5
ORD003375,2024-12-16,CUST01560,Home,Lamp,114.2,5,0,571.0,West,Bank Transfer,Phone,5,7
ORD003376,2024-02-17,CUST01126,Clothing,Sneakers,93.14,3,0.1,251.48,West,Mobile Money,In-Store,4,5
ORD003377,2024-08-16,CUST00627,Sports,Tennis Racket,151.64,4,0.1,545.9,East,Mobile Money,Mobile App,4,13
ORD003378,2024-06-16,CUST00896,Sports,Tennis Racket,568.45,2,0,1136.9,West,PayPal,Mobile App,3,4
ORD003379,2024-07-12,CUST01195,Sports,Yoga Mat,27.98,2,0.15,47.57,North,Bank Transfer,Phone,5,5
ORD003380,2024-03-03,CUST01102,Sports,Dumbbell,324.57,5,0,1622.85,South,Debit Card,Mobile App,4,4
ORD003381,2024-04-05,CUST00464,Clothing,Jacket,63.72,4,0,254.88,West,Debit Card,Mobile App,5,8
ORD003382,2024-12-30,CUST01055,Sports,Yoga Mat,61.52,4,0.15,209.17,West,Mobile Money,In-Store,3,12
ORD003383,2024-05-15,CUST00672,Sports,Yoga Mat,406.7,2,0,813.4,Central,Mobile Money,In-Store,5,11
ORD003384,2024-08-23,CUST01151,Books,Guide,26.97,3,0.2,64.73,North,Credit Card,In-Store,5,6
ORD003385,2024-09-02,CUST00535,Electronics,Camera,241.06,4,0.15,819.6,East,Bank Transfer,In-Store,5,4
ORD003386,2024-07-29,CUST01971,Books,Textbook,14.11,1,0,14.11,West,PayPal,Mobile App,2,5
ORD003387,2024-02-14,CUST01045,Home,Chair,31.29,3,0,93.87,West,Mobile Money,In-Store,5,8
ORD003388,2024-02-12,CUST00190,Electronics,Tablet,249.07,2,0,498.14,Central,Bank Transfer,In-Store,4,11
ORD003389,2024-04-24,CUST01746,Electronics,Tablet,642.83,1,0,642.83,Central,PayPal,Web,3,9
ORD003390,2024-04-05,CUST01026,Electronics,Camera,431.51,2,0,863.02,West,Mobile Money,Phone,5,12
ORD003391,2024-01-25,CUST00264,Clothing,Jeans,129.59,5,0.15,550.76,South,Debit Card,Web,5,1
ORD003392,2024-02-09,CUST01006,Books,Novel,55.61,5,0.1,250.24,North,Credit Card,In-Store,5,3
ORD003393,2024-08-23,CUST01341,Clothing,Hat,21.41,3,0,64.23,East,Bank Transfer,Phone,5,6
ORD003394,2024-01-10,CUST00720,Sports,Tennis Racket,36.33,2,0.05,69.03,Central,Bank Transfer,Phone,5,2
ORD003395,2024-04-09,CUST01930,Electronics,Tablet,362.57,5,0.2,1450.28,North,Mobile Money,Phone,2,12
ORD003396,2024-01-06,CUST00314,Home,Lamp,100.02,4,0,400.08,South,Credit Card,Phone,4,9
ORD003397,2024-08-23,CUST00916,Sports,Dumbbell,244.25,2,0.2,390.8,South,Debit Card,Web,3,5
ORD003398,2024-05-07,CUST00368,Clothing,T-Shirt,95.34,4,0,381.36,West,Mobile Money,Phone,5,6
ORD003399,2024-02-14,CUST01983,Books,Novel,14.65,2,0.05,27.83,East,PayPal,Web,5,7
ORD003400,2024-03-17,CUST01926,Clothing,Jacket,73.52,3,0,220.56,South,Credit Card,Mobile App,4,7
ORD003401,2024-06-09,CUST00016,Books,Guide,8.16,4,0.15,27.74,East,Mobile Money,Phone,3,1
ORD003402,2024-02-06,CUST00171,Books,Cookbook,5.15,4,0,20.6,Central,Credit Card,Phone,5,8
ORD003403,2024-04-06,CUST00471,Sports,Basketball,651.95,2,0,1303.9,South,Credit Card,In-Store,4,5
ORD003404,2024-08-02,CUST01675,Sports,Yoga Mat,592.58,3,0,1777.74,North,Mobile Money,In-Store,3,4
ORD003405,2024-03-16,CUST00811,Clothing,T-Shirt,108.88,2,0,217.76,East,Mobile Money,In-Store,3,11
ORD003406,2024-01-18,CUST01754,Home,Pillow,57.49,1,0,57.49,North,PayPal,In-Store,3,9
ORD003407,2024-11-06,CUST00583,Sports,Football,627.67,1,0,627.67,West,PayPal,Mobile App,3,4
ORD003408,2024-09-03,CUST00755,Books,Textbook,47.02,1,0,47.02,East,Debit Card,Phone,5,12
ORD003409,2024-03-02,CUST00540,Electronics,Laptop,887.58,5,0,4437.9,South,Mobile Money,Phone,4,1
ORD003410,2024-05-18,CUST00228,Clothing,T-Shirt,120.08,1,0.2,96.06,South,PayPal,Mobile App,5,9
ORD003411,2024-08-28,CUST01315,Clothing,Jeans,138.86,5,0.15,590.15,Central,PayPal,Phone,3,9
ORD003412,2024-01-19,CUST00194,Electronics,Headphones,598.96,4,0,2395.84,West,Debit Card,Mobile App,4,1
ORD003413,2024-10-28,CUST00776,Electronics,Laptop,1044.17,3,0.2,2506.01,Central,Bank Transfer,Mobile App,3,4
ORD003414,2024-11-25,CUST01064,Electronics,Headphones,903.84,4,0,3615.36,Central,PayPal,In-Store,4,1
ORD003415,2024-06-30,CUST01516,Books,Comic,43.73,3,0.2,104.95,East,Bank Transfer,Mobile App,5,14
ORD003416,2024-07-14,CUST00014,Home,Blender,23.26,4,0.2,74.43,Central,PayPal,Phone,5,3
ORD003417,2024-03-16,CUST01478,Electronics,Headphones,830.08,3,0.05,2365.73,South,Mobile Money,Web,4,10
ORD003418,2024-11-19,CUST01614,Clothing,Sneakers,13.65,2,0.2,21.84,North,Credit Card,Phone,5,9
ORD003419,2024-04-22,CUST00007,Electronics,Camera,220.43,5,0.2,881.72,Central,Credit Card,In-Store,5,14
ORD003420,2024-08-27,CUST01787,Sports,Football,655.37,1,0.15,557.06,South,Debit Card,Phone,2,12
ORD003421,2024-12-08,CUST01073,Books,Guide,14.24,1,0,14.24,West,Mobile Money,Phone,4,14
ORD003422,2024-03-09,CUST01038,Books,Novel,9.65,5,0.05,45.84,South,Credit Card,Web,4,10
ORD003423,2024-06-05,CUST01975,Home,Blender,264.28,5,0.05,1255.33,West,Mobile Money,Mobile App,4,11
ORD003424,2024-02-27,CUST01675,Home,Toaster,154.38,5,0.15,656.12,South,Debit Card,Web,5,6
ORD003425,2024-10-18,CUST01358,Electronics,Smartphone,584.17,2,0.2,934.67,West,PayPal,Mobile App,5,6
ORD003426,2024-08-27,CUST01801,Electronics,Laptop,769.18,1,0.05,730.72,Central,Mobile Money,Phone,5,4
ORD003427,2024-02-27,CUST01018,Home,Toaster,61.45,2,0.15,104.47,East,Bank Transfer,Phone,5,5
ORD003428,2024-11-10,CUST01366,Books,Biography,38.4,3,0.2,92.16,East,Bank Transfer,In-Store,5,4
ORD003429,2024-10-29,CUST00255,Sports,Basketball,310.82,5,0.1,1398.69,South,PayPal,Mobile App,4,13
ORD003430,2024-07-13,CUST00873,Electronics,Laptop,936.87,1,0.15,796.34,Central,Credit Card,Mobile App,5,7
ORD003431,2024-10-26,CUST00432,Books,Novel,36.75,5,0.05,174.56,East,Debit Card,Web,4,4
ORD003432,2024-04-20,CUST01314,Electronics,Smartphone,1158.75,4,0.1,4171.5,West,Bank Transfer,Mobile App,1,9
ORD003433,2024-06-18,CUST01413,Books,Comic,17.77,3,0.2,42.65,South,Credit Card,Mobile App,4,10
ORD003434,2024-09-15,CUST00382,Home,Toaster,383.1,3,0.05,1091.83,Central,Debit Card,Phone,2,10
ORD003435,2024-08-19,CUST01994,Sports,Basketball,246.5,3,0,739.5,South,Debit Card,Mobile App,3,10
ORD003436,2024-08-08,CUST01911,Clothing,T-Shirt,71.67,4,0.1,258.01,North,Debit Card,In-Store,3,11
ORD003437,2024-06-15,CUST01419,Books,Comic,51.01,1,0,51.01,West,Mobile Money,Web,5,8
ORD003438,2024-06-03,CUST01313,Home,Chair,43.55,2,0.15,74.04,East,Debit Card,In-Store,4,4
ORD003439,2024-06-29,CUST01204,Sports,Bicycle,79.66,3,0.05,227.03,South,Mobile Money,Mobile App,1,1
ORD003440,2024-10-29,CUST00765,Sports,Yoga Mat,422.14,2,0.05,802.07,West,PayPal,Phone,5,3
ORD003441,2024-07-27,CUST01823,Sports,Yoga Mat,173.72,5,0,868.6,West,Credit Card,In-Store,4,6
ORD003442,2024-10-23,CUST00559,Electronics,Headphones,880.31,3,0,2640.93,East,Credit Card,Web,4,13
ORD003443,2024-10-30,CUST01275,Electronics,Laptop,484.77,4,0.2,1551.26,South,PayPal,In-Store,5,14
ORD003444,2024-09-25,CUST01035,Sports,Basketball,109.49,1,0,109.49,Central,Bank Transfer,Phone,5,10
ORD003445,2024-11-17,CUST00758,Sports,Bicycle,108.63,2,0.2,173.81,West,PayPal,Mobile App,5,9
ORD003446,2024-02-15,CUST01023,Home,Toaster,356.78,1,0,356.78,North,Debit Card,In-Store,3,8
ORD003447,2024-07-29,CUST01911,Home,Blender,35.49,1,0.2,28.39,South,Mobile Money,Mobile App,4,5
ORD003448,2024-04-01,CUST01701,Home,Table,124.28,2,0,248.56,South,PayPal,In-Store,5,13
ORD003449,2024-12-05,CUST00583,Books,Cookbook,44.01,2,0,88.02,North,Mobile Money,Web,3,13
ORD003450,2024-07-16,CUST00128,Books,Textbook,41.65,2,0,83.3,Central,PayPal,In-Store,4,8
ORD003451,2024-05-07,CUST01077,Electronics,Camera,1009.89,4,0,4039.56,North,Credit Card,Phone,5,10
ORD003452,2024-02-08,CUST01562,Home,Lamp,165.61,3,0,496.83,North,Debit Card,Web,3,3
ORD003453,2024-07-23,CUST01054,Clothing,Jacket,98.64,4,0,394.56,North,Bank Transfer,In-Store,2,7
ORD003454,2024-06-20,CUST00393,Home,Pillow,334.55,5,0.15,1421.84,South,Debit Card,Phone,4,7
ORD003455,2024-06-23,CUST01224,Home,Pillow,324.39,2,0.1,583.9,North,PayPal,Phone,5,12
ORD003456,2024-12-07,CUST00970,Home,Toaster,59.88,5,0,299.4,Central,Debit Card,Web,4,12
ORD003457,2024-04-01,CUST01668,Home,Chair,299.02,3,0.1,807.35,Central,Credit Card,Web,3,11
ORD003458,2024-09-14,CUST00226,Home,Chair,234.62,5,0,1173.1,East,Credit Card,Web,2,4
ORD003459,2024-10-24,CUST00248,Sports,Yoga Mat,560.83,4,0.1,2018.99,East,Debit Card,Phone,3,6
ORD003460,2024-12-29,CUST00923,Clothing,T-Shirt,136.81,2,0.2,218.9,East,Credit Card,Mobile App,2,1
ORD003461,2024-11-12,CUST01052,Sports,Tennis Racket,524.35,3,0.05,1494.4,Central,Mobile Money,Phone,5,6
ORD003462,2024-08-25,CUST01637,Sports,Yoga Mat,444.13,5,0,2220.65,Central,Credit Card,Mobile App,3,11
ORD003463,2024-02-22,CUST00640,Books,Biography,53.78,3,0.1,145.21,East,Bank Transfer,Web,5,6
ORD003464,2024-01-14,CUST00202,Clothing,Jeans,110.71,5,0.15,470.52,South,Credit Card,In-Store,5,3
ORD003465,2024-03-28,CUST00483,Clothing,T-Shirt,60.3,5,0.2,241.2,East,Debit Card,In-Store,5,12
ORD003466,2024-03-30,CUST00977,Electronics,Camera,231.81,3,0.05,660.66,North,Debit Card,Mobile App,5,1
ORD003467,2024-05-03,CUST00904,Clothing,Jacket,44.57,3,0,133.71,North,Mobile Money,Phone,4,7
ORD003468,2024-04-11,CUST01300,Electronics,Tablet,1170.5,5,0.15,4974.62,Central,Bank Transfer,Phone,5,11
ORD003469,2024-01-27,CUST01436,Books,Guide,26.73,4,0,106.92,West,Mobile Money,Mobile App,5,2
ORD003470,2024-05-29,CUST00107,Electronics,Headphones,992.92,2,0.2,1588.67,North,Debit Card,Mobile App,5,12
ORD003471,2024-12-10,CUST01545,Electronics,Tablet,1288.99,1,0.15,1095.64,Central,Mobile Money,Mobile App,5,5
ORD003472,2024-06-26,CUST00133,Books,Textbook,23.96,2,0.05,45.52,West,Bank Transfer,Mobile App,3,10
ORD003473,2024-12-29,CUST01190,Clothing,Sneakers,149.73,4,0.2,479.14,Central,PayPal,Mobile App,5,4
ORD003474,2024-09-18,CUST01860,Sports,Bicycle,100.65,5,0,503.25,West,Debit Card,Mobile App,4,13
ORD003475,2024-09-01,CUST01511,Books,Cookbook,40.8,5,0,204.0,North,PayPal,Mobile App,5,11
ORD003476,2024-11-29,CUST01068,Clothing,Jacket,136.53,4,0.2,436.9,Central,Bank Transfer,In-Store,4,10
ORD003477,2024-10-23,CUST01382,Clothing,T-Shirt,124.89,4,0.15,424.63,North,Debit Card,In-Store,5,4
ORD003478,2024-01-04,CUST01751,Home,Pillow,195.02,1,0,195.02,North,Mobile Money,Phone,5,6
ORD003479,2024-05-24,CUST01249,Electronics,Camera,859.96,3,0.1,2321.89,Central,Mobile Money,Mobile App,4,13
ORD003480,2024-07-31,CUST00145,Home,Blender,160.49,4,0.15,545.67,South,Bank Transfer,Web,3,13
ORD003481,2024-05-11,CUST01516,Home,Toaster,152.99,5,0.2,611.96,East,PayPal,Mobile App,5,3
ORD003482,2024-04-06,CUST01521,Home,Toaster,143.13,1,0,143.13,East,Bank Transfer,Web,5,6
ORD003483,2024-12-18,CUST01886,Home,Lamp,239.01,2,0.15,406.32,North,Credit Card,Phone,5,8
ORD003484,2024-08-07,CUST01549,Home,Table,56.29,2,0.2,90.06,East,Bank Transfer,Web,4,14
ORD003485,2024-05-01,CUST01888,Home,Pillow,26.72,1,0.05,25.38,South,Debit Card,Mobile App,4,5
ORD003486,2024-09-14,CUST00955,Clothing,Sneakers,131.26,4,0.2,420.03,North,Debit Card,Mobile App,5,4
ORD003487,2024-02-02,CUST01789,Sports,Football,129.14,1,0.05,122.68,Central,Bank Transfer,Mobile App,5,6
ORD003488,2024-03-02,CUST00331,Home,Pillow,185.6,3,0,556.8,West,PayPal,Phone,2,4
ORD003489,2024-04-15,CUST00216,Books,Textbook,8.87,3,0.1,23.95,North,Bank Transfer,Phone,3,3
ORD003490,2024-10-24,CUST01379,Clothing,T-Shirt,124.3,3,0.2,298.32,North,Credit Card,Mobile App,5,14
ORD003491,2024-12-26,CUST01121,Sports,Football,417.36,1,0,417.36,East,Credit Card,Web,4,1
ORD003492,2024-12-27,CUST01115,Clothing,T-Shirt,80.11,3,0,240.33,North,Mobile Money,Web,3,3
ORD003493,2024-11-20,CUST01092,Sports,Yoga Mat,778.56,1,0.05,739.63,West,Debit Card,Mobile App,4,13
ORD003494,2024-01-06,CUST00263,Electronics,Tablet,873.41,5,0.05,4148.7,North,PayPal,Mobile App,3,11
ORD003495,2024-04-14,CUST00266,Home,Pillow,205.8,2,0.15,349.86,North,Credit Card,Phone,4,6
ORD003496,2024-07-21,CUST00025,Electronics,Laptop,1216.94,3,0.2,2920.66,East,Credit Card,Mobile App,2,2
ORD003497,2024-06-04,CUST01477,Clothing,Jacket,61.29,4,0.1,220.64,West,Debit Card,Mobile App,2,11
ORD003498,2024-12-20,CUST01346,Clothing,Hat,144.41,4,0.2,462.11,North,Mobile Money,Phone,5,13
ORD003499,2024-10-13,CUST01136,Electronics,Camera,807.97,5,0.2,3231.88,West,Bank Transfer,Phone,5,8
ORD003500,2024-02-02,CUST00984,Books,Biography,45.46,3,0.2,109.1,West,Credit Card,Mobile App,4,13
ORD003501,2024-04-24,CUST01318,Clothing,Hat,85.19,5,0.1,383.36,South,Credit Card,In-Store,4,9
ORD003502,2024-10-27,CUST00700,Books,Textbook,7.14,3,0,21.42,Central,Mobile Money,Web,3,11
ORD003503,2024-10-11,CUST00063,Books,Guide,17.28,1,0.1,15.55,West,Bank Transfer,Phone,5,13
ORD003504,2024-11-20,CUST00713,Home,Pillow,275.77,2,0.15,468.81,West,PayPal,In-Store,5,10
ORD003505,2024-06-15,CUST00802,Clothing,Hat,24.85,5,0.15,105.61,South,Credit Card,In-Store,4,5
ORD003506,2024-04-03,CUST01381,Home,Toaster,88.62,2,0.1,159.52,Central,PayPal,In-Store,4,1
ORD003507,2024-01-05,CUST00112,Books,Textbook,33.41,4,0.05,126.96,West,Credit Card,In-Store,2,4
ORD003508,2024-12-17,CUST00736,Books,Cookbook,41.12,2,0,82.24,East,PayPal,Mobile App,5,11
ORD003509,2024-09-21,CUST01388,Home,Table,123.73,1,0.05,117.54,West,Mobile Money,Phone,5,12
ORD003510,2024-11-25,CUST01495,Sports,Tennis Racket,439.68,5,0,2198.4,South,Credit Card,Web,5,12
ORD003511,2024-01-12,CUST01267,Electronics,Headphones,1180.46,1,0,1180.46,East,Mobile Money,Web,5,2
ORD003512,2024-12-08,CUST01419,Clothing,Jacket,66.35,4,0,265.4,North,PayPal,Web,4,1
ORD003513,2024-09-24,CUST01948,Home,Toaster,179.6,4,0,718.4,East,Debit Card,Phone,4,3
ORD003514,2024-12-22,CUST01124,Home,Table,332.13,4,0,1328.52,West,Mobile Money,Web,3,2
ORD003515,2024-01-08,CUST00322,Electronics,Laptop,778.02,4,0.2,2489.66,East,Mobile Money,Web,4,12
ORD003516,2024-05-05,CUST01721,Home,Pillow,128.1,1,0.05,121.69,West,Mobile Money,Phone,2,11
ORD003517,2024-04-19,CUST00117,Home,Toaster,327.34,1,0.2,261.87,East,Debit Card,Web,5,13
ORD003518,2024-10-20,CUST00828,Books,Biography,39.34,5,0.1,177.03,Central,Debit Card,In-Store,2,8
ORD003519,2024-12-14,CUST00191,Electronics,Tablet,1289.86,1,0,1289.86,Central,Mobile Money,In-Store,3,4
ORD003520,2024-12-18,CUST00762,Clothing,Jeans,21.72,3,0,65.16,North,Bank Transfer,Web,4,3
ORD003521,2024-01-12,CUST00496,Books,Comic,37.71,4,0,150.84,West,PayPal,Mobile App,3,12
ORD003522,2024-01-15,CUST01627,Clothing,Jacket,134.36,4,0,537.44,East,Debit Card,Phone,5,3
ORD003523,2024-03-04,CUST00690,Home,Lamp,352.01,2,0,704.02,East,Credit Card,Web,2,2
ORD003524,2024-01-06,CUST00508,Sports,Football,519.26,1,0.05,493.3,West,Bank Transfer,Mobile App,4,1
ORD003525,2024-12-11,CUST00336,Electronics,Tablet,1313.16,2,0,2626.32,West,Mobile Money,Mobile App,3,12
ORD003526,2024-08-05,CUST01705,Home,Chair,230.81,2,0,461.62,West,Credit Card,In-Store,2,11
ORD003527,2024-03-13,CUST01438,Sports,Tennis Racket,578.03,3,0,1734.09,North,Bank Transfer,In-Store,4,14
ORD003528,2024-03-19,CUST00261,Home,Table,95.72,3,0.1,258.44,Central,PayPal,Web,4,9
ORD003529,2024-12-02,CUST00065,Electronics,Tablet,1284.7,5,0.2,5138.8,South,Debit Card,Mobile App,4,4
ORD003530,2024-06-27,CUST01421,Home,Toaster,157.62,2,0.2,252.19,South,PayPal,Mobile App,5,9
ORD003531,2024-01-24,CUST01467,Sports,Football,282.13,4,0,1128.52,Central,Credit Card,Phone,5,13
ORD003532,2024-07-02,CUST01442,Clothing,Jacket,46.29,3,0,138.87,West,Mobile Money,Phone,3,8
ORD003533,2024-07-18,CUST01203,Home,Table,314.76,3,0.1,849.85,South,Credit Card,In-Store,3,7
ORD003534,2024-10-17,CUST01047,Home,Lamp,33.79,1,0.05,32.1,South,Mobile Money,In-Store,4,9
ORD003535,2024-07-05,CUST01018,Books,Textbook,57.82,4,0,231.28,West,Bank Transfer,Mobile App,5,13
ORD003536,2024-07-13,CUST00207,Sports,Yoga Mat,724.51,3,0.15,1847.5,South,Credit Card,Web,2,14
ORD003537,2024-06-30,CUST01236,Home,Lamp,195.1,3,0,585.3,West,Credit Card,Web,5,13
ORD003538,2024-04-23,CUST01295,Books,Novel,36.54,5,0.2,146.16,East,Mobile Money,Web,3,8
ORD003539,2024-12-08,CUST01627,Sports,Basketball,329.77,2,0,659.54,North,Mobile Money,In-Store,5,4
ORD003540,2024-03-08,CUST01330,Electronics,Camera,621.65,1,0,621.65,South,Bank Transfer,In-Store,4,4
ORD003541,2024-03-20,CUST01174,Sports,Tennis Racket,748.85,3,0,2246.55,East,Debit Card,Mobile App,4,7
ORD003542,2024-07-31,CUST00689,Electronics,Headphones,907.72,3,0.1,2450.84,East,Bank Transfer,In-Store,5,12
ORD003543,2024-03-29,CUST00396,Sports,Yoga Mat,677.32,5,0,3386.6,North,Mobile Money,In-Store,4,11
ORD003544,2024-03-08,CUST01909,Clothing,Sneakers,112.11,5,0,560.55,East,Credit Card,Mobile App,5,4
ORD003545,2024-07-17,CUST00837,Sports,Basketball,327.43,2,0.05,622.12,East,Credit Card,In-Store,2,1
ORD003546,2024-07-06,CUST00335,Home,Pillow,370.36,3,0.15,944.42,Central,Mobile Money,Mobile App,3,9
ORD003547,2024-03-10,CUST01648,Electronics,Laptop,1448.99,3,0,4346.97,South,Bank Transfer,Mobile App,5,1
ORD003548,2024-07-01,CUST01939,Books,Guide,21.06,3,0.1,56.86,Central,Debit Card,Phone,3,13
ORD003549,2024-04-15,CUST00652,Books,Biography,31.48,3,0,94.44,East,Debit Card,Mobile App,4,14
ORD003550,2024-08-13,CUST00443,Books,Textbook,45.23,2,0.15,76.89,Central,Mobile Money,Mobile App,5,2
ORD003551,2024-01-01,CUST01550,Home,Lamp,30.81,2,0.05,58.54,South,Credit Card,In-Store,4,4
ORD003552,2024-07-14,CUST01898,Home,Pillow,215.94,5,0.15,917.74,East,Debit Card,Phone,5,2
ORD003553,2024-07-01,CUST01148,Home,Table,198.42,1,0,198.42,Central,Bank Transfer,Mobile App,3,2
ORD003554,2024-01-27,CUST00430,Sports,Dumbbell,193.15,5,0,965.75,South,Mobile Money,Phone,4,14
ORD003555,2024-04-08,CUST00564,Clothing,T-Shirt,147.54,5,0.05,700.82,North,PayPal,In-Store,5,1
ORD003556,2024-11-23,CUST01427,Clothing,Socks,106.65,3,0.1,287.95,North,Bank Transfer,Mobile App,5,7
ORD003557,2024-08-29,CUST00057,Sports,Bicycle,34.46,5,0,172.3,Central,Mobile Money,Web,3,14
ORD003558,2024-04-02,CUST01318,Clothing,T-Shirt,83.14,3,0,249.42,East,Bank Transfer,Phone,3,13
ORD003559,2024-06-16,CUST01858,Electronics,Smartphone,390.14,1,0.2,312.11,Central,Bank Transfer,Phone,5,6
ORD003560,2024-04-11,CUST00029,Electronics,Headphones,573.13,5,0,2865.65,Central,Bank Transfer,Web,3,13
ORD003561,2024-08-26,CUST00347,Books,Novel,53.73,3,0,161.19,East,Credit Card,Mobile App,3,1
ORD003562,2024-09-09,CUST01057,Electronics,Headphones,794.19,5,0.05,3772.4,West,PayPal,In-Store,4,11
ORD003563,2024-06-22,CUST00199,Sports,Yoga Mat,760.6,1,0.1,684.54,East,PayPal,Web,4,5
ORD003564,2024-07-30,CUST01387,Sports,Dumbbell,157.26,2,0.05,298.79,West,Debit Card,Phone,4,3
ORD003565,2024-03-04,CUST01413,Sports,Dumbbell,765.24,1,0.1,688.72,South,Credit Card,In-Store,3,13
ORD003566,2024-12-15,CUST00531,Clothing,Socks,87.48,3,0,262.44,West,Debit Card,Web,5,8
ORD003567,2024-04-13,CUST01852,Books,Comic,41.43,3,0.1,111.86,East,Credit Card,Phone,5,13
ORD003568,2024-10-11,CUST01147,Books,Biography,19.1,1,0.05,18.14,West,Bank Transfer,In-Store,5,9
ORD003569,2024-02-14,CUST01323,Home,Blender,119.23,1,0.2,95.38,West,Mobile Money,Mobile App,3,7
ORD003570,2024-11-30,CUST01102,Home,Lamp,209.04,5,0,1045.2,Central,PayPal,Mobile App,4,8
ORD003571,2024-10-21,CUST01728,Books,Novel,8.99,2,0,17.98,North,Mobile Money,In-Store,3,6
ORD003572,2024-08-12,CUST00554,Sports,Tennis Racket,798.71,3,0,2396.13,West,Credit Card,In-Store,4,1
ORD003573,2024-02-04,CUST01717,Books,Guide,37.4,4,0,149.6,West,PayPal,Phone,5,13
ORD003574,2024-01-26,CUST01585,Sports,Basketball,788.89,5,0,3944.45,South,Debit Card,Phone,5,4
ORD003575,2024-09-04,CUST00149,Home,Blender,60.36,3,0.05,172.03,South,Debit Card,Web,5,1
ORD003576,2024-10-21,CUST01203,Sports,Yoga Mat,377.11,5,0.2,1508.44,North,PayPal,Mobile App,4,3
ORD003577,2024-01-11,CUST01106,Home,Chair,146.06,4,0.05,555.03,North,PayPal,Phone,1,13
ORD003578,2024-12-23,CUST00064,Sports,Basketball,337.67,5,0,1688.35,South,PayPal,Web,5,14
ORD003579,2024-10-28,CUST00889,Clothing,Socks,66.79,2,0,133.58,Central,PayPal,Phone,4,14
ORD003580,2024-01-23,CUST00558,Books,Novel,45.5,1,0.05,43.23,West,Credit Card,In-Store,1,13
ORD003581,2024-05-22,CUST00163,Clothing,Jeans,132.06,1,0,132.06,West,PayPal,In-Store,5,4
ORD003582,2024-09-14,CUST00939,Books,Cookbook,29.07,4,0,116.28,West,Debit Card,Web,5,6
ORD003583,2024-01-04,CUST00523,Books,Guide,31.94,3,0.2,76.66,East,Bank Transfer,Phone,5,7
ORD003584,2024-09-12,CUST00562,Electronics,Smartwatch,266.4,5,0.15,1132.2,South,Mobile Money,In-Store,4,4
ORD003585,2024-09-13,CUST00857,Electronics,Tablet,207.8,5,0.1,935.1,South,PayPal,Mobile App,4,2
ORD003586,2024-10-26,CUST01074,Clothing,Jeans,38.69,2,0.1,69.64,South,Credit Card,In-Store,5,10
ORD003587,2024-03-11,CUST00014,Electronics,Laptop,718.49,1,0,718.49,East,PayPal,In-Store,4,13
ORD003588,2024-07-05,CUST01366,Home,Blender,189.55,4,0,758.2,East,Credit Card,Phone,5,11
ORD003589,2024-10-07,CUST00473,Books,Biography,5.39,3,0.05,15.36,Central,Credit Card,Web,4,7
ORD003590,2024-12-07,CUST01540,Home,Table,184.47,4,0.05,700.99,West,PayPal,Phone,5,12
ORD003591,2024-07-20,CUST00723,Books,Biography,27.05,3,0.05,77.09,South,Credit Card,In-Store,1,14
ORD003592,2024-04-04,CUST00745,Clothing,Hat,71.01,3,0,213.03,North,PayPal,Phone,2,9
ORD003593,2024-08-27,CUST01517,Clothing,Hat,88.16,4,0,352.64,East,Debit Card,Mobile App,4,1
ORD003594,2024-12-20,CUST01824,Books,Novel,42.78,5,0,213.9,Central,Debit Card,Phone,1,13
ORD003595,2024-02-01,CUST00981,Clothing,Socks,83.67,3,0,251.01,South,PayPal,Phone,4,14
ORD003596,2024-02-14,CUST00114,Books,Textbook,37.13,2,0,74.26,South,Credit Card,Mobile App,3,10
ORD003597,2024-02-27,CUST01042,Clothing,Jeans,124.91,1,0,124.91,East,Credit Card,Phone,5,6
ORD003598,2024-09-12,CUST00274,Home,Toaster,219.73,3,0.1,593.27,East,PayPal,Mobile App,3,10
ORD003599,2024-07-29,CUST01918,Books,Novel,23.9,3,0,71.7,East,PayPal,Phone,4,12
ORD003600,2024-10-06,CUST01028,Sports,Basketball,267.56,4,0.1,963.22,West,Credit Card,Mobile App,3,6
ORD003601,2024-05-06,CUST00417,Home,Blender,382.77,5,0.05,1818.16,Central,Bank Transfer,In-Store,4,12
ORD003602,2024-11-30,CUST00289,Sports,Dumbbell,538.15,1,0.05,511.24,East,Mobile Money,Web,4,12
ORD003603,2024-08-09,CUST01763,Electronics,Smartwatch,941.36,5,0,4706.8,West,Bank Transfer,In-Store,2,11
ORD003604,2024-04-10,CUST01814,Books,Biography,43.7,2,0.1,78.66,Central,PayPal,Mobile App,4,7
ORD003605,2024-08-22,CUST00986,Sports,Yoga Mat,672.48,4,0.1,2420.93,Central,Bank Transfer,Web,3,2
ORD003606,2024-02-09,CUST00120,Electronics,Smartphone,999.72,4,0.2,3199.1,Central,PayPal,Mobile App,5,14
ORD003607,2024-02-21,CUST00255,Electronics,Smartphone,833.04,4,0,3332.16,East,Credit Card,Web,5,11
ORD003608,2024-06-05,CUST01481,Home,Table,296.44,4,0,1185.76,East,Mobile Money,Mobile App,5,3
ORD003609,2024-04-21,CUST00483,Electronics,Laptop,616.49,4,0.05,2342.66,Central,Debit Card,In-Store,4,1
ORD003610,2024-03-06,CUST01380,Sports,Basketball,244.6,2,0.05,464.74,Central,Credit Card,In-Store,3,1
ORD003611,2024-10-31,CUST01717,Clothing,T-Shirt,100.05,3,0,300.15,East,Credit Card,In-Store,5,3
ORD003612,2024-04-07,CUST00710,Electronics,Smartphone,1332.01,5,0,6660.05,North,Mobile Money,In-Store,5,6
ORD003613,2024-09-20,CUST01197,Electronics,Camera,920.36,2,0,1840.72,Central,Bank Transfer,Phone,2,1
ORD003614,2024-04-13,CUST01859,Clothing,Jacket,47.78,3,0.2,114.67,Central,Credit Card,Phone,3,8
ORD003615,2024-06-17,CUST00495,Electronics,Camera,858.03,2,0.15,1458.65,South,Mobile Money,Phone,5,11
ORD003616,2024-08-13,CUST00897,Clothing,Sneakers,71.06,3,0,213.18,South,Mobile Money,In-Store,4,8
ORD003617,2024-05-27,CUST00200,Clothing,Jacket,54.87,5,0,274.35,South,Mobile Money,Phone,4,7
ORD003618,2024-04-21,CUST01182,Electronics,Tablet,1342.41,2,0.1,2416.34,South,Bank Transfer,In-Store,5,3
ORD003619,2024-06-26,CUST01315,Books,Guide,7.81,2,0,15.62,North,Debit Card,In-Store,2,14
ORD003620,2024-03-21,CUST01751,Clothing,Socks,44.94,1,0.05,42.69,Central,Bank Transfer,In-Store,4,9
ORD003621,2024-04-20,CUST01705,Clothing,Jacket,123.73,4,0,494.92,Central,Credit Card,Mobile App,5,10
ORD003622,2024-11-03,CUST00905,Sports,Football,192.42,1,0.15,163.56,East,Bank Transfer,Mobile App,3,10
ORD003623,2024-04-02,CUST01515,Home,Table,192.85,1,0,192.85,North,Mobile Money,Mobile App,2,3
ORD003624,2024-02-15,CUST01469,Electronics,Camera,617.81,3,0.1,1668.09,East,PayPal,Mobile App,1,7
ORD003625,2024-04-17,CUST01534,Home,Chair,166.03,3,0,498.09,Central,Mobile Money,Web,5,5
ORD003626,2024-01-29,CUST00308,Clothing,Jeans,106.6,1,0.15,90.61,South,Mobile Money,Phone,5,12
ORD003627,2024-01-25,CUST01039,Sports,Basketball,268.93,4,0.1,968.15,West,Bank Transfer,In-Store,5,11
ORD003628,2024-10-03,CUST00447,Books,Novel,8.1,2,0,16.2,North,Credit Card,Web,5,10
ORD003629,2024-03-12,CUST01497,Electronics,Laptop,1015.12,2,0.15,1725.7,West,Mobile Money,Phone,4,6
ORD003630,2024-09-02,CUST01348,Home,Blender,157.33,4,0,629.32,East,Mobile Money,Web,3,4
ORD003631,2024-04-04,CUST01680,Home,Table,324.32,2,0,648.64,West,PayPal,Phone,5,14
ORD003632,2024-05-31,CUST01505,Sports,Yoga Mat,751.85,1,0,751.85,South,PayPal,Web,5,8
ORD003633,2024-09-20,CUST01614,Home,Blender,93.55,1,0.2,74.84,West,Mobile Money,Phone,5,6
ORD003634,2024-07-29,CUST01609,Sports,Yoga Mat,732.23,4,0,2928.92,South,Debit Card,Phone,1,12
ORD003635,2024-05-19,CUST01306,Home,Chair,85.2,4,0.15,289.68,South,Credit Card,Web,5,10
ORD003636,2024-02-17,CUST00694,Clothing,Jeans,145.91,2,0,291.82,East,Mobile Money,In-Store,5,14
ORD003637,2024-07-22,CUST00560,Clothing,Sneakers,99.76,2,0.05,189.54,North,PayPal,Mobile App,4,7
ORD003638,2024-08-29,CUST00159,Home,Chair,37.11,5,0.2,148.44,South,Mobile Money,Mobile App,2,3
ORD003639,2024-04-12,CUST01551,Sports,Tennis Racket,131.34,1,0.1,118.21,South,PayPal,Mobile App,4,10
ORD003640,2024-02-14,CUST01380,Clothing,Jeans,95.03,3,0,285.09,East,Bank Transfer,Phone,5,3
ORD003641,2024-11-26,CUST01659,Sports,Yoga Mat,39.95,4,0.15,135.83,East,Debit Card,Web,5,9
ORD003642,2024-09-12,CUST01408,Books,Cookbook,56.36,3,0.2,135.26,Central,Credit Card,Web,5,8
ORD003643,2024-07-19,CUST00633,Sports,Basketball,262.35,4,0.05,996.93,Central,Debit Card,Phone,4,11
ORD003644,2024-09-22,CUST00326,Electronics,Camera,1453.24,3,0,4359.72,East,Credit Card,In-Store,4,6
ORD003645,2024-10-19,CUST00378,Sports,Basketball,280.67,4,0,1122.68,West,Mobile Money,Mobile App,4,4
ORD003646,2024-05-05,CUST00623,Clothing,Jacket,72.71,2,0.05,138.15,West,Bank Transfer,Mobile App,4,8
ORD003647,2024-04-08,CUST01393,Electronics,Camera,1038.93,4,0,4155.72,South,PayPal,In-Store,5,7
ORD003648,2024-06-01,CUST01523,Books,Biography,10.79,3,0,32.37,West,Credit Card,Web,4,7
ORD003649,2024-09-23,CUST01958,Sports,Dumbbell,151.67,5,0.05,720.43,West,Bank Transfer,Mobile App,4,5
ORD003650,2024-05-05,CUST01631,Home,Toaster,359.24,3,0,1077.72,Central,PayPal,Web,4,9
ORD003651,2024-02-14,CUST00614,Books,Cookbook,43.9,4,0.2,140.48,East,Credit Card,Mobile App,4,12
ORD003652,2024-03-03,CUST01518,Clothing,T-Shirt,86.22,5,0,431.1,South,PayPal,Phone,4,7
ORD003653,2024-09-09,CUST01608,Sports,Football,647.51,2,0.05,1230.27,South,Bank Transfer,Web,4,2
ORD003654,2024-07-16,CUST01027,Clothing,Jeans,140.25,1,0,140.25,East,Debit Card,Web,3,1
ORD003655,2024-04-20,CUST00400,Clothing,Jeans,91.19,3,0,273.57,South,Mobile Money,Mobile App,2,11
ORD003656,2024-03-31,CUST00994,Electronics,Tablet,1163.63,5,0.1,5236.33,North,Debit Card,Mobile App,2,2
ORD003657,2024-01-18,CUST00375,Sports,Tennis Racket,733.81,4,0,2935.24,Central,PayPal,Web,5,14
ORD003658,2024-11-21,CUST01852,Clothing,T-Shirt,102.83,4,0.05,390.75,Central,Credit Card,Web,3,12
ORD003659,2024-02-10,CUST00771,Electronics,Camera,202.54,5,0.15,860.8,East,Debit Card,Mobile App,5,5
ORD003660,2024-09-18,CUST00986,Home,Toaster,106.81,2,0.2,170.9,North,PayPal,Web,5,6
ORD003661,2024-02-29,CUST02000,Home,Pillow,204.73,4,0.1,737.03,North,Bank Transfer,Phone,2,1
ORD003662,2024-05-10,CUST01277,Clothing,Sneakers,29.69,2,0,59.38,South,Bank Transfer,Web,2,14
ORD003663,2024-02-28,CUST00420,Sports,Bicycle,177.64,5,0.15,754.97,South,Credit Card,Phone,4,11
ORD003664,2024-12-29,CUST00544,Electronics,Laptop,593.25,5,0.2,2373.0,North,Bank Transfer,Mobile App,4,3
ORD003665,2024-07-03,CUST01780,Home,Chair,288.89,4,0,1155.56,North,Debit Card,Web,2,4
ORD003666,2024-05-28,CUST01955,Electronics,Laptop,683.15,5,0,3415.75,South,Debit Card,Phone,3,8
ORD003667,2024-08-16,CUST00232,Electronics,Laptop,1136.48,1,0.05,1079.66,West,Mobile Money,Phone,4,12
ORD003668,2024-06-19,CUST00814,Clothing,Hat,10.99,3,0,32.97,East,Debit Card,Phone,3,8
ORD003669,2024-10-20,CUST00990,Clothing,T-Shirt,33.89,1,0.1,30.5,East,Debit Card,Web,3,5
ORD003670,2024-09-24,CUST00153,Electronics,Tablet,1198.31,1,0.1,1078.48,North,PayPal,Web,3,8
ORD003671,2024-06-12,CUST00597,Home,Table,16.01,3,0.1,43.23,West,Mobile Money,Phone,3,1
ORD003672,2024-11-08,CUST01503,Clothing,Sneakers,80.59,4,0.05,306.24,North,Bank Transfer,Mobile App,4,1
ORD003673,2024-01-21,CUST01045,Books,Biography,19.99,3,0.2,47.98,South,PayPal,In-Store,4,12
ORD003674,2024-03-26,CUST01219,Electronics,Laptop,771.45,2,0.05,1465.75,West,Debit Card,Mobile App,4,9
ORD003675,2024-03-07,CUST00222,Clothing,Hat,13.61,5,0,68.05,North,Debit Card,Web,1,14
ORD003676,2024-07-15,CUST00150,Clothing,Jacket,13.88,2,0.2,22.21,Central,Bank Transfer,Web,5,6
ORD003677,2024-02-02,CUST00961,Electronics,Smartphone,489.13,4,0,1956.52,East,Mobile Money,Web,2,12
ORD003678,2024-10-03,CUST01663,Electronics,Headphones,121.08,4,0,484.32,West,Bank Transfer,Phone,4,9
ORD003679,2024-05-10,CUST00918,Sports,Dumbbell,762.66,1,0,762.66,Central,Credit Card,In-Store,5,11
ORD003680,2024-12-02,CUST01183,Home,Toaster,278.62,2,0.1,501.52,North,Credit Card,Web,4,13
ORD003681,2024-12-21,CUST00900,Home,Table,284.0,4,0.2,908.8,West,Credit Card,In-Store,5,3
ORD003682,2024-09-04,CUST00314,Home,Toaster,168.66,1,0,168.66,North,Mobile Money,Phone,1,5
ORD003683,2024-08-26,CUST00083,Home,Lamp,373.81,4,0.2,1196.19,South,Debit Card,Mobile App,5,9
ORD003684,2024-06-05,CUST01790,Electronics,Tablet,1070.75,3,0,3212.25,South,Mobile Money,Phone,4,11
ORD003685,2024-11-12,CUST01303,Clothing,Jacket,130.69,2,0,261.38,Central,Debit Card,In-Store,5,9
ORD003686,2024-12-28,CUST00358,Sports,Tennis Racket,389.96,2,0,779.92,West,Debit Card,Mobile App,4,4
ORD003687,2024-12-24,CUST00062,Home,Pillow,196.95,1,0,196.95,Central,Debit Card,Phone,5,11
ORD003688,2024-07-15,CUST00586,Books,Textbook,44.26,5,0,221.3,East,Debit Card,Phone,3,4
ORD003689,2024-12-12,CUST01455,Sports,Tennis Racket,201.36,4,0.2,644.35,South,Bank Transfer,Web,4,9
ORD003690,2024-03-20,CUST00683,Sports,Dumbbell,535.98,4,0,2143.92,South,Debit Card,In-Store,4,1
ORD003691,2024-08-05,CUST00554,Books,Guide,13.69,1,0.05,13.01,North,Credit Card,In-Store,3,12
ORD003692,2024-12-18,CUST00363,Clothing,T-Shirt,62.42,2,0,124.84,West,Debit Card,Phone,5,3
ORD003693,2024-07-05,CUST00581,Sports,Tennis Racket,347.28,2,0,694.56,East,PayPal,In-Store,4,6
ORD003694,2024-05-18,CUST01913,Electronics,Camera,1366.25,3,0,4098.75,South,Credit Card,Web,5,2
ORD003695,2024-05-30,CUST00681,Books,Comic,19.58,5,0,97.9,West,PayPal,Mobile App,5,13
ORD003696,2024-11-16,CUST00776,Electronics,Camera,853.61,3,0,2560.83,South,Bank Transfer,Web,5,6
ORD003697,2024-05-19,CUST01315,Electronics,Smartphone,954.86,1,0.05,907.12,Central,Debit Card,In-Store,5,11
ORD003698,2024-08-14,CUST00904,Books,Comic,14.79,5,0.1,66.56,South,PayPal,Mobile App,3,11
ORD003699,2024-11-26,CUST00243,Sports,Tennis Racket,432.08,4,0,1728.32,East,Debit Card,Web,4,1
ORD003700,2024-11-29,CUST01084,Books,Comic,49.52,3,0,148.56,South,PayPal,Phone,2,10
ORD003701,2024-08-26,CUST01143,Clothing,Socks,135.68,1,0,135.68,South,PayPal,In-Store,5,12
ORD003702,2024-03-12,CUST00615,Clothing,T-Shirt,13.6,5,0,68.0,South,Mobile Money,Phone,3,3
ORD003703,2024-11-19,CUST00872,Home,Chair,301.74,1,0,301.74,West,Bank Transfer,Phone,4,2
ORD003704,2024-07-30,CUST00914,Electronics,Headphones,1223.05,5,0.15,5197.96,East,Bank Transfer,Web,4,13
ORD003705,2024-12-24,CUST00791,Clothing,T-Shirt,82.64,4,0.1,297.5,East,Credit Card,Phone,4,2
ORD003706,2024-02-22,CUST00338,Home,Blender,47.16,5,0,235.8,East,Credit Card,Mobile App,2,12
ORD003707,2024-01-27,CUST00985,Clothing,T-Shirt,68.14,1,0,68.14,South,Bank Transfer,Phone,3,13
ORD003708,2024-01-31,CUST01820,Sports,Basketball,518.32,1,0,518.32,North,PayPal,In-Store,4,3
ORD003709,2024-07-13,CUST01668,Home,Lamp,342.43,5,0.05,1626.54,West,Bank Transfer,In-Store,4,3
ORD003710,2024-05-22,CUST00280,Electronics,Laptop,988.63,3,0,2965.89,East,Mobile Money,Web,5,11
ORD003711,2024-12-27,CUST01879,Books,Textbook,51.32,2,0,102.64,West,Credit Card,In-Store,5,10
ORD003712,2024-11-02,CUST01229,Home,Chair,214.75,3,0.15,547.61,East,Mobile Money,In-Store,5,11
ORD003713,2024-11-07,CUST01215,Books,Guide,29.02,4,0.15,98.67,South,Credit Card,In-Store,5,6
ORD003714,2024-09-30,CUST00428,Books,Biography,36.61,5,0.15,155.59,West,Mobile Money,Phone,5,1
ORD003715,2024-07-07,CUST01240,Books,Comic,44.59,1,0,44.59,East,Bank Transfer,Web,4,6
ORD003716,2024-01-29,CUST00699,Electronics,Tablet,1235.1,2,0.1,2223.18,West,Credit Card,Mobile App,5,9
ORD003717,2024-07-15,CUST00031,Home,Toaster,258.58,5,0.15,1098.97,Central,Mobile Money,Mobile App,5,6
ORD003718,2024-09-05,CUST00168,Home,Pillow,195.18,4,0,780.72,South,Credit Card,Web,3,2
ORD003719,2024-03-11,CUST01718,Sports,Yoga Mat,121.03,2,0.15,205.75,East,Credit Card,Web,5,13
ORD003720,2024-09-13,CUST01611,Clothing,Jacket,58.33,3,0,174.99,Central,Debit Card,In-Store,3,7
ORD003721,2024-05-05,CUST00929,Home,Chair,144.5,3,0.15,368.48,Central,PayPal,Web,5,14
ORD003722,2024-06-14,CUST00458,Books,Guide,54.2,3,0.2,130.08,West,PayPal,In-Store,5,12
ORD003723,2024-10-09,CUST00859,Clothing,Jacket,20.65,2,0,41.3,West,Bank Transfer,Web,5,2
ORD003724,2024-09-02,CUST01300,Books,Comic,47.51,2,0.2,76.02,South,Bank Transfer,In-Store,5,10
ORD003725,2024-11-15,CUST00522,Books,Comic,53.26,2,0.2,85.22,Central,Bank Transfer,Web,5,3
ORD003726,2024-01-20,CUST00121,Electronics,Smartphone,1013.92,3,0,3041.76,Central,PayPal,Web,4,6
ORD003727,2024-03-14,CUST01516,Sports,Bicycle,84.08,2,0,168.16,East,Mobile Money,In-Store,4,4
ORD003728,2024-11-07,CUST00769,Sports,Yoga Mat,73.97,2,0.15,125.75,South,PayPal,Mobile App,5,10
ORD003729,2024-08-10,CUST00045,Home,Blender,42.07,2,0.15,71.52,East,Credit Card,In-Store,5,3
ORD003730,2024-07-27,CUST01080,Electronics,Headphones,1196.38,2,0,2392.76,Central,Mobile Money,Phone,2,4
ORD003731,2024-11-04,CUST00387,Books,Textbook,33.67,4,0,134.68,South,Bank Transfer,Web,5,5
ORD003732,2024-02-13,CUST01650,Electronics,Camera,1433.95,1,0.05,1362.25,West,Credit Card,Mobile App,5,4
ORD003733,2024-05-24,CUST01332,Clothing,T-Shirt,80.64,3,0,241.92,East,Debit Card,Phone,2,11
ORD003734,2024-11-05,CUST00179,Books,Novel,41.57,1,0.15,35.33,South,Mobile Money,Web,5,12
ORD003735,2024-05-03,CUST00995,Clothing,Socks,137.19,1,0.1,123.47,West,Mobile Money,Phone,5,13
ORD003736,2024-08-21,CUST00732,Books,Biography,18.21,4,0,72.84,East,PayPal,In-Store,4,10
ORD003737,2024-11-10,CUST01764,Electronics,Smartphone,412.78,5,0,2063.9,East,Debit Card,In-Store,3,13
ORD003738,2024-11-15,CUST00646,Electronics,Laptop,1357.53,2,0.05,2579.31,East,Debit Card,Mobile App,3,14
ORD003739,2024-12-19,CUST01337,Electronics,Smartwatch,946.49,2,0,1892.98,North,Debit Card,In-Store,3,11
ORD003740,2024-06-21,CUST00059,Electronics,Tablet,1462.02,5,0,7310.1,West,Credit Card,Mobile App,5,7
ORD003741,2024-07-16,CUST01470,Home,Lamp,181.38,4,0,725.52,North,PayPal,Web,4,12
ORD003742,2024-03-21,CUST01918,Home,Table,328.76,4,0.05,1249.29,West,PayPal,Mobile App,2,12
ORD003743,2024-05-07,CUST01195,Home,Pillow,67.29,5,0.05,319.63,East,Credit Card,Phone,2,10
ORD003744,2024-12-07,CUST00469,Home,Blender,368.52,3,0,1105.56,East,Bank Transfer,Mobile App,1,8
ORD003745,2024-10-01,CUST01570,Books,Novel,13.84,5,0,69.2,Central,Bank Transfer,Web,3,10
ORD003746,2024-07-15,CUST00684,Sports,Yoga Mat,667.52,3,0,2002.56,Central,Bank Transfer,Web,4,12
ORD003747,2024-05-30,CUST00886,Sports,Yoga Mat,264.58,4,0.15,899.57,East,PayPal,Mobile App,5,4
ORD003748,2024-03-27,CUST00320,Sports,Football,43.53,1,0,43.53,Central,Mobile Money,Phone,3,9
ORD003749,2024-02-05,CUST00963,Home,Table,113.42,1,0.2,90.74,West,Bank Transfer,In-Store,5,13
ORD003750,2024-08-19,CUST01534,Electronics,Laptop,1345.27,3,0.05,3834.02,Central,Debit Card,Phone,5,8
ORD003751,2024-03-06,CUST01429,Clothing,Socks,143.43,1,0.15,121.92,North,Credit Card,In-Store,5,11
ORD003752,2024-11-21,CUST00553,Electronics,Headphones,751.16,1,0.2,600.93,West,Credit Card,Mobile App,5,2
ORD003753,2024-09-06,CUST00262,Books,Novel,17.19,3,0,51.57,North,Mobile Money,In-Store,4,6
ORD003754,2024-05-27,CUST01470,Books,Comic,51.37,4,0,205.48,Central,Debit Card,Mobile App,4,13
ORD003755,2024-02-16,CUST01393,Sports,Dumbbell,402.11,5,0,2010.55,North,Mobile Money,Phone,5,9
ORD003756,2024-12-20,CUST01712,Sports,Football,291.07,4,0,1164.28,West,Mobile Money,Web,3,14
ORD003757,2024-01-23,CUST00862,Books,Biography,35.78,5,0,178.9,South,Mobile Money,In-Store,4,7
ORD003758,2024-03-02,CUST00239,Electronics,Tablet,874.58,3,0,2623.74,North,Debit Card,Mobile App,4,10
ORD003759,2024-05-13,CUST01907,Home,Blender,393.9,2,0,787.8,North,Bank Transfer,Mobile App,5,6
ORD003760,2024-02-11,CUST01314,Books,Cookbook,27.22,5,0,136.1,West,Bank Transfer,Phone,5,14
ORD003761,2024-09-05,CUST01077,Home,Toaster,338.21,4,0.1,1217.56,West,Bank Transfer,Phone,4,12
ORD003762,2024-06-26,CUST01285,Clothing,T-Shirt,90.03,2,0,180.06,North,PayPal,Mobile App,3,7
ORD003763,2024-10-15,CUST00865,Sports,Basketball,160.74,3,0.2,385.78,East,Debit Card,Mobile App,5,1
ORD003764,2024-01-06,CUST00800,Electronics,Smartphone,749.88,4,0.1,2699.57,South,Credit Card,Web,2,10
ORD003765,2024-09-25,CUST00709,Sports,Dumbbell,210.1,1,0.2,168.08,South,Mobile Money,Web,5,7
ORD003766,2024-06-27,CUST00423,Clothing,Jeans,36.97,4,0,147.88,East,Mobile Money,Phone,4,6
ORD003767,2024-11-07,CUST01640,Books,Cookbook,45.23,2,0.2,72.37,North,Credit Card,In-Store,5,1
ORD003768,2024-04-14,CUST01541,Electronics,Smartphone,1289.96,2,0.05,2450.92,South,PayPal,Mobile App,1,12
ORD003769,2024-06-15,CUST01485,Books,Comic,52.57,4,0,210.28,South,PayPal,Phone,2,2
ORD003770,2024-05-04,CUST01107,Electronics,Smartwatch,796.54,2,0,1593.08,North,Mobile Money,In-Store,5,9
ORD003771,2024-04-12,CUST01982,Books,Textbook,41.37,5,0,206.85,North,Credit Card,Web,5,11
ORD003772,2024-11-04,CUST01924,Clothing,Hat,116.7,4,0.05,443.46,South,Mobile Money,Phone,1,7
ORD003773,2024-09-02,CUST00151,Books,Textbook,26.58,5,0,132.9,South,Debit Card,Phone,3,14
ORD003774,2024-04-08,CUST01401,Home,Toaster,213.44,3,0,640.32,West,Bank Transfer,Web,3,12
ORD003775,2024-04-25,CUST00448,Clothing,Socks,102.96,3,0,308.88,East,Debit Card,Web,4,11
ORD003776,2024-12-18,CUST01411,Clothing,Jeans,109.47,3,0,328.41,East,Mobile Money,Phone,4,14
ORD003777,2024-05-07,CUST00825,Electronics,Smartwatch,965.47,1,0.2,772.38,Central,Mobile Money,Web,3,8
ORD003778,2024-03-18,CUST01750,Electronics,Smartphone,1066.46,4,0,4265.84,Central,PayPal,Web,3,9
ORD003779,2024-05-01,CUST01843,Home,Chair,322.74,5,0.1,1452.33,South,Credit Card,Web,4,6
ORD003780,2024-07-30,CUST00183,Electronics,Tablet,901.3,4,0.05,3424.94,South,Mobile Money,Web,3,7
ORD003781,2024-09-17,CUST00342,Home,Blender,174.36,3,0,523.08,South,Mobile Money,Web,5,14
ORD003782,2024-10-15,CUST00049,Sports,Bicycle,275.68,3,0.15,702.98,South,Bank Transfer,In-Store,5,9
ORD003783,2024-05-11,CUST00656,Home,Toaster,314.8,2,0.15,535.16,West,Mobile Money,Phone,5,14
ORD003784,2024-10-01,CUST00703,Books,Novel,44.7,2,0.1,80.46,East,Credit Card,Web,5,12
ORD003785,2024-07-23,CUST01056,Sports,Football,564.0,5,0,2820.0,South,Debit Card,Mobile App,5,10
ORD003786,2024-01-08,CUST01187,Home,Toaster,306.3,4,0.2,980.16,East,Credit Card,Mobile App,5,11
ORD003787,2024-06-16,CUST00840,Books,Novel,27.83,1,0.1,25.05,North,Bank Transfer,Phone,4,9
ORD003788,2024-04-24,CUST01459,Electronics,Headphones,246.93,2,0,493.86,South,Bank Transfer,Web,5,2
ORD003789,2024-08-06,CUST00977,Clothing,T-Shirt,116.17,5,0.1,522.76,West,Debit Card,Phone,4,3
ORD003790,2024-05-08,CUST01835,Electronics,Smartphone,987.96,2,0,1975.92,West,PayPal,Phone,4,8
ORD003791,2024-12-22,CUST00831,Electronics,Headphones,978.87,5,0.15,4160.2,East,Mobile Money,In-Store,2,14
ORD003792,2024-06-11,CUST01677,Clothing,Hat,67.13,4,0,268.52,West,Debit Card,Mobile App,3,2
ORD003793,2024-06-23,CUST00872,Books,Comic,44.92,1,0.1,40.43,Central,Bank Transfer,Phone,3,12
ORD003794,2024-09-14,CUST00256,Clothing,Socks,102.55,3,0.1,276.88,North,Debit Card,In-Store,4,4
ORD003795,2024-08-02,CUST00558,Electronics,Smartphone,1453.04,2,0.05,2760.78,West,Bank Transfer,Web,2,11
ORD003796,2024-01-08,CUST01597,Electronics,Smartwatch,525.28,1,0,525.28,East,Mobile Money,Web,5,14
ORD003797,2024-01-14,CUST01188,Home,Toaster,318.17,1,0,318.17,North,Credit Card,Phone,2,4
ORD003798,2024-08-13,CUST01453,Sports,Tennis Racket,751.78,3,0.05,2142.57,South,PayPal,Phone,5,5
ORD003799,2024-10-20,CUST00067,Clothing,Sneakers,115.45,2,0.2,184.72,Central,Bank Transfer,In-Store,5,2
ORD003800,2024-07-12,CUST01073,Clothing,T-Shirt,90.41,3,0.1,244.11,South,Debit Card,Web,4,4
ORD003801,2024-05-09,CUST01454,Electronics,Tablet,476.0,5,0.15,2023.0,South,PayPal,Web,5,2
ORD003802,2024-06-29,CUST01761,Electronics,Smartwatch,1001.51,2,0.2,1602.42,North,Bank Transfer,In-Store,5,3
ORD003803,2024-10-16,CUST01280,Sports,Yoga Mat,69.18,2,0,138.36,Central,Credit Card,Mobile App,4,13
ORD003804,2024-08-02,CUST00798,Clothing,Jeans,88.1,4,0.15,299.54,West,Credit Card,Phone,5,14
ORD003805,2024-02-06,CUST01600,Clothing,Socks,83.3,3,0.2,199.92,East,Credit Card,Mobile App,5,10
ORD003806,2024-05-26,CUST01434,Sports,Dumbbell,449.09,5,0.05,2133.18,South,Credit Card,Web,3,9
ORD003807,2024-04-14,CUST01788,Clothing,Sneakers,43.43,5,0.15,184.58,West,Credit Card,Mobile App,5,7
ORD003808,2024-03-03,CUST00633,Books,Textbook,33.04,1,0.05,31.39,Central,Credit Card,In-Store,3,2
ORD003809,2024-08-28,CUST00116,Clothing,Jeans,125.49,1,0,125.49,East,Mobile Money,Phone,4,7
ORD003810,2024-12-06,CUST01243,Books,Biography,8.93,2,0.15,15.18,South,Credit Card,Mobile App,5,1
ORD003811,2024-08-12,CUST00733,Clothing,Hat,145.82,4,0,583.28,Central,Bank Transfer,Mobile App,3,4
ORD003812,2024-09-07,CUST00227,Electronics,Smartphone,655.59,4,0.05,2491.24,Central,Debit Card,In-Store,4,13
ORD003813,2024-06-14,CUST01804,Sports,Dumbbell,536.66,2,0.05,1019.65,West,Credit Card,Mobile App,3,7
ORD003814,2024-12-23,CUST01423,Home,Toaster,338.99,4,0,1355.96,East,PayPal,Mobile App,4,8
ORD003815,2024-06-01,CUST01944,Home,Chair,151.85,3,0.2,364.44,Central,Bank Transfer,Mobile App,5,14
ORD003816,2024-01-25,CUST01672,Home,Chair,292.32,5,0.1,1315.44,Central,PayPal,Web,5,13
ORD003817,2024-05-07,CUST01113,Electronics,Laptop,506.28,4,0.05,1923.86,East,Credit Card,In-Store,5,8
ORD003818,2024-11-28,CUST01354,Books,Comic,45.48,4,0,181.92,West,Bank Transfer,Web,4,10
ORD003819,2024-10-25,CUST00889,Sports,Basketball,413.12,2,0,826.24,East,Credit Card,Mobile App,3,13
ORD003820,2024-05-07,CUST00613,Books,Comic,33.0,4,0,132.0,East,Mobile Money,Mobile App,5,12
ORD003821,2024-05-05,CUST01990,Clothing,Jeans,118.84,5,0,594.2,East,Debit Card,In-Store,3,13
ORD003822,2024-06-21,CUST01748,Home,Blender,35.63,1,0,35.63,Central,Debit Card,Phone,5,4
ORD003823,2024-03-26,CUST01387,Sports,Tennis Racket,25.89,2,0.2,41.42,South,Mobile Money,Web,5,7
ORD003824,2024-03-23,CUST01410,Electronics,Camera,811.74,4,0.2,2597.57,Central,Mobile Money,Phone,5,12
ORD003825,2024-11-19,CUST00429,Home,Blender,175.92,2,0,351.84,Central,PayPal,In-Store,4,8
ORD003826,2024-09-26,CUST01778,Sports,Dumbbell,606.64,2,0.05,1152.62,South,Credit Card,Mobile App,2,3
ORD003827,2024-04-24,CUST01544,Sports,Yoga Mat,90.42,2,0.15,153.71,North,Mobile Money,Mobile App,3,6
ORD003828,2024-07-03,CUST00754,Clothing,Socks,91.17,1,0.1,82.05,East,Credit Card,Mobile App,3,6
ORD003829,2024-05-13,CUST00105,Sports,Tennis Racket,712.5,2,0,1425.0,South,PayPal,Phone,5,4
ORD003830,2024-03-18,CUST00391,Electronics,Smartphone,1361.64,2,0.1,2450.95,East,PayPal,Web,4,5
ORD003831,2024-07-03,CUST00874,Books,Cookbook,49.73,5,0.05,236.22,Central,Bank Transfer,Phone,4,11
ORD003832,2024-09-25,CUST01742,Clothing,T-Shirt,37.26,3,0,111.78,Central,Mobile Money,In-Store,4,7
ORD003833,2024-01-26,CUST01073,Home,Pillow,95.98,4,0.05,364.72,Central,Debit Card,Mobile App,4,1
ORD003834,2024-03-31,CUST01621,Sports,Basketball,683.81,5,0.05,3248.1,East,Mobile Money,Phone,4,11
ORD003835,2024-05-04,CUST01135,Clothing,Sneakers,39.31,4,0,157.24,East,Mobile Money,Web,1,2
ORD003836,2024-01-08,CUST00425,Books,Textbook,45.93,2,0.1,82.67,West,PayPal,Web,3,9
ORD003837,2024-11-19,CUST01653,Home,Pillow,207.35,5,0,1036.75,South,PayPal,Mobile App,2,14
ORD003838,2024-12-19,CUST00844,Electronics,Smartphone,1417.04,1,0.15,1204.48,South,Mobile Money,Phone,3,3
ORD003839,2024-02-07,CUST00006,Clothing,Hat,48.38,3,0,145.14,Central,PayPal,Phone,3,10
ORD003840,2024-02-08,CUST00214,Books,Textbook,13.96,5,0,69.8,North,Bank Transfer,In-Store,5,9
ORD003841,2024-01-23,CUST01619,Books,Novel,7.0,4,0.15,23.8,North,Debit Card,Phone,5,1
ORD003842,2024-05-14,CUST00688,Home,Blender,242.59,1,0.05,230.46,South,Bank Transfer,Web,4,14
ORD003843,2024-01-13,CUST01284,Books,Textbook,54.58,3,0,163.74,West,Bank Transfer,In-Store,4,6
ORD003844,2024-08-08,CUST01792,Books,Textbook,51.66,2,0,103.32,South,PayPal,Mobile App,3,4
ORD003845,2024-05-10,CUST00029,Sports,Tennis Racket,172.13,3,0.15,438.93,West,Credit Card,Web,5,11
ORD003846,2024-09-21,CUST00346,Electronics,Camera,722.88,2,0.1,1301.18,South,Credit Card,In-Store,4,11
ORD003847,2024-10-03,CUST01905,Electronics,Headphones,678.9,1,0,678.9,South,Debit Card,Web,3,8
ORD003848,2024-05-10,CUST00136,Electronics,Tablet,709.87,3,0,2129.61,South,Bank Transfer,Mobile App,5,5
ORD003849,2024-12-09,CUST00148,Sports,Basketball,142.16,2,0.1,255.89,East,Debit Card,Web,5,9
ORD003850,2024-08-13,CUST01122,Sports,Bicycle,296.29,1,0.2,237.03,North,Credit Card,Mobile App,5,7
ORD003851,2024-06-16,CUST00978,Sports,Dumbbell,149.67,1,0.2,119.74,South,Debit Card,In-Store,5,12
ORD003852,2024-05-02,CUST01676,Sports,Football,200.71,5,0,1003.55,South,PayPal,Web,2,12
ORD003853,2024-03-18,CUST00491,Clothing,Sneakers,45.08,4,0.2,144.26,Central,Debit Card,In-Store,5,5
ORD003854,2024-07-20,CUST00432,Electronics,Camera,1267.69,4,0.15,4310.15,Central,Bank Transfer,In-Store,5,3
ORD003855,2024-04-25,CUST01071,Sports,Yoga Mat,595.15,1,0,595.15,West,PayPal,Web,5,5
ORD003856,2024-11-28,CUST00654,Sports,Dumbbell,531.18,2,0.1,956.12,North,PayPal,Web,1,13
ORD003857,2024-02-24,CUST00057,Home,Pillow,211.8,4,0.15,720.12,East,Credit Card,Mobile App,4,4
ORD003858,2024-01-27,CUST00592,Books,Biography,14.37,1,0.1,12.93,East,Mobile Money,Mobile App,4,10
ORD003859,2024-05-08,CUST00021,Electronics,Camera,154.0,1,0.05,146.3,North,Debit Card,In-Store,5,6
ORD003860,2024-05-21,CUST01086,Books,Cookbook,42.38,5,0.15,180.11,West,PayPal,Phone,5,13
ORD003861,2024-07-12,CUST01937,Clothing,Sneakers,51.13,3,0.1,138.05,North,Mobile Money,Mobile App,4,4
ORD003862,2024-08-28,CUST00304,Books,Biography,45.13,3,0.2,108.31,North,Bank Transfer,Web,4,9
ORD003863,2024-09-13,CUST00729,Electronics,Smartphone,682.72,5,0,3413.6,South,Bank Transfer,In-Store,4,1
ORD003864,2024-07-24,CUST00811,Home,Chair,238.63,3,0,715.89,Central,PayPal,Phone,1,8
ORD003865,2024-10-14,CUST01145,Home,Chair,280.63,4,0.05,1066.39,North,Debit Card,Web,3,7
ORD003866,2024-06-10,CUST01709,Clothing,Sneakers,75.78,1,0.05,71.99,Central,Credit Card,Mobile App,2,6
ORD003867,2024-11-08,CUST01940,Clothing,Sneakers,63.97,3,0,191.91,Central,Debit Card,Mobile App,5,1
ORD003868,2024-11-02,CUST01517,Clothing,Hat,116.8,3,0,350.4,West,Credit Card,In-Store,4,4
ORD003869,2024-05-28,CUST00062,Clothing,Hat,122.81,4,0,491.24,North,Credit Card,In-Store,5,10
ORD003870,2024-06-17,CUST01003,Sports,Dumbbell,671.9,3,0.05,1914.92,South,Mobile Money,Phone,3,1
ORD003871,2024-08-01,CUST00139,Home,Toaster,381.81,1,0.1,343.63,Central,PayPal,In-Store,4,14
ORD003872,2024-11-08,CUST01598,Books,Comic,36.62,4,0,146.48,North,Debit Card,In-Store,4,1
ORD003873,2024-10-24,CUST00105,Home,Blender,94.15,4,0.1,338.94,Central,Credit Card,In-Store,2,13
ORD003874,2024-11-15,CUST01824,Electronics,Camera,1027.92,3,0.05,2929.57,South,Credit Card,Phone,4,14
ORD003875,2024-09-16,CUST00930,Clothing,T-Shirt,135.7,5,0.15,576.73,North,Mobile Money,Web,5,7
ORD003876,2024-05-06,CUST00144,Home,Toaster,193.1,2,0.05,366.89,North,Credit Card,In-Store,3,9
ORD003877,2024-02-26,CUST00789,Home,Blender,398.74,4,0.05,1515.21,East,Mobile Money,Mobile App,5,9
ORD003878,2024-03-01,CUST01005,Electronics,Smartwatch,1454.76,5,0.2,5819.04,Central,Bank Transfer,In-Store,4,11
ORD003879,2024-11-15,CUST00053,Clothing,Jacket,90.84,5,0,454.2,Central,PayPal,Web,5,12
ORD003880,2024-04-08,CUST00465,Home,Pillow,399.76,3,0,1199.28,North,PayPal,Mobile App,4,8
ORD003881,2024-10-16,CUST01012,Books,Textbook,11.82,3,0,35.46,North,Mobile Money,Web,4,7
ORD003882,2024-06-05,CUST00122,Sports,Yoga Mat,219.11,1,0,219.11,East,Credit Card,Phone,1,6
ORD003883,2024-08-04,CUST01589,Books,Novel,13.19,1,0,13.19,North,Mobile Money,Phone,3,3
ORD003884,2024-10-14,CUST01840,Sports,Dumbbell,428.76,2,0,857.52,East,PayPal,Mobile App,4,8
ORD003885,2024-09-05,CUST01518,Clothing,Socks,47.43,5,0.15,201.58,Central,Debit Card,In-Store,5,2
ORD003886,2024-11-19,CUST00659,Sports,Dumbbell,557.93,4,0.05,2120.13,East,Mobile Money,In-Store,5,9
ORD003887,2024-09-04,CUST01865,Books,Cookbook,43.62,2,0.15,74.15,North,PayPal,Mobile App,5,10
ORD003888,2024-08-08,CUST01015,Clothing,Jacket,100.66,5,0,503.3,West,Credit Card,In-Store,4,4
ORD003889,2024-05-28,CUST01435,Books,Novel,47.23,1,0.05,44.87,North,PayPal,Web,5,3
ORD003890,2024-05-30,CUST01844,Home,Blender,382.33,1,0,382.33,North,Mobile Money,Phone,2,14
ORD003891,2024-01-01,CUST00319,Books,Biography,24.37,4,0.2,77.98,West,Bank Transfer,Phone,5,2
ORD003892,2024-07-29,CUST01559,Books,Biography,16.71,3,0,50.13,East,Debit Card,Phone,5,3
ORD003893,2024-05-30,CUST01122,Sports,Bicycle,493.84,1,0.15,419.76,North,Mobile Money,Phone,4,8
ORD003894,2024-08-12,CUST01512,Books,Textbook,56.31,2,0.2,90.1,East,PayPal,Mobile App,2,2
ORD003895,2024-02-04,CUST00633,Books,Guide,59.12,2,0.1,106.42,West,PayPal,Phone,3,3
ORD003896,2024-08-27,CUST01050,Home,Blender,35.86,3,0.05,102.2,South,Credit Card,Mobile App,5,7
ORD003897,2024-12-29,CUST00719,Sports,Football,324.81,1,0,324.81,North,Debit Card,Phone,5,2
ORD003898,2024-08-29,CUST01772,Clothing,Jacket,14.13,5,0.2,56.52,South,Debit Card,Web,4,14
ORD003899,2024-05-26,CUST00665,Books,Biography,29.15,4,0,116.6,South,Debit Card,In-Store,4,3
ORD003900,2024-04-23,CUST01437,Electronics,Camera,1300.53,5,0,6502.65,South,Bank Transfer,Phone,3,2
ORD003901,2024-02-04,CUST01981,Books,Cookbook,41.6,3,0.1,112.32,Central,Credit Card,In-Store,3,8
ORD003902,2024-08-15,CUST01551,Clothing,Jeans,26.2,4,0.2,83.84,Central,Mobile Money,In-Store,5,6
ORD003903,2024-03-02,CUST00023,Home,Table,66.35,1,0,66.35,East,PayPal,Phone,1,1
ORD003904,2024-10-14,CUST01010,Home,Chair,254.81,3,0,764.43,East,PayPal,Web,4,3
ORD003905,2024-12-23,CUST00889,Clothing,Jacket,139.97,5,0.1,629.87,South,PayPal,Phone,4,10
ORD003906,2024-01-18,CUST00384,Clothing,Sneakers,44.51,4,0,178.04,East,PayPal,Web,4,6
ORD003907,2024-08-16,CUST00744,Electronics,Headphones,1210.49,5,0.2,4841.96,North,Bank Transfer,Mobile App,5,8
ORD003908,2024-03-29,CUST00406,Sports,Yoga Mat,478.61,2,0,957.22,East,PayPal,In-Store,4,9
ORD003909,2024-12-18,CUST00405,Electronics,Camera,145.9,4,0.05,554.42,East,Mobile Money,Web,3,7
ORD003910,2024-12-24,CUST00884,Home,Pillow,160.03,3,0,480.09,East,Debit Card,Mobile App,5,13
ORD003911,2024-08-18,CUST01386,Clothing,Jeans,128.56,3,0.2,308.54,Central,Credit Card,Web,2,2
ORD003912,2024-08-14,CUST01144,Home,Toaster,281.03,2,0.1,505.85,Central,PayPal,Web,2,13
ORD003913,2024-08-17,CUST01943,Sports,Tennis Racket,706.18,3,0,2118.54,East,Bank Transfer,Web,5,13
ORD003914,2024-11-03,CUST01491,Clothing,Sneakers,82.15,4,0.2,262.88,North,Bank Transfer,Web,4,6
ORD003915,2024-01-07,CUST01341,Sports,Tennis Racket,649.01,5,0.2,2596.04,Central,Credit Card,Web,4,5
ORD003916,2024-01-18,CUST01518,Electronics,Smartphone,364.11,1,0,364.11,North,Credit Card,In-Store,4,7
ORD003917,2024-12-02,CUST01643,Clothing,Jacket,144.01,5,0.15,612.04,Central,Bank Transfer,Web,5,11
ORD003918,2024-07-29,CUST01165,Clothing,T-Shirt,118.91,1,0,118.91,East,Mobile Money,Web,5,3
ORD003919,2024-08-17,CUST01589,Electronics,Smartphone,1373.26,3,0.05,3913.79,East,Debit Card,Web,5,3
ORD003920,2024-03-22,CUST01676,Home,Toaster,216.62,2,0.05,411.58,East,Bank Transfer,In-Store,2,10
ORD003921,2024-01-03,CUST00305,Home,Toaster,43.82,2,0.05,83.26,North,Debit Card,Mobile App,5,2
ORD003922,2024-06-30,CUST01847,Home,Pillow,181.6,4,0.15,617.44,North,Mobile Money,Phone,5,6
ORD003923,2024-05-26,CUST01278,Books,Cookbook,39.74,2,0,79.48,East,Credit Card,In-Store,5,4
ORD003924,2024-11-28,CUST00555,Sports,Tennis Racket,546.82,4,0,2187.28,East,Credit Card,Phone,2,3
ORD003925,2024-03-06,CUST00048,Sports,Yoga Mat,168.22,2,0.2,269.15,West,Debit Card,In-Store,5,12
ORD003926,2024-07-30,CUST00446,Sports,Dumbbell,320.73,1,0,320.73,Central,PayPal,In-Store,2,8
ORD003927,2024-01-07,CUST01752,Home,Table,224.47,1,0.1,202.02,Central,Debit Card,Mobile App,4,5
ORD003928,2024-05-22,CUST01384,Electronics,Smartwatch,367.91,3,0.15,938.17,West,Bank Transfer,In-Store,5,10
ORD003929,2024-08-09,CUST00764,Sports,Tennis Racket,117.49,2,0,234.98,West,Bank Transfer,Mobile App,4,3
ORD003930,2024-03-13,CUST00893,Home,Pillow,367.42,4,0.2,1175.74,South,Debit Card,Mobile App,5,7
ORD003931,2024-06-23,CUST00521,Sports,Basketball,84.67,2,0.05,160.87,North,Bank Transfer,Mobile App,3,10
ORD003932,2024-11-21,CUST01711,Sports,Bicycle,607.02,3,0,1821.06,Central,Credit Card,Mobile App,5,13
ORD003933,2024-02-11,CUST00055,Clothing,Hat,12.48,4,0.05,47.42,West,Debit Card,In-Store,4,6
ORD003934,2024-05-16,CUST01592,Electronics,Smartphone,1135.91,5,0,5679.55,East,Debit Card,In-Store,4,2
ORD003935,2024-04-21,CUST00489,Home,Pillow,109.98,1,0,109.98,North,Bank Transfer,Phone,3,14
ORD003936,2024-08-04,CUST01966,Books,Biography,52.12,1,0.05,49.51,East,Mobile Money,Phone,4,11
ORD003937,2024-12-04,CUST00605,Clothing,T-Shirt,109.74,1,0,109.74,North,Bank Transfer,Mobile App,5,9
ORD003938,2024-07-20,CUST00174,Home,Chair,300.55,5,0,1502.75,Central,Mobile Money,Phone,1,12
ORD003939,2024-05-24,CUST00665,Books,Cookbook,46.41,2,0,92.82,South,Bank Transfer,Mobile App,2,10
ORD003940,2024-09-09,CUST01577,Clothing,Jeans,46.91,3,0.2,112.58,South,Mobile Money,Phone,5,5
ORD003941,2024-02-24,CUST01068,Home,Blender,274.66,1,0,274.66,Central,PayPal,Mobile App,4,2
ORD003942,2024-04-26,CUST00389,Electronics,Tablet,813.18,4,0,3252.72,Central,Debit Card,Phone,5,12
ORD003943,2024-06-01,CUST01606,Sports,Dumbbell,442.78,5,0.2,1771.12,North,PayPal,Phone,4,6
ORD003944,2024-10-31,CUST01542,Sports,Tennis Racket,212.34,5,0.2,849.36,West,Credit Card,Phone,4,10
ORD003945,2024-05-03,CUST01309,Clothing,Socks,92.56,5,0,462.8,North,Debit Card,In-Store,2,5
ORD003946,2024-05-28,CUST00912,Books,Novel,51.87,4,0.1,186.73,West,Bank Transfer,Web,4,9
ORD003947,2024-07-31,CUST00161,Sports,Tennis Racket,634.17,2,0.15,1078.09,South,Bank Transfer,In-Store,5,10
ORD003948,2024-12-26,CUST00236,Home,Pillow,141.29,5,0,706.45,Central,PayPal,Phone,5,3
ORD003949,2024-11-12,CUST00438,Clothing,Socks,56.51,1,0,56.51,West,Mobile Money,Phone,3,3
ORD003950,2024-06-29,CUST01966,Books,Guide,15.82,5,0.05,75.14,Central,Bank Transfer,Phone,3,11
ORD003951,2024-11-17,CUST01660,Books,Cookbook,9.72,4,0.1,34.99,South,Credit Card,Web,4,9
ORD003952,2024-05-10,CUST01674,Electronics,Laptop,1194.04,1,0.15,1014.93,West,Mobile Money,Web,4,7
ORD003953,2024-10-27,CUST00519,Clothing,Jacket,22.01,4,0,88.04,Central,Credit Card,Phone,3,8
ORD003954,2024-09-18,CUST01461,Electronics,Camera,1061.06,1,0.15,901.9,East,PayPal,Phone,2,3
ORD003955,2024-12-10,CUST00601,Home,Chair,268.7,4,0.2,859.84,Central,Mobile Money,Phone,5,6
ORD003956,2024-01-23,CUST00708,Clothing,Hat,51.64,5,0,258.2,North,Mobile Money,Web,5,10
ORD003957,2024-11-30,CUST01864,Books,Textbook,45.86,1,0,45.86,East,Debit Card,Mobile App,3,6
ORD003958,2024-09-04,CUST00436,Clothing,Sneakers,74.86,4,0.15,254.52,East,Debit Card,Phone,5,13
ORD003959,2024-04-15,CUST00019,Home,Toaster,343.87,3,0,1031.61,East,Bank Transfer,Phone,4,10
ORD003960,2024-11-18,CUST01286,Electronics,Tablet,51.46,4,0,205.84,South,Bank Transfer,Web,5,13
ORD003961,2024-01-19,CUST00542,Books,Novel,56.72,5,0.1,255.24,West,Mobile Money,Phone,4,10
ORD003962,2024-02-16,CUST01538,Books,Guide,20.01,2,0.2,32.02,South,PayPal,Mobile App,5,6
ORD003963,2024-01-26,CUST00714,Books,Biography,32.52,2,0.2,52.03,South,Mobile Money,In-Store,4,12
ORD003964,2024-07-13,CUST00656,Clothing,Jacket,55.63,4,0.15,189.14,North,Mobile Money,Web,5,12
ORD003965,2024-04-24,CUST00610,Electronics,Camera,773.87,5,0.15,3288.95,West,Mobile Money,In-Store,5,12
ORD003966,2024-12-14,CUST00534,Books,Guide,42.31,1,0,42.31,Central,Bank Transfer,Mobile App,4,11
ORD003967,2024-10-20,CUST01763,Books,Guide,56.26,1,0.2,45.01,West,PayPal,Phone,5,12
ORD003968,2024-06-12,CUST01240,Home,Table,100.84,1,0.1,90.76,East,Mobile Money,Phone,2,4
ORD003969,2024-03-15,CUST00242,Electronics,Laptop,995.32,2,0.05,1891.11,North,PayPal,Web,5,7
ORD003970,2024-12-30,CUST00114,Home,Lamp,186.45,4,0.2,596.64,East,Bank Transfer,Web,5,2
ORD003971,2024-12-18,CUST01534,Clothing,Socks,101.57,2,0.2,162.51,South,Bank Transfer,Phone,5,6
ORD003972,2024-10-31,CUST01535,Clothing,Sneakers,139.07,2,0.2,222.51,Central,Mobile Money,Phone,4,8
ORD003973,2024-09-21,CUST01463,Books,Guide,8.37,3,0,25.11,North,Mobile Money,Web,4,3
ORD003974,2024-06-15,CUST01125,Sports,Tennis Racket,319.66,5,0,1598.3,South,Mobile Money,Web,3,1
ORD003975,2024-03-06,CUST01172,Clothing,Hat,44.62,1,0,44.62,South,Mobile Money,In-Store,4,7
ORD003976,2024-10-06,CUST00589,Electronics,Smartphone,143.29,4,0.2,458.53,North,PayPal,Phone,5,8
ORD003977,2024-09-26,CUST01435,Electronics,Camera,246.34,5,0,1231.7,East,Credit Card,In-Store,3,13
ORD003978,2024-10-12,CUST00318,Books,Novel,31.01,3,0,93.03,South,PayPal,In-Store,4,3
ORD003979,2024-08-11,CUST01606,Sports,Yoga Mat,453.97,1,0.2,363.18,South,Debit Card,Mobile App,4,10
ORD003980,2024-08-12,CUST01020,Clothing,Jeans,59.95,2,0.1,107.91,North,PayPal,Mobile App,4,6
ORD003981,2024-07-29,CUST00635,Sports,Bicycle,339.75,4,0,1359.0,West,PayPal,Phone,4,5
ORD003982,2024-05-05,CUST00021,Home,Table,28.02,2,0.1,50.44,North,Bank Transfer,In-Store,2,12
ORD003983,2024-06-10,CUST00636,Electronics,Smartwatch,842.18,5,0.05,4000.36,East,Credit Card,In-Store,4,9
ORD003984,2024-02-25,CUST01853,Electronics,Camera,67.37,5,0,336.85,Central,Mobile Money,Phone,1,10
ORD003985,2024-10-28,CUST01089,Books,Comic,18.95,4,0,75.8,Central,Mobile Money,Phone,3,4
ORD003986,2024-04-22,CUST01674,Books,Guide,21.26,3,0,63.78,West,Mobile Money,In-Store,3,12
ORD003987,2024-10-22,CUST00303,Sports,Dumbbell,779.77,2,0.05,1481.56,South,Mobile Money,Mobile App,5,9
ORD003988,2024-04-02,CUST00595,Electronics,Smartwatch,1391.06,3,0,4173.18,South,Bank Transfer,Phone,3,4
ORD003989,2024-11-03,CUST00655,Home,Table,34.36,2,0,68.72,North,PayPal,Phone,3,3
ORD003990,2024-03-24,CUST00553,Books,Novel,39.34,5,0.05,186.86,East,Bank Transfer,Phone,4,8
ORD003991,2024-06-11,CUST01243,Clothing,Sneakers,62.87,5,0.1,282.92,Central,Credit Card,Phone,4,13
ORD003992,2024-08-11,CUST01258,Home,Blender,391.14,2,0.05,743.17,West,Bank Transfer,In-Store,4,9
ORD003993,2024-12-14,CUST01341,Books,Comic,32.83,5,0.15,139.53,East,Mobile Money,Web,4,4
ORD003994,2024-05-15,CUST01481,Electronics,Camera,937.51,3,0,2812.53,Central,Mobile Money,Web,5,7
ORD003995,2024-05-08,CUST00990,Clothing,Hat,54.82,3,0.05,156.24,East,Debit Card,Phone,4,11
ORD003996,2024-09-20,CUST00757,Clothing,T-Shirt,29.82,5,0,149.1,West,Credit Card,Web,4,9
ORD003997,2024-10-30,CUST01102,Sports,Tennis Racket,385.88,3,0.05,1099.76,South,Debit Card,Mobile App,5,14
ORD003998,2024-06-14,CUST00655,Sports,Football,518.62,1,0,518.62,East,PayPal,Web,4,8
ORD003999,2024-01-17,CUST01162,Clothing,Sneakers,55.09,3,0,165.27,North,Bank Transfer,Mobile App,3,5
ORD004000,2024-12-02,CUST00962,Home,Chair,126.82,2,0.2,202.91,North,Debit Card,Mobile App,5,10
ORD004001,2024-07-27,CUST00415,Clothing,Jeans,141.28,1,0.2,113.02,East,Debit Card,In-Store,4,10
ORD004002,2024-10-04,CUST00811,Books,Comic,56.3,5,0.15,239.27,South,Bank Transfer,Mobile App,2,12
ORD004003,2024-09-07,CUST01565,Electronics,Smartwatch,634.84,1,0.1,571.36,East,Mobile Money,Mobile App,4,13
ORD004004,2024-01-25,CUST00961,Books,Textbook,30.58,4,0,122.32,West,Debit Card,Mobile App,4,14
ORD004005,2024-12-02,CUST01022,Books,Biography,27.66,5,0.05,131.38,Central,PayPal,In-Store,4,1
ORD004006,2024-12-04,CUST01443,Electronics,Camera,981.75,3,0,2945.25,South,Bank Transfer,Phone,1,3
ORD004007,2024-02-11,CUST00905,Sports,Bicycle,791.88,1,0.15,673.1,Central,Debit Card,Mobile App,2,12
ORD004008,2024-03-22,CUST00791,Clothing,Sneakers,59.8,4,0.1,215.28,South,Credit Card,In-Store,3,10
ORD004009,2024-09-12,CUST00940,Home,Pillow,45.19,3,0.05,128.79,West,PayPal,Mobile App,2,10
ORD004010,2024-05-22,CUST00647,Sports,Bicycle,757.57,4,0,3030.28,Central,Credit Card,Phone,5,11
ORD004011,2024-09-10,CUST00646,Electronics,Smartwatch,1023.32,3,0,3069.96,South,Bank Transfer,Web,3,6
ORD004012,2024-09-01,CUST01069,Clothing,Socks,64.86,5,0.15,275.65,South,Bank Transfer,In-Store,3,1
ORD004013,2024-02-12,CUST01746,Books,Guide,43.4,1,0,43.4,North,Mobile Money,Phone,5,8
ORD004014,2024-06-11,CUST00497,Clothing,T-Shirt,119.13,5,0,595.65,Central,Mobile Money,Web,4,14
ORD004015,2024-04-24,CUST01797,Clothing,Sneakers,131.11,5,0,655.55,Central,Debit Card,Web,4,5
ORD004016,2024-02-22,CUST00006,Sports,Basketball,261.94,2,0.05,497.69,West,Debit Card,Web,4,14
ORD004017,2024-10-13,CUST01887,Sports,Yoga Mat,433.94,1,0.05,412.24,Central,Debit Card,Phone,3,13
ORD004018,2024-10-01,CUST00689,Sports,Football,350.24,2,0,700.48,West,Credit Card,Phone,4,8
ORD004019,2024-07-01,CUST00499,Books,Comic,59.76,3,0.1,161.35,East,PayPal,Web,4,13
ORD004020,2024-12-03,CUST00025,Electronics,Tablet,1417.99,4,0.05,5388.36,East,Credit Card,Mobile App,2,6
ORD004021,2024-02-03,CUST01108,Sports,Bicycle,499.58,5,0.1,2248.11,East,PayPal,Phone,1,3
ORD004022,2024-07-03,CUST01289,Clothing,Jacket,77.82,3,0.2,186.77,South,Credit Card,Web,5,3
ORD004023,2024-07-08,CUST00957,Home,Lamp,21.32,3,0,63.96,East,Bank Transfer,Mobile App,2,2
ORD004024,2024-12-14,CUST00177,Books,Biography,5.76,1,0.05,5.47,East,PayPal,Phone,5,7
ORD004025,2024-05-21,CUST01341,Electronics,Smartphone,989.46,1,0.15,841.04,East,Credit Card,Web,5,1
ORD004026,2024-10-10,CUST00267,Home,Table,227.52,1,0.15,193.39,West,Credit Card,Phone,5,14
ORD004027,2024-11-06,CUST01278,Sports,Tennis Racket,551.78,4,0,2207.12,South,PayPal,Phone,5,11
ORD004028,2024-12-13,CUST01343,Home,Pillow,282.96,5,0,1414.8,West,Debit Card,Mobile App,3,7
ORD004029,2024-07-04,CUST01045,Home,Blender,68.94,2,0,137.88,North,Mobile Money,Web,3,9
ORD004030,2024-11-25,CUST00534,Clothing,Jeans,58.93,3,0.2,141.43,East,Bank Transfer,Phone,5,7
ORD004031,2024-01-18,CUST00434,Clothing,Socks,95.05,1,0.15,80.79,Central,Bank Transfer,Web,4,5
ORD004032,2024-11-19,CUST00648,Sports,Tennis Racket,643.25,4,0.05,2444.35,North,PayPal,Web,3,11
ORD004033,2024-10-16,CUST01936,Sports,Dumbbell,105.4,4,0,421.6,West,Debit Card,Web,4,8
ORD004034,2024-07-27,CUST01866,Electronics,Smartwatch,776.57,1,0.05,737.74,Central,Credit Card,Mobile App,5,1
ORD004035,2024-02-25,CUST01126,Clothing,Socks,86.38,4,0.1,310.97,North,PayPal,Web,4,2
ORD004036,2024-03-19,CUST00475,Books,Comic,22.9,4,0.05,87.02,North,Debit Card,In-Store,4,4
ORD004037,2024-09-13,CUST00353,Books,Novel,12.0,4,0.1,43.2,South,Bank Transfer,In-Store,4,8
ORD004038,2024-10-11,CUST01156,Sports,Yoga Mat,400.86,3,0,1202.58,Central,Bank Transfer,Phone,2,2
ORD004039,2024-06-21,CUST00193,Books,Textbook,40.86,1,0.2,32.69,West,Credit Card,In-Store,5,3
ORD004040,2024-02-14,CUST00682,Books,Novel,19.58,3,0.05,55.8,North,PayPal,In-Store,5,13
ORD004041,2024-06-25,CUST01025,Electronics,Tablet,318.77,3,0,956.31,South,Bank Transfer,Phone,4,12
ORD004042,2024-02-14,CUST01719,Sports,Yoga Mat,588.15,3,0,1764.45,Central,Credit Card,Mobile App,4,12
ORD004043,2024-09-05,CUST00277,Books,Cookbook,7.45,5,0.1,33.52,North,Bank Transfer,Mobile App,5,13
ORD004044,2024-06-15,CUST00640,Sports,Basketball,366.51,5,0.05,1740.92,South,Mobile Money,Phone,5,1
ORD004045,2024-08-11,CUST01563,Books,Comic,41.29,1,0,41.29,East,Credit Card,Mobile App,3,7
ORD004046,2024-06-15,CUST00790,Electronics,Smartphone,560.84,3,0,1682.52,North,Bank Transfer,Mobile App,4,3
ORD004047,2024-09-30,CUST00252,Books,Guide,13.38,1,0,13.38,East,PayPal,Web,3,14
ORD004048,2024-11-17,CUST00290,Electronics,Smartwatch,1017.17,3,0,3051.51,West,PayPal,Web,4,6
ORD004049,2024-05-20,CUST01077,Books,Cookbook,32.68,1,0.1,29.41,South,Credit Card,Phone,4,3
ORD004050,2024-06-06,CUST01360,Books,Novel,13.32,2,0,26.64,South,Bank Transfer,Mobile App,1,8
ORD004051,2024-07-27,CUST00925,Sports,Football,591.98,2,0,1183.96,South,Debit Card,Mobile App,4,7
ORD004052,2024-05-29,CUST01259,Clothing,Sneakers,72.6,4,0.05,275.88,East,Bank Transfer,Web,4,10
ORD004053,2024-12-27,CUST00603,Home,Blender,221.91,4,0.15,754.49,Central,Debit Card,In-Store,5,5
ORD004054,2024-08-01,CUST01305,Sports,Tennis Racket,171.23,1,0,171.23,West,Debit Card,Phone,4,7
ORD004055,2024-12-17,CUST00829,Sports,Yoga Mat,573.27,5,0,2866.35,West,Mobile Money,Mobile App,3,13
ORD004056,2024-12-30,CUST01791,Clothing,T-Shirt,36.79,4,0,147.16,North,Mobile Money,Phone,5,10
ORD004057,2024-10-10,CUST00454,Electronics,Tablet,402.82,1,0,402.82,South,Debit Card,Web,4,11
ORD004058,2024-01-09,CUST00825,Home,Pillow,377.44,1,0.1,339.7,East,Bank Transfer,Web,2,3
ORD004059,2024-03-02,CUST00455,Clothing,Sneakers,28.92,1,0.2,23.14,Central,Bank Transfer,In-Store,5,4
ORD004060,2024-09-04,CUST00194,Electronics,Laptop,562.74,2,0.1,1012.93,East,Mobile Money,Mobile App,4,5
ORD004061,2024-12-10,CUST00874,Electronics,Tablet,890.71,1,0,890.71,North,Bank Transfer,Phone,4,14
ORD004062,2024-05-28,CUST01947,Clothing,Jeans,110.2,3,0,330.6,South,Mobile Money,Mobile App,4,13
ORD004063,2024-11-23,CUST00297,Clothing,Jacket,130.8,4,0.1,470.88,East,Credit Card,Mobile App,4,14
ORD004064,2024-01-23,CUST00257,Books,Guide,10.46,2,0,20.92,North,Credit Card,In-Store,5,1
ORD004065,2024-09-11,CUST00037,Electronics,Tablet,1306.35,5,0.1,5878.57,West,Debit Card,Web,5,1
ORD004066,2024-08-04,CUST00857,Sports,Tennis Racket,392.54,3,0,1177.62,East,Credit Card,Mobile App,4,7
ORD004067,2024-12-10,CUST00233,Sports,Football,614.98,5,0.2,2459.92,East,Credit Card,Phone,5,4
ORD004068,2024-05-23,CUST01185,Books,Textbook,7.97,4,0,31.88,North,Debit Card,Web,5,10
ORD004069,2024-12-06,CUST00815,Clothing,T-Shirt,137.88,3,0.2,330.91,North,Mobile Money,Web,5,11
ORD004070,2024-09-19,CUST01829,Clothing,Socks,141.0,4,0,564.0,West,Bank Transfer,Mobile App,5,2
ORD004071,2024-06-18,CUST00313,Clothing,Jeans,74.66,5,0,373.3,Central,Debit Card,Mobile App,5,3
ORD004072,2024-06-16,CUST00230,Sports,Dumbbell,543.08,2,0.2,868.93,East,Bank Transfer,Mobile App,4,9
ORD004073,2024-04-30,CUST01037,Home,Blender,311.78,3,0,935.34,Central,Mobile Money,In-Store,4,6
ORD004074,2024-08-31,CUST01703,Sports,Yoga Mat,374.53,1,0,374.53,Central,Debit Card,In-Store,5,13
ORD004075,2024-09-24,CUST01725,Books,Textbook,26.99,5,0.2,107.96,East,PayPal,In-Store,4,11
ORD004076,2024-05-04,CUST00740,Electronics,Tablet,1255.79,3,0.1,3390.63,North,Credit Card,Phone,4,12
ORD004077,2024-04-06,CUST01617,Books,Novel,38.94,1,0.15,33.1,South,Credit Card,Web,3,13
ORD004078,2024-05-24,CUST00485,Clothing,Jacket,148.79,5,0,743.95,North,PayPal,Phone,3,10
ORD004079,2024-06-08,CUST00186,Books,Comic,6.01,1,0,6.01,Central,Debit Card,Mobile App,4,6
ORD004080,2024-03-30,CUST00785,Clothing,T-Shirt,128.89,4,0,515.56,North,Bank Transfer,Mobile App,5,2
ORD004081,2024-04-26,CUST00777,Books,Guide,20.2,4,0.05,76.76,North,PayPal,Web,3,9
ORD004082,2024-02-13,CUST00248,Clothing,Jeans,24.76,1,0.05,23.52,Central,Bank Transfer,In-Store,4,6
ORD004083,2024-02-26,CUST01305,Books,Guide,18.75,3,0.2,45.0,Central,PayPal,Web,5,9
ORD004084,2024-06-19,CUST00904,Electronics,Smartwatch,1349.18,1,0,1349.18,South,PayPal,Mobile App,4,13
ORD004085,2024-08-29,CUST00489,Books,Textbook,25.06,3,0,75.18,East,Debit Card,In-Store,5,2
ORD004086,2024-04-05,CUST01992,Clothing,Socks,142.33,2,0.15,241.96,Central,Mobile Money,Phone,5,2
ORD004087,2024-03-27,CUST00344,Electronics,Headphones,650.61,4,0,2602.44,South,PayPal,Phone,3,8
ORD004088,2024-01-23,CUST00176,Books,Comic,9.46,3,0.1,25.54,West,PayPal,Mobile App,4,3
ORD004089,2024-09-09,CUST01388,Clothing,Socks,79.44,5,0.1,357.48,East,Debit Card,Phone,4,2
ORD004090,2024-12-26,CUST01894,Home,Toaster,193.87,5,0.1,872.41,Central,Bank Transfer,Web,5,7
ORD004091,2024-02-28,CUST00529,Sports,Basketball,96.93,1,0,96.93,South,PayPal,Web,2,3
ORD004092,2024-06-05,CUST00901,Home,Pillow,325.3,3,0,975.9,South,Credit Card,Mobile App,5,8
ORD004093,2024-10-20,CUST00002,Electronics,Camera,731.45,3,0,2194.35,West,Mobile Money,In-Store,5,5
ORD004094,2024-01-03,CUST00016,Home,Pillow,35.6,3,0.05,101.46,North,Credit Card,Phone,3,7
ORD004095,2024-11-28,CUST00233,Electronics,Headphones,91.94,1,0,91.94,North,Debit Card,Phone,5,4
ORD004096,2024-11-28,CUST00333,Sports,Basketball,688.53,5,0.15,2926.25,North,Debit Card,In-Store,3,8
ORD004097,2024-01-07,CUST01167,Sports,Dumbbell,298.97,4,0,1195.88,North,PayPal,In-Store,1,14
ORD004098,2024-03-17,CUST00154,Clothing,Sneakers,111.19,4,0.1,400.28,North,Mobile Money,In-Store,5,4
ORD004099,2024-03-03,CUST00969,Home,Pillow,81.42,1,0.2,65.14,East,PayPal,Phone,4,7
ORD004100,2024-03-05,CUST01727,Clothing,Jacket,137.34,5,0,686.7,North,Mobile Money,In-Store,3,3
ORD004101,2024-07-23,CUST01062,Electronics,Laptop,662.96,5,0,3314.8,Central,PayPal,Web,2,11
ORD004102,2024-08-04,CUST00301,Home,Toaster,72.29,3,0.15,184.34,North,Mobile Money,In-Store,5,7
ORD004103,2024-08-09,CUST00554,Home,Table,87.51,2,0,175.02,Central,PayPal,Web,5,7
ORD004104,2024-02-19,CUST00437,Electronics,Tablet,986.08,3,0,2958.24,West,Credit Card,Mobile App,4,11
ORD004105,2024-02-23,CUST00025,Home,Pillow,178.74,2,0.15,303.86,West,Bank Transfer,Web,5,11
ORD004106,2024-07-11,CUST01142,Books,Cookbook,28.55,3,0.05,81.37,Central,Debit Card,Web,2,5
ORD004107,2024-05-25,CUST01716,Electronics,Camera,1026.84,3,0.15,2618.44,West,Debit Card,Mobile App,5,5
ORD004108,2024-05-07,CUST01235,Clothing,Jacket,148.0,5,0.05,703.0,West,Credit Card,Web,4,11
ORD004109,2024-07-04,CUST00157,Books,Cookbook,47.45,2,0.2,75.92,West,PayPal,Web,5,5
ORD004110,2024-02-29,CUST01273,Electronics,Smartwatch,360.69,1,0,360.69,West,Bank Transfer,Phone,4,5
ORD004111,2024-01-11,CUST01614,Electronics,Camera,949.22,2,0.1,1708.6,East,Credit Card,In-Store,3,8
ORD004112,2024-08-16,CUST00800,Sports,Basketball,411.71,5,0,2058.55,West,Bank Transfer,Web,5,7
ORD004113,2024-03-29,CUST00873,Clothing,Socks,133.03,5,0.15,565.38,North,Credit Card,In-Store,4,14
ORD004114,2024-09-06,CUST01827,Home,Lamp,327.81,4,0,1311.24,Central,Credit Card,Web,4,7
ORD004115,2024-12-07,CUST00943,Sports,Basketball,89.44,1,0,89.44,Central,PayPal,Mobile App,5,9
ORD004116,2024-06-17,CUST01021,Clothing,Jeans,39.35,1,0,39.35,South,PayPal,Web,4,14
ORD004117,2024-08-05,CUST00944,Clothing,Hat,129.18,4,0,516.72,North,PayPal,Web,3,4
ORD004118,2024-03-14,CUST01333,Home,Chair,206.27,4,0,825.08,West,Debit Card,Phone,3,14
ORD004119,2024-06-07,CUST00025,Home,Chair,364.66,1,0.15,309.96,Central,PayPal,Mobile App,5,1
ORD004120,2024-02-27,CUST01041,Books,Cookbook,18.12,4,0,72.48,West,Credit Card,In-Store,4,3
ORD004121,2024-03-10,CUST01735,Home,Lamp,391.35,3,0.1,1056.64,East,Debit Card,Web,4,14
ORD004122,2024-09-10,CUST01982,Sports,Yoga Mat,299.94,5,0.05,1424.72,Central,Debit Card,Phone,4,5
ORD004123,2024-08-20,CUST01067,Clothing,Sneakers,39.52,5,0,197.6,North,Mobile Money,Web,2,3
ORD004124,2024-02-22,CUST01304,Sports,Basketball,86.35,3,0,259.05,North,Debit Card,Mobile App,4,1
ORD004125,2024-12-12,CUST01779,Electronics,Laptop,739.36,2,0,1478.72,East,Mobile Money,In-Store,1,9
ORD004126,2024-04-18,CUST01494,Home,Pillow,296.7,1,0,296.7,South,Debit Card,Mobile App,2,14
ORD004127,2024-06-13,CUST01762,Clothing,T-Shirt,88.08,2,0.1,158.54,West,Credit Card,In-Store,5,4
ORD004128,2024-06-29,CUST00901,Sports,Football,213.87,1,0.1,192.48,Central,Debit Card,Phone,4,10
ORD004129,2024-10-10,CUST00770,Clothing,T-Shirt,41.53,1,0.05,39.45,North,Bank Transfer,Web,3,10
ORD004130,2024-11-15,CUST01896,Sports,Basketball,368.17,3,0,1104.51,West,Bank Transfer,In-Store,3,5
ORD004131,2024-01-02,CUST01307,Sports,Tennis Racket,456.11,2,0.1,821.0,East,Mobile Money,Mobile App,3,9
ORD004132,2024-02-01,CUST01178,Electronics,Laptop,373.83,2,0.05,710.28,East,Mobile Money,Mobile App,4,5
ORD004133,2024-09-06,CUST00032,Home,Table,133.81,4,0.2,428.19,North,PayPal,Mobile App,5,6
ORD004134,2024-04-14,CUST01131,Home,Pillow,378.18,5,0,1890.9,North,Credit Card,Web,5,11
ORD004135,2024-06-13,CUST01906,Sports,Basketball,460.43,2,0.1,828.77,South,Bank Transfer,In-Store,2,8
ORD004136,2024-09-20,CUST00726,Books,Cookbook,58.64,2,0,117.28,South,Mobile Money,Web,4,6
ORD004137,2024-01-18,CUST00034,Books,Comic,10.52,2,0,21.04,West,Mobile Money,Phone,4,11
ORD004138,2024-04-29,CUST01174,Books,Novel,40.45,4,0,161.8,North,Mobile Money,Web,2,2
ORD004139,2024-10-31,CUST00421,Sports,Yoga Mat,282.83,2,0,565.66,North,Debit Card,In-Store,3,11
ORD004140,2024-08-26,CUST01942,Electronics,Smartphone,757.12,5,0,3785.6,South,Mobile Money,Mobile App,1,1
ORD004141,2024-01-27,CUST00588,Books,Novel,49.59,5,0,247.95,East,Bank Transfer,Mobile App,5,1
ORD004142,2024-05-18,CUST01419,Books,Textbook,49.35,4,0,197.4,East,Debit Card,In-Store,4,7
ORD004143,2024-07-03,CUST01887,Sports,Yoga Mat,746.71,2,0,1493.42,East,Credit Card,Phone,5,6
ORD004144,2024-04-22,CUST01875,Clothing,Hat,102.48,1,0,102.48,West,Bank Transfer,Web,4,3
ORD004145,2024-06-25,CUST01665,Electronics,Headphones,1480.59,1,0.1,1332.53,Central,Credit Card,Mobile App,4,6
ORD004146,2024-10-18,CUST01643,Home,Lamp,369.35,5,0,1846.75,West,Bank Transfer,In-Store,4,5
ORD004147,2024-12-22,CUST01598,Home,Blender,140.76,4,0.15,478.58,North,Mobile Money,In-Store,5,5
ORD004148,2024-11-21,CUST00174,Clothing,T-Shirt,145.76,3,0,437.28,East,PayPal,Phone,4,8
ORD004149,2024-02-29,CUST01323,Home,Lamp,232.13,2,0,464.26,West,PayPal,Mobile App,5,1
ORD004150,2024-11-17,CUST01789,Electronics,Laptop,374.91,3,0.2,899.78,North,PayPal,Web,3,7
ORD004151,2024-05-19,CUST00736,Books,Novel,36.4,3,0.2,87.36,East,Bank Transfer,In-Store,5,1
ORD004152,2024-01-12,CUST00845,Electronics,Laptop,108.29,3,0,324.87,East,PayPal,In-Store,3,10
ORD004153,2024-10-01,CUST00719,Books,Biography,34.06,2,0,68.12,South,PayPal,Phone,5,1
ORD004154,2024-05-24,CUST00276,Home,Toaster,238.67,2,0.2,381.87,East,Mobile Money,Phone,5,1
ORD004155,2024-06-18,CUST00183,Electronics,Smartphone,819.0,4,0.1,2948.4,Central,Credit Card,Mobile App,5,11
ORD004156,2024-10-12,CUST00754,Electronics,Headphones,561.71,3,0,1685.13,Central,PayPal,Web,4,5
ORD004157,2024-02-06,CUST00526,Clothing,T-Shirt,57.35,1,0.05,54.48,North,Mobile Money,In-Store,5,8
ORD004158,2024-02-21,CUST01415,Books,Guide,41.37,2,0.2,66.19,South,Debit Card,Mobile App,5,2
ORD004159,2024-07-04,CUST00770,Sports,Dumbbell,333.56,1,0,333.56,North,Mobile Money,In-Store,3,5
ORD004160,2024-11-25,CUST01849,Home,Blender,243.58,3,0,730.74,South,PayPal,In-Store,4,2
ORD004161,2024-02-15,CUST01629,Sports,Basketball,164.47,1,0.2,131.58,South,Mobile Money,Mobile App,5,5
ORD004162,2024-12-29,CUST01185,Home,Blender,374.41,5,0.2,1497.64,West,PayPal,Web,4,12
ORD004163,2024-01-11,CUST01177,Home,Table,388.99,5,0,1944.95,East,Mobile Money,In-Store,5,14
ORD004164,2024-10-23,CUST01534,Sports,Yoga Mat,719.69,2,0.2,1151.5,East,Bank Transfer,Phone,4,9
ORD004165,2024-07-22,CUST01380,Electronics,Camera,1438.47,2,0.05,2733.09,West,Mobile Money,In-Store,4,14
ORD004166,2024-01-24,CUST00562,Sports,Dumbbell,741.68,4,0.1,2670.05,South,PayPal,Web,3,10
ORD004167,2024-10-02,CUST00628,Electronics,Smartwatch,709.14,4,0,2836.56,West,Mobile Money,Phone,4,7
ORD004168,2024-11-08,CUST00247,Books,Guide,57.27,1,0.15,48.68,Central,Debit Card,In-Store,3,3
ORD004169,2024-11-28,CUST00232,Books,Comic,11.94,5,0.15,50.75,West,Mobile Money,Phone,5,14
ORD004170,2024-08-17,CUST00240,Electronics,Smartwatch,1200.65,4,0.2,3842.08,North,PayPal,Phone,4,12
ORD004171,2024-01-24,CUST01753,Clothing,Socks,92.77,4,0.05,352.53,East,Mobile Money,Phone,4,8
ORD004172,2024-08-27,CUST00114,Electronics,Tablet,99.37,4,0.2,317.98,South,PayPal,Web,5,12
ORD004173,2024-11-12,CUST01311,Electronics,Tablet,584.37,3,0,1753.11,Central,Bank Transfer,In-Store,3,8
ORD004174,2024-05-12,CUST00548,Home,Chair,157.53,2,0.05,299.31,Central,PayPal,In-Store,5,6
ORD004175,2024-12-10,CUST00496,Home,Pillow,272.61,4,0.05,1035.92,East,PayPal,Mobile App,4,1
ORD004176,2024-01-06,CUST00329,Home,Lamp,399.88,3,0,1199.64,West,Mobile Money,Mobile App,4,9
ORD004177,2024-09-16,CUST01020,Clothing,Sneakers,64.47,3,0.15,164.4,North,Bank Transfer,In-Store,5,14
ORD004178,2024-07-25,CUST00840,Clothing,Socks,133.4,4,0.2,426.88,West,Bank Transfer,Web,2,13
ORD004179,2024-10-03,CUST01853,Clothing,Sneakers,70.93,3,0,212.79,Central,PayPal,Mobile App,3,12
ORD004180,2024-07-22,CUST00886,Home,Lamp,36.8,4,0.1,132.48,East,Debit Card,Phone,5,8
ORD004181,2024-09-08,CUST00590,Books,Guide,33.9,2,0,67.8,Central,Credit Card,Web,2,7
ORD004182,2024-12-17,CUST00356,Clothing,Socks,69.97,3,0,209.91,East,Bank Transfer,Mobile App,4,6
ORD004183,2024-08-06,CUST01086,Electronics,Laptop,612.89,1,0,612.89,North,Mobile Money,Mobile App,4,4
ORD004184,2024-02-02,CUST01545,Electronics,Headphones,1021.34,1,0.1,919.21,East,Bank Transfer,Web,3,3
ORD004185,2024-08-09,CUST01467,Clothing,Sneakers,51.95,2,0.2,83.12,South,PayPal,In-Store,5,2
ORD004186,2024-10-22,CUST01859,Sports,Football,90.42,4,0.15,307.43,Central,Bank Transfer,Web,5,2
ORD004187,2024-01-21,CUST00220,Clothing,Hat,128.59,4,0,514.36,Central,Debit Card,Phone,3,10
ORD004188,2024-06-27,CUST00169,Electronics,Tablet,680.24,3,0.1,1836.65,South,Credit Card,Mobile App,2,14
ORD004189,2024-11-04,CUST00886,Clothing,Hat,123.9,1,0,123.9,West,Bank Transfer,In-Store,5,3
ORD004190,2024-04-06,CUST00426,Clothing,Hat,142.64,3,0.2,342.34,West,PayPal,In-Store,5,3
ORD004191,2024-09-02,CUST01286,Sports,Tennis Racket,253.93,2,0.05,482.47,Central,PayPal,Web,3,12
ORD004192,2024-08-17,CUST00280,Clothing,T-Shirt,124.28,2,0.2,198.85,North,Mobile Money,Mobile App,5,14
ORD004193,2024-06-17,CUST00324,Electronics,Headphones,279.66,1,0.2,223.73,West,Mobile Money,Mobile App,5,5
ORD004194,2024-12-19,CUST00809,Home,Pillow,313.0,5,0,1565.0,Central,Mobile Money,Phone,4,10
ORD004195,2024-05-17,CUST00163,Clothing,Socks,81.43,5,0.1,366.43,South,Bank Transfer,Phone,5,8
ORD004196,2024-10-02,CUST01263,Clothing,Hat,78.26,3,0.05,223.04,North,Credit Card,In-Store,4,1
ORD004197,2024-07-12,CUST01961,Books,Biography,43.77,2,0.1,78.79,West,PayPal,Mobile App,5,14
ORD004198,2024-02-08,CUST00103,Home,Lamp,301.31,4,0,1205.24,South,Credit Card,In-Store,4,1
ORD004199,2024-02-22,CUST00276,Home,Lamp,286.18,1,0.05,271.87,Central,PayPal,Mobile App,4,13
ORD004200,2024-07-05,CUST01891,Clothing,Sneakers,17.87,2,0.05,33.95,North,PayPal,Phone,4,4
ORD004201,2024-07-08,CUST00130,Home,Table,26.54,5,0,132.7,North,Credit Card,Web,3,12
ORD004202,2024-04-25,CUST00188,Home,Toaster,131.33,4,0.05,499.05,South,Mobile Money,Web,5,12
ORD004203,2024-12-20,CUST01162,Electronics,Camera,1061.16,1,0.15,901.99,South,Credit Card,Phone,5,6
ORD004204,2024-04-04,CUST01446,Books,Novel,49.11,2,0,98.22,West,Debit Card,Phone,5,4
ORD004205,2024-01-03,CUST01805,Clothing,Hat,77.35,1,0,77.35,East,Bank Transfer,Mobile App,2,7
ORD004206,2024-03-21,CUST00327,Clothing,T-Shirt,125.79,5,0.1,566.05,East,Credit Card,Web,5,7
ORD004207,2024-12-20,CUST01898,Electronics,Smartphone,810.12,3,0,2430.36,West,Credit Card,Mobile App,4,11
ORD004208,2024-06-23,CUST00085,Home,Lamp,390.7,3,0,1172.1,East,Mobile Money,Web,4,2
ORD004209,2024-06-22,CUST01832,Sports,Bicycle,685.67,1,0,685.67,East,Debit Card,Web,2,12
ORD004210,2024-11-17,CUST01701,Electronics,Smartwatch,1418.41,5,0.2,5673.64,South,Mobile Money,Phone,5,10
ORD004211,2024-11-06,CUST00102,Clothing,Socks,130.74,4,0.05,496.81,East,PayPal,In-Store,4,7
ORD004212,2024-05-19,CUST00635,Clothing,Jacket,76.11,1,0.2,60.89,West,PayPal,Web,4,7
ORD004213,2024-02-26,CUST01557,Sports,Yoga Mat,537.08,5,0.05,2551.13,West,PayPal,In-Store,5,2
ORD004214,2024-02-29,CUST01143,Sports,Basketball,408.94,4,0,1635.76,North,Mobile Money,Web,3,6
ORD004215,2024-12-09,CUST00677,Sports,Football,758.86,5,0.05,3604.58,East,Mobile Money,Web,5,9
ORD004216,2024-06-15,CUST00538,Clothing,Sneakers,78.87,5,0.05,374.63,East,PayPal,Web,5,5
ORD004217,2024-03-15,CUST01012,Home,Pillow,67.9,3,0.2,162.96,North,Bank Transfer,Web,5,12
ORD004218,2024-08-12,CUST01348,Home,Lamp,39.95,1,0,39.95,West,Debit Card,Phone,4,9
ORD004219,2024-05-30,CUST00129,Home,Toaster,379.74,4,0,1518.96,West,Bank Transfer,Web,2,5
ORD004220,2024-10-02,CUST01339,Clothing,T-Shirt,72.34,4,0.15,245.96,North,Credit Card,Phone,3,9
ORD004221,2024-08-29,CUST01909,Electronics,Tablet,368.95,3,0.1,996.16,South,Bank Transfer,Phone,3,7
ORD004222,2024-05-08,CUST00941,Books,Guide,10.76,1,0,10.76,North,PayPal,Web,2,1
ORD004223,2024-02-26,CUST01100,Books,Biography,5.76,4,0,23.04,North,Credit Card,Phone,5,8
ORD004224,2024-07-04,CUST00211,Sports,Yoga Mat,159.64,3,0,478.92,Central,Mobile Money,Phone,4,8
ORD004225,2024-02-17,CUST00327,Electronics,Headphones,670.41,2,0.15,1139.7,South,Bank Transfer,Mobile App,5,5
ORD004226,2024-10-30,CUST00227,Sports,Football,221.98,1,0.15,188.68,East,Debit Card,Phone,5,3
ORD004227,2024-08-04,CUST00950,Home,Toaster,201.83,2,0,403.66,East,Credit Card,Web,5,3
ORD004228,2024-05-26,CUST01287,Electronics,Tablet,909.86,3,0.2,2183.66,West,Bank Transfer,Web,5,2
ORD004229,2024-07-26,CUST00125,Clothing,Socks,118.39,3,0.2,284.14,Central,Debit Card,Phone,5,2
ORD004230,2024-09-08,CUST00079,Electronics,Smartwatch,832.59,2,0,1665.18,North,Mobile Money,Mobile App,5,12
ORD004231,2024-02-01,CUST00762,Electronics,Camera,997.97,2,0.05,1896.14,East,Bank Transfer,In-Store,3,10
ORD004232,2024-02-09,CUST00847,Electronics,Tablet,228.71,4,0.05,869.1,South,Bank Transfer,Phone,4,13
ORD004233,2024-01-28,CUST00737,Home,Toaster,345.97,2,0.05,657.34,South,Mobile Money,Phone,2,4
ORD004234,2024-05-21,CUST01649,Clothing,T-Shirt,96.64,2,0,193.28,Central,Credit Card,Phone,4,10
ORD004235,2024-08-25,CUST01685,Home,Lamp,250.82,5,0.2,1003.28,Central,Mobile Money,Web,5,14
ORD004236,2024-01-29,CUST01311,Sports,Basketball,516.08,3,0,1548.24,North,Mobile Money,Phone,5,6
ORD004237,2024-12-30,CUST01619,Sports,Yoga Mat,421.91,2,0.2,675.06,Central,Debit Card,Web,5,13
ORD004238,2024-06-09,CUST01464,Electronics,Tablet,674.36,2,0.15,1146.41,West,Credit Card,Phone,5,1
ORD004239,2024-07-09,CUST00011,Books,Comic,36.09,2,0.05,68.57,East,PayPal,Phone,4,10
ORD004240,2024-10-10,CUST00119,Electronics,Camera,1254.0,3,0.15,3197.7,East,Mobile Money,Web,5,3
ORD004241,2024-08-21,CUST00755,Books,Guide,34.14,1,0,34.14,North,Debit Card,Web,4,11
ORD004242,2024-03-01,CUST01118,Electronics,Tablet,1385.64,1,0.2,1108.51,East,Mobile Money,In-Store,5,5
ORD004243,2024-01-01,CUST00369,Books,Textbook,54.66,5,0.2,218.64,West,PayPal,Web,5,7
ORD004244,2024-01-02,CUST00706,Clothing,Hat,33.05,3,0.2,79.32,East,Debit Card,Mobile App,5,1
ORD004245,2024-02-07,CUST00758,Home,Pillow,68.91,5,0,344.55,North,Credit Card,Mobile App,3,6
ORD004246,2024-08-12,CUST00971,Clothing,Jacket,75.54,1,0.2,60.43,East,Credit Card,In-Store,5,2
ORD004247,2024-11-21,CUST01051,Clothing,Hat,114.46,1,0.1,103.01,North,PayPal,Web,3,14
ORD004248,2024-05-12,CUST00086,Home,Lamp,63.96,1,0.05,60.76,East,PayPal,Web,4,6
ORD004249,2024-03-19,CUST01434,Books,Cookbook,38.2,2,0,76.4,Central,Debit Card,Phone,4,9
ORD004250,2024-08-26,CUST00416,Sports,Tennis Racket,226.88,2,0.1,408.38,North,Bank Transfer,Mobile App,5,11
ORD004251,2024-07-11,CUST00752,Home,Chair,342.55,5,0,1712.75,West,Debit Card,Phone,5,13
ORD004252,2024-03-04,CUST00421,Electronics,Headphones,167.38,3,0.2,401.71,Central,PayPal,Web,4,3
ORD004253,2024-04-23,CUST00798,Home,Toaster,395.56,1,0.1,356.0,Central,PayPal,Mobile App,5,7
ORD004254,2024-12-20,CUST01348,Home,Chair,387.65,3,0.15,988.51,East,PayPal,In-Store,4,6
ORD004255,2024-10-05,CUST00223,Books,Cookbook,46.83,3,0,140.49,East,Mobile Money,Mobile App,4,13
ORD004256,2024-09-02,CUST01600,Electronics,Smartwatch,699.23,5,0.1,3146.53,South,Debit Card,Web,5,3
ORD004257,2024-04-23,CUST01076,Clothing,T-Shirt,49.37,2,0,98.74,South,Credit Card,Phone,4,1
ORD004258,2024-01-09,CUST00050,Clothing,Jacket,13.79,2,0.05,26.2,East,Debit Card,Phone,3,7
ORD004259,2024-09-12,CUST00797,Books,Cookbook,21.68,1,0.2,17.34,North,Debit Card,Phone,5,6
ORD004260,2024-04-13,CUST00060,Books,Guide,32.84,4,0.05,124.79,East,Debit Card,Phone,4,4
ORD004261,2024-04-13,CUST01750,Sports,Football,677.65,5,0,3388.25,North,Bank Transfer,Phone,3,1
ORD004262,2024-03-27,CUST01024,Electronics,Smartwatch,1205.86,5,0.1,5426.37,North,Mobile Money,In-Store,3,2
ORD004263,2024-01-02,CUST01353,Sports,Bicycle,739.31,2,0,1478.62,West,Debit Card,Phone,4,8
ORD004264,2024-10-05,CUST00794,Sports,Bicycle,155.62,1,0.05,147.84,North,Credit Card,Phone,5,13
ORD004265,2024-03-22,CUST00097,Books,Cookbook,42.45,5,0,212.25,East,Debit Card,In-Store,4,3
ORD004266,2024-01-12,CUST01590,Sports,Bicycle,227.68,3,0.1,614.74,North,Mobile Money,Mobile App,4,3
ORD004267,2024-08-21,CUST00907,Home,Lamp,271.34,5,0.2,1085.36,North,Debit Card,Web,5,1
ORD004268,2024-01-03,CUST01873,Sports,Football,434.31,3,0.1,1172.64,East,PayPal,In-Store,4,9
ORD004269,2024-05-06,CUST00853,Books,Cookbook,36.54,3,0.1,98.66,East,Bank Transfer,Phone,3,12
ORD004270,2024-04-03,CUST00144,Books,Guide,39.89,4,0,159.56,Central,Credit Card,Phone,2,12
ORD004271,2024-06-12,CUST01241,Books,Guide,44.99,3,0,134.97,Central,Mobile Money,In-Store,5,4
ORD004272,2024-12-25,CUST01074,Electronics,Smartwatch,773.11,5,0,3865.55,South,PayPal,Mobile App,3,8
ORD004273,2024-09-11,CUST01834,Electronics,Smartphone,656.49,5,0.1,2954.2,North,PayPal,In-Store,1,8
ORD004274,2024-02-09,CUST00343,Sports,Bicycle,96.78,4,0,387.12,North,Mobile Money,In-Store,3,7
ORD004275,2024-05-09,CUST01711,Clothing,Jacket,77.27,5,0,386.35,North,Mobile Money,Mobile App,3,8
ORD004276,2024-11-11,CUST00891,Clothing,Socks,123.01,3,0.15,313.68,South,Credit Card,In-Store,5,14
ORD004277,2024-01-07,CUST00681,Electronics,Headphones,805.24,4,0,3220.96,West,Mobile Money,In-Store,5,7
ORD004278,2024-09-05,CUST00649,Books,Textbook,11.43,5,0.15,48.58,West,PayPal,Mobile App,5,6
ORD004279,2024-06-20,CUST00865,Home,Pillow,343.8,2,0,687.6,West,Mobile Money,Mobile App,4,10
ORD004280,2024-03-10,CUST00861,Clothing,Hat,94.99,4,0,379.96,West,Bank Transfer,In-Store,5,1
ORD004281,2024-05-13,CUST01059,Books,Guide,6.29,3,0.2,15.1,South,Mobile Money,Mobile App,3,9
ORD004282,2024-11-11,CUST00416,Books,Guide,34.57,2,0,69.14,Central,Bank Transfer,Phone,2,3
ORD004283,2024-11-28,CUST00863,Clothing,Jacket,100.57,3,0.05,286.62,South,Bank Transfer,Phone,4,7
ORD004284,2024-09-11,CUST01136,Electronics,Laptop,378.65,4,0,1514.6,North,Bank Transfer,In-Store,3,4
ORD004285,2024-10-23,CUST00299,Books,Guide,55.93,3,0.2,134.23,West,Debit Card,In-Store,4,1
ORD004286,2024-08-07,CUST00585,Books,Novel,7.88,1,0,7.88,West,Credit Card,Phone,4,2
ORD004287,2024-02-12,CUST01224,Home,Toaster,316.53,5,0.2,1266.12,North,Mobile Money,Phone,2,6
ORD004288,2024-05-07,CUST00197,Sports,Yoga Mat,260.95,3,0.15,665.42,West,Bank Transfer,In-Store,2,14
ORD004289,2024-06-01,CUST01333,Books,Textbook,41.0,4,0.15,139.4,South,Credit Card,In-Store,5,3
ORD004290,2024-09-16,CUST00938,Clothing,Jacket,103.13,5,0.1,464.09,South,Credit Card,Phone,5,13
ORD004291,2024-07-23,CUST00218,Clothing,Jeans,25.26,4,0,101.04,North,Mobile Money,Web,4,11
ORD004292,2024-03-01,CUST00191,Sports,Bicycle,540.91,1,0.2,432.73,South,PayPal,Web,5,11
ORD004293,2024-05-18,CUST00939,Clothing,Jacket,14.69,1,0.05,13.96,West,PayPal,Mobile App,3,5
ORD004294,2024-03-12,CUST01380,Sports,Bicycle,259.15,4,0,1036.6,East,Credit Card,In-Store,5,4
ORD004295,2024-02-11,CUST00031,Home,Blender,357.17,3,0,1071.51,South,Bank Transfer,In-Store,5,12
ORD004296,2024-09-12,CUST01228,Sports,Yoga Mat,169.95,5,0.1,764.77,Central,Mobile Money,In-Store,3,10
ORD004297,2024-06-25,CUST00336,Clothing,T-Shirt,46.45,1,0.15,39.48,Central,Debit Card,Mobile App,5,1
ORD004298,2024-04-28,CUST01350,Electronics,Headphones,1389.27,3,0.15,3542.64,South,Debit Card,Phone,2,8
ORD004299,2024-04-26,CUST01998,Home,Table,262.7,3,0,788.1,South,Bank Transfer,In-Store,5,6
ORD004300,2024-11-25,CUST01799,Books,Cookbook,28.57,4,0.15,97.14,North,PayPal,Phone,5,8
ORD004301,2024-05-20,CUST00985,Clothing,Jacket,99.08,4,0.15,336.87,South,Bank Transfer,Mobile App,5,11
ORD004302,2024-08-18,CUST01623,Home,Lamp,231.72,1,0.05,220.13,North,Credit Card,Web,4,10
ORD004303,2024-11-10,CUST01186,Sports,Dumbbell,456.05,3,0,1368.15,Central,Debit Card,Web,4,7
ORD004304,2024-08-04,CUST00715,Home,Chair,61.62,5,0,308.1,Central,Mobile Money,Web,4,14
ORD004305,2024-06-24,CUST00962,Clothing,Jacket,82.2,1,0,82.2,Central,Bank Transfer,Web,4,6
ORD004306,2024-06-28,CUST00718,Sports,Bicycle,223.61,3,0.15,570.21,North,Debit Card,Mobile App,5,5
ORD004307,2024-01-14,CUST00042,Clothing,Jacket,48.53,4,0.15,165.0,West,Debit Card,Web,5,12
ORD004308,2024-06-14,CUST01106,Clothing,Hat,56.03,3,0,168.09,East,PayPal,Web,5,12
ORD004309,2024-09-24,CUST01305,Books,Textbook,59.82,1,0,59.82,North,Credit Card,Mobile App,3,7
ORD004310,2024-06-12,CUST01574,Home,Pillow,73.59,5,0,367.95,West,Bank Transfer,Mobile App,3,13
ORD004311,2024-01-30,CUST00058,Books,Guide,58.44,1,0.05,55.52,West,Credit Card,In-Store,4,11
ORD004312,2024-12-08,CUST00909,Electronics,Camera,633.16,2,0.05,1203.0,West,Debit Card,In-Store,3,12
ORD004313,2024-01-02,CUST01016,Clothing,Jeans,69.84,4,0,279.36,Central,Bank Transfer,Web,5,5
ORD004314,2024-11-24,CUST01238,Books,Novel,31.47,5,0.2,125.88,Central,Mobile Money,Phone,4,11
ORD004315,2024-10-28,CUST01712,Home,Chair,284.64,2,0.1,512.35,South,Mobile Money,Web,4,13
ORD004316,2024-12-13,CUST01117,Sports,Yoga Mat,302.32,3,0,906.96,South,Bank Transfer,In-Store,5,8
ORD004317,2024-03-16,CUST00037,Sports,Basketball,431.3,4,0.2,1380.16,North,Mobile Money,In-Store,5,2
ORD004318,2024-09-03,CUST00915,Home,Toaster,293.55,3,0,880.65,Central,Mobile Money,Web,5,6
ORD004319,2024-11-27,CUST01927,Home,Pillow,101.19,2,0,202.38,South,Credit Card,Mobile App,4,11
ORD004320,2024-11-11,CUST01535,Home,Blender,141.85,4,0,567.4,North,Mobile Money,Phone,5,6
ORD004321,2024-01-11,CUST00352,Electronics,Smartphone,213.21,1,0.2,170.57,West,Bank Transfer,Phone,5,5
ORD004322,2024-08-25,CUST00011,Sports,Tennis Racket,298.29,5,0.15,1267.73,East,Credit Card,Mobile App,3,6
ORD004323,2024-11-28,CUST00396,Clothing,Hat,135.65,1,0.2,108.52,North,Bank Transfer,Web,5,6
ORD004324,2024-04-16,CUST01140,Clothing,Sneakers,126.86,4,0.1,456.7,West,Bank Transfer,Mobile App,3,12
ORD004325,2024-04-05,CUST01866,Books,Comic,42.15,4,0.2,134.88,Central,Bank Transfer,Phone,4,6
ORD004326,2024-12-08,CUST01625,Clothing,T-Shirt,20.74,3,0,62.22,South,Bank Transfer,Phone,3,3
ORD004327,2024-02-19,CUST01334,Electronics,Headphones,521.5,5,0,2607.5,East,PayPal,In-Store,3,13
ORD004328,2024-05-18,CUST01390,Electronics,Smartwatch,1074.4,4,0.15,3652.96,Central,Mobile Money,Mobile App,4,11
ORD004329,2024-10-21,CUST01468,Home,Pillow,92.97,3,0,278.91,South,Mobile Money,Phone,5,11
ORD004330,2024-11-21,CUST00679,Electronics,Tablet,703.18,2,0.15,1195.41,North,Mobile Money,Web,5,6
ORD004331,2024-03-01,CUST01921,Electronics,Smartwatch,276.28,1,0.15,234.84,South,Credit Card,Phone,5,8
ORD004332,2024-05-20,CUST01520,Clothing,T-Shirt,76.76,5,0,383.8,East,Mobile Money,Phone,3,2
ORD004333,2024-07-11,CUST01984,Sports,Dumbbell,648.7,4,0.15,2205.58,North,PayPal,Web,5,12
ORD004334,2024-02-11,CUST00380,Home,Chair,119.76,1,0.2,95.81,West,PayPal,In-Store,2,8
ORD004335,2024-11-24,CUST01716,Books,Guide,21.73,3,0.05,61.93,West,PayPal,Phone,5,4
ORD004336,2024-02-12,CUST00692,Clothing,Hat,100.0,4,0,400.0,North,Mobile Money,In-Store,5,10
ORD004337,2024-11-09,CUST01826,Electronics,Camera,270.24,2,0,540.48,West,Debit Card,Web,5,5
ORD004338,2024-02-20,CUST01948,Books,Guide,6.29,4,0.2,20.13,East,Debit Card,Phone,5,4
ORD004339,2024-10-05,CUST01948,Electronics,Tablet,345.57,3,0,1036.71,West,Bank Transfer,Web,4,11
ORD004340,2024-11-28,CUST00721,Books,Textbook,36.83,1,0.1,33.15,North,Mobile Money,Web,4,14
ORD004341,2024-01-28,CUST01736,Electronics,Headphones,627.21,4,0.1,2257.96,West,Credit Card,In-Store,3,10
ORD004342,2024-10-20,CUST01395,Electronics,Tablet,221.7,4,0.15,753.78,West,Mobile Money,Phone,5,11
ORD004343,2024-08-14,CUST01905,Clothing,T-Shirt,93.22,3,0.05,265.68,Central,Mobile Money,Web,1,9
ORD004344,2024-03-17,CUST01768,Books,Comic,38.87,1,0.2,31.1,Central,Debit Card,Web,3,9
ORD004345,2024-10-15,CUST01857,Books,Cookbook,33.44,4,0.05,127.07,Central,Debit Card,In-Store,4,13
ORD004346,2024-07-19,CUST00883,Clothing,Sneakers,58.75,4,0.1,211.5,South,Mobile Money,In-Store,4,9
ORD004347,2024-08-13,CUST00665,Clothing,Socks,42.81,1,0.1,38.53,East,Mobile Money,In-Store,2,10
ORD004348,2024-04-20,CUST01757,Home,Lamp,59.53,2,0.2,95.25,South,Credit Card,Web,5,14
ORD004349,2024-05-21,CUST00327,Home,Blender,186.74,5,0,933.7,Central,Debit Card,In-Store,1,13
ORD004350,2024-05-02,CUST00861,Books,Comic,56.6,1,0.15,48.11,East,Credit Card,In-Store,5,11
ORD004351,2024-02-24,CUST01168,Clothing,Socks,123.43,2,0.15,209.83,West,Debit Card,Phone,5,9
ORD004352,2024-07-05,CUST01490,Electronics,Smartphone,221.34,5,0,1106.7,North,Debit Card,Phone,2,13
ORD004353,2024-01-25,CUST01503,Sports,Football,40.54,4,0.1,145.94,East,PayPal,In-Store,3,1
ORD004354,2024-02-20,CUST00457,Home,Pillow,325.08,1,0,325.08,Central,PayPal,Mobile App,4,8
ORD004355,2024-12-17,CUST01618,Sports,Tennis Racket,711.57,1,0.1,640.41,Central,Bank Transfer,Web,3,1
ORD004356,2024-01-26,CUST01694,Sports,Tennis Racket,678.23,4,0.15,2305.98,Central,Credit Card,In-Store,5,5
ORD004357,2024-07-18,CUST00977,Electronics,Headphones,1349.9,4,0.2,4319.68,West,Debit Card,In-Store,3,3
ORD004358,2024-10-12,CUST00702,Electronics,Headphones,1338.44,4,0,5353.76,Central,PayPal,Mobile App,5,5
ORD004359,2024-12-30,CUST01997,Electronics,Tablet,953.46,4,0.05,3623.15,East,Mobile Money,Mobile App,4,5
ORD004360,2024-07-06,CUST01611,Electronics,Laptop,384.19,2,0,768.38,Central,Mobile Money,Web,2,8
ORD004361,2024-03-18,CUST01251,Home,Toaster,229.98,4,0,919.92,East,Mobile Money,Phone,4,5
ORD004362,2024-09-16,CUST00371,Electronics,Smartwatch,442.2,3,0.2,1061.28,East,Credit Card,Web,5,2
ORD004363,2024-04-18,CUST01276,Electronics,Smartphone,1298.27,4,0,5193.08,South,Debit Card,Phone,3,13
ORD004364,2024-06-16,CUST01742,Books,Guide,46.79,1,0.1,42.11,South,Mobile Money,Mobile App,4,4
ORD004365,2024-04-11,CUST00525,Sports,Bicycle,599.96,3,0,1799.88,Central,Debit Card,Web,4,4
ORD004366,2024-11-27,CUST00978,Sports,Bicycle,23.26,1,0,23.26,West,Bank Transfer,In-Store,5,13
ORD004367,2024-11-14,CUST01829,Electronics,Camera,1450.15,1,0,1450.15,East,PayPal,Mobile App,4,3
ORD004368,2024-04-20,CUST00497,Clothing,Sneakers,60.63,5,0.2,242.52,North,Mobile Money,In-Store,5,3
ORD004369,2024-05-22,CUST01431,Home,Chair,277.35,2,0,554.7,South,Credit Card,Mobile App,3,10
ORD004370,2024-06-15,CUST00340,Home,Pillow,200.78,5,0.05,953.7,Central,Credit Card,Phone,5,4
ORD004371,2024-05-12,CUST00668,Clothing,Jacket,12.66,4,0.15,43.04,East,Bank Transfer,Web,5,5
ORD004372,2024-08-31,CUST01109,Sports,Basketball,498.22,3,0,1494.66,South,Bank Transfer,Phone,5,3
ORD004373,2024-04-02,CUST01777,Home,Pillow,148.71,4,0.15,505.61,West,Credit Card,Phone,5,13
ORD004374,2024-04-21,CUST01073,Clothing,Socks,99.57,5,0.05,472.96,North,PayPal,In-Store,4,9
ORD004375,2024-04-13,CUST01361,Clothing,Socks,29.02,2,0.2,46.43,North,Mobile Money,Phone,5,6
ORD004376,2024-03-10,CUST00921,Electronics,Laptop,172.32,2,0.2,275.71,North,Debit Card,In-Store,5,13
ORD004377,2024-06-21,CUST01744,Electronics,Tablet,1408.96,4,0.05,5354.05,Central,Bank Transfer,Phone,5,4
ORD004378,2024-10-27,CUST00017,Books,Novel,18.0,4,0.1,64.8,Central,Credit Card,In-Store,4,4
ORD004379,2024-02-08,CUST01443,Sports,Basketball,440.91,5,0.1,1984.09,South,Debit Card,Phone,5,13
ORD004380,2024-04-09,CUST00997,Home,Blender,279.85,3,0.2,671.64,West,PayPal,In-Store,5,6
ORD004381,2024-03-27,CUST01110,Electronics,Smartphone,958.08,4,0,3832.32,South,PayPal,Phone,3,14
ORD004382,2024-10-16,CUST00792,Home,Pillow,118.5,2,0.1,213.3,North,Debit Card,Web,4,8
ORD004383,2024-08-09,CUST01634,Electronics,Smartwatch,1032.78,4,0,4131.12,South,Bank Transfer,In-Store,4,6
ORD004384,2024-09-22,CUST01263,Electronics,Laptop,1429.19,5,0,7145.95,South,Credit Card,Phone,5,3
ORD004385,2024-06-05,CUST00993,Sports,Tennis Racket,799.95,4,0,3199.8,Central,PayPal,Phone,4,13
ORD004386,2024-01-07,CUST01226,Electronics,Laptop,405.93,2,0.15,690.08,East,Mobile Money,Mobile App,5,6
ORD004387,2024-02-07,CUST00654,Electronics,Camera,892.84,5,0,4464.2,South,Bank Transfer,Web,2,11
ORD004388,2024-01-16,CUST00188,Sports,Tennis Racket,612.56,5,0.05,2909.66,North,Mobile Money,Web,4,5
ORD004389,2024-07-23,CUST01598,Sports,Bicycle,156.05,2,0.15,265.28,West,Bank Transfer,Web,2,9
ORD004390,2024-05-19,CUST01706,Home,Toaster,270.0,3,0,810.0,West,Debit Card,Web,3,14
ORD004391,2024-08-01,CUST01145,Clothing,Jeans,70.41,4,0.05,267.56,South,Credit Card,Web,3,11
ORD004392,2024-06-01,CUST00096,Sports,Football,644.8,2,0.1,1160.64,Central,Mobile Money,Phone,4,6
ORD004393,2024-03-01,CUST01139,Books,Cookbook,44.38,3,0,133.14,North,Credit Card,Phone,4,5
ORD004394,2024-03-03,CUST00792,Books,Textbook,37.91,2,0,75.82,East,Bank Transfer,Phone,3,5
ORD004395,2024-04-18,CUST00148,Books,Novel,16.95,2,0.15,28.82,West,Bank Transfer,Web,3,8
ORD004396,2024-03-12,CUST00645,Electronics,Tablet,307.71,2,0.2,492.34,Central,Bank Transfer,Web,5,14
ORD004397,2024-07-31,CUST01756,Electronics,Smartwatch,510.32,2,0,1020.64,East,Credit Card,Phone,3,6
ORD004398,2024-10-10,CUST00211,Clothing,Sneakers,33.45,4,0,133.8,North,Bank Transfer,In-Store,5,4
ORD004399,2024-11-04,CUST00371,Electronics,Laptop,76.97,1,0.05,73.12,East,Credit Card,Mobile App,4,7
ORD004400,2024-04-20,CUST01956,Clothing,Jeans,37.3,1,0,37.3,North,Debit Card,Web,4,14
ORD004401,2024-11-01,CUST00154,Sports,Bicycle,712.13,1,0.2,569.7,East,Mobile Money,Phone,4,2
ORD004402,2024-03-14,CUST00321,Clothing,Sneakers,15.02,4,0.05,57.08,North,PayPal,In-Store,5,1
ORD004403,2024-12-16,CUST00719,Sports,Tennis Racket,25.62,2,0.15,43.55,South,Debit Card,Mobile App,5,6
ORD004404,2024-03-08,CUST00140,Electronics,Laptop,1434.34,2,0.05,2725.25,North,PayPal,In-Store,3,7
ORD004405,2024-02-08,CUST01941,Electronics,Headphones,404.17,3,0.15,1030.63,East,Credit Card,Mobile App,5,4
ORD004406,2024-01-29,CUST01914,Clothing,T-Shirt,92.84,4,0,371.36,Central,Debit Card,In-Store,5,1
ORD004407,2024-10-17,CUST00860,Books,Comic,10.13,2,0,20.26,West,PayPal,Mobile App,4,4
ORD004408,2024-12-04,CUST01958,Sports,Football,193.39,4,0,773.56,East,Mobile Money,In-Store,5,4
ORD004409,2024-09-15,CUST00024,Clothing,Hat,24.17,3,0.2,58.01,North,Bank Transfer,In-Store,2,2
ORD004410,2024-01-23,CUST00636,Books,Textbook,42.49,4,0,169.96,West,Bank Transfer,Mobile App,2,11
ORD004411,2024-01-10,CUST00524,Electronics,Tablet,617.43,1,0.2,493.94,East,PayPal,In-Store,4,7
ORD004412,2024-02-24,CUST01874,Home,Pillow,77.11,1,0.1,69.4,Central,Credit Card,Mobile App,5,4
ORD004413,2024-11-03,CUST01908,Clothing,T-Shirt,23.29,3,0,69.87,Central,Credit Card,Phone,4,12
ORD004414,2024-06-27,CUST01985,Electronics,Smartwatch,212.53,4,0.2,680.1,East,Credit Card,Mobile App,2,7
ORD004415,2024-07-24,CUST00802,Books,Biography,39.87,1,0,39.87,South,Debit Card,In-Store,2,4
ORD004416,2024-11-21,CUST01554,Sports,Bicycle,356.4,4,0.1,1283.04,West,Debit Card,Web,4,3
ORD004417,2024-02-11,CUST01697,Electronics,Tablet,1275.71,5,0.05,6059.62,South,Mobile Money,In-Store,5,4
ORD004418,2024-05-09,CUST00293,Home,Blender,159.99,3,0,479.97,West,Credit Card,Phone,3,5
ORD004419,2024-10-24,CUST00032,Home,Chair,39.8,3,0,119.4,Central,Credit Card,Web,4,3
ORD004420,2024-06-05,CUST01995,Sports,Football,784.45,5,0,3922.25,East,Mobile Money,In-Store,4,3
ORD004421,2024-07-30,CUST00078,Books,Guide,12.64,3,0,37.92,Central,Credit Card,Mobile App,4,5
ORD004422,2024-12-29,CUST00609,Home,Lamp,263.32,1,0,263.32,West,Credit Card,Mobile App,4,14
ORD004423,2024-09-08,CUST00877,Clothing,Sneakers,10.84,3,0,32.52,North,Debit Card,Mobile App,2,6
ORD004424,2024-12-03,CUST00522,Clothing,Jacket,55.22,2,0.15,93.87,North,Mobile Money,Phone,3,3
ORD004425,2024-06-02,CUST01008,Clothing,Hat,13.94,5,0,69.7,East,PayPal,Web,5,2
ORD004426,2024-01-19,CUST01126,Books,Textbook,58.76,4,0.1,211.54,East,Bank Transfer,Mobile App,4,9
ORD004427,2024-11-08,CUST01267,Electronics,Headphones,322.5,2,0,645.0,North,Credit Card,Mobile App,5,13
ORD004428,2024-02-25,CUST00125,Sports,Dumbbell,528.34,3,0.05,1505.77,West,PayPal,Phone,2,5
ORD004429,2024-07-01,CUST00678,Books,Biography,25.68,4,0.1,92.45,North,Bank Transfer,In-Store,4,6
ORD004430,2024-10-20,CUST00318,Electronics,Camera,1036.73,3,0,3110.19,East,Mobile Money,Web,4,10
ORD004431,2024-03-14,CUST01288,Sports,Basketball,421.42,1,0,421.42,East,Credit Card,In-Store,4,4
ORD004432,2024-06-19,CUST00505,Sports,Bicycle,689.49,3,0.15,1758.2,South,Bank Transfer,Phone,3,6
ORD004433,2024-10-15,CUST01084,Sports,Football,438.64,1,0.2,350.91,North,PayPal,Mobile App,5,9
ORD004434,2024-06-22,CUST01989,Clothing,Hat,117.99,1,0.2,94.39,West,Mobile Money,Mobile App,4,1
ORD004435,2024-09-26,CUST00215,Sports,Basketball,653.25,2,0.1,1175.85,West,Mobile Money,Phone,3,13
ORD004436,2024-11-27,CUST00036,Books,Cookbook,12.83,1,0.1,11.55,East,Credit Card,Phone,2,2
ORD004437,2024-05-30,CUST01556,Sports,Dumbbell,47.3,3,0.05,134.81,East,PayPal,In-Store,5,1
ORD004438,2024-05-06,CUST01636,Books,Cookbook,56.9,1,0,56.9,West,Mobile Money,Mobile App,4,9
ORD004439,2024-07-09,CUST00870,Home,Chair,59.83,3,0.15,152.57,Central,PayPal,Phone,5,10
ORD004440,2024-03-25,CUST00448,Clothing,Hat,62.8,4,0,251.2,South,PayPal,Mobile App,5,8
ORD004441,2024-10-19,CUST00083,Electronics,Smartphone,1030.76,5,0,5153.8,East,Mobile Money,Phone,4,13
ORD004442,2024-02-02,CUST00632,Home,Pillow,325.22,1,0,325.22,South,Credit Card,Phone,4,7
ORD004443,2024-09-16,CUST01661,Sports,Bicycle,687.62,2,0.1,1237.72,Central,Credit Card,Phone,4,1
ORD004444,2024-08-29,CUST00328,Home,Pillow,256.5,5,0,1282.5,East,Debit Card,Mobile App,5,7
ORD004445,2024-05-07,CUST00138,Clothing,Sneakers,45.05,2,0.05,85.6,South,Credit Card,In-Store,4,4
ORD004446,2024-03-02,CUST01536,Home,Lamp,87.55,4,0.15,297.67,Central,Debit Card,Phone,5,2
ORD004447,2024-07-14,CUST00350,Electronics,Laptop,1123.65,3,0.05,3202.4,North,Mobile Money,Mobile App,5,5
ORD004448,2024-06-25,CUST00575,Books,Cookbook,31.48,2,0.15,53.52,East,PayPal,Phone,4,14
ORD004449,2024-11-29,CUST00812,Home,Blender,362.54,2,0,725.08,Central,Bank Transfer,In-Store,2,10
ORD004450,2024-01-10,CUST01779,Clothing,Sneakers,66.34,4,0.15,225.56,Central,Bank Transfer,In-Store,2,4
ORD004451,2024-12-07,CUST01039,Sports,Basketball,55.37,3,0.1,149.5,North,Mobile Money,In-Store,4,7
ORD004452,2024-05-15,CUST01041,Electronics,Smartwatch,817.8,1,0.15,695.13,Central,Credit Card,Mobile App,5,5
ORD004453,2024-09-26,CUST00886,Home,Blender,325.48,2,0.1,585.86,North,Mobile Money,Mobile App,5,5
ORD004454,2024-04-21,CUST00889,Books,Novel,56.01,5,0.05,266.05,South,Credit Card,In-Store,5,10
ORD004455,2024-08-19,CUST01563,Clothing,Socks,23.12,1,0,23.12,South,Bank Transfer,Mobile App,5,9
ORD004456,2024-11-24,CUST01513,Electronics,Tablet,542.08,2,0,1084.16,South,PayPal,Web,4,11
ORD004457,2024-10-24,CUST00978,Electronics,Headphones,465.03,4,0,1860.12,South,Bank Transfer,Phone,3,9
ORD004458,2024-03-08,CUST00331,Electronics,Smartphone,1322.79,4,0.15,4497.49,West,Bank Transfer,Web,5,9
ORD004459,2024-10-23,CUST01410,Electronics,Tablet,550.77,2,0.15,936.31,Central,Bank Transfer,Mobile App,4,1
ORD004460,2024-07-27,CUST00489,Clothing,T-Shirt,38.01,4,0,152.04,South,Bank Transfer,In-Store,2,2
ORD004461,2024-09-18,CUST01225,Books,Cookbook,30.03,1,0,30.03,North,Mobile Money,Mobile App,4,7
ORD004462,2024-12-21,CUST01204,Home,Toaster,210.89,1,0,210.89,North,Mobile Money,Phone,1,9
ORD004463,2024-11-08,CUST01233,Electronics,Smartphone,820.07,2,0.05,1558.13,Central,PayPal,Mobile App,4,13
ORD004464,2024-08-17,CUST01059,Electronics,Smartwatch,1344.5,2,0.2,2151.2,North,PayPal,Phone,5,10
ORD004465,2024-08-03,CUST01494,Home,Chair,243.52,2,0.2,389.63,South,Debit Card,Mobile App,5,1
ORD004466,2024-02-20,CUST00176,Books,Textbook,39.78,5,0.05,188.95,East,Mobile Money,Mobile App,5,4
ORD004467,2024-02-03,CUST00573,Electronics,Camera,613.76,5,0,3068.8,West,Mobile Money,Web,4,2
ORD004468,2024-01-01,CUST00897,Home,Pillow,393.7,2,0.1,708.66,North,Debit Card,Web,3,9
ORD004469,2024-06-06,CUST00825,Clothing,Sneakers,27.94,5,0.05,132.71,South,Debit Card,Phone,4,9
ORD004470,2024-03-07,CUST00941,Sports,Dumbbell,568.06,4,0,2272.24,West,Credit Card,Phone,5,13
ORD004471,2024-02-03,CUST00835,Clothing,Hat,132.64,3,0.15,338.23,Central,Bank Transfer,Web,5,7
ORD004472,2024-10-07,CUST00450,Home,Blender,127.33,4,0.1,458.39,West,Mobile Money,Mobile App,3,11
ORD004473,2024-02-13,CUST01039,Clothing,Sneakers,113.79,3,0.05,324.3,East,PayPal,Mobile App,5,6
ORD004474,2024-07-04,CUST01410,Books,Biography,31.49,4,0.1,113.36,Central,PayPal,In-Store,4,9
ORD004475,2024-04-08,CUST00640,Clothing,Sneakers,20.32,5,0.15,86.36,Central,Bank Transfer,Mobile App,5,4
ORD004476,2024-05-16,CUST00374,Sports,Dumbbell,49.27,2,0,98.54,East,Mobile Money,Phone,3,11
ORD004477,2024-09-21,CUST00682,Electronics,Smartphone,224.79,4,0.2,719.33,Central,Bank Transfer,Web,4,7
ORD004478,2024-07-29,CUST00332,Electronics,Camera,54.88,2,0.05,104.27,Central,PayPal,Web,3,4
ORD004479,2024-09-08,CUST01281,Sports,Bicycle,766.39,3,0,2299.17,South,Mobile Money,Web,3,9
ORD004480,2024-09-25,CUST01748,Books,Comic,22.55,1,0,22.55,North,Bank Transfer,Phone,4,1
ORD004481,2024-04-15,CUST00482,Books,Guide,46.05,2,0.1,82.89,South,Bank Transfer,In-Store,4,1
ORD004482,2024-05-28,CUST01847,Clothing,Socks,75.93,3,0.1,205.01,North,Credit Card,Phone,3,6
ORD004483,2024-09-23,CUST01300,Books,Comic,25.07,4,0,100.28,South,Bank Transfer,Web,4,1
ORD004484,2024-06-23,CUST01785,Books,Guide,46.15,1,0.2,36.92,East,PayPal,Phone,5,4
ORD004485,2024-01-27,CUST00014,Sports,Bicycle,507.93,3,0,1523.79,North,Mobile Money,Phone,4,14
ORD004486,2024-06-24,CUST00163,Electronics,Headphones,1323.98,1,0.15,1125.38,West,Mobile Money,Phone,4,1
ORD004487,2024-11-03,CUST01209,Clothing,Jacket,50.86,3,0.05,144.95,North,Bank Transfer,Web,4,5
ORD004488,2024-11-13,CUST00673,Clothing,Jeans,116.28,4,0.2,372.1,West,PayPal,In-Store,5,5
ORD004489,2024-04-02,CUST00764,Books,Novel,26.15,2,0,52.3,South,Debit Card,Mobile App,4,14
ORD004490,2024-07-23,CUST00103,Home,Toaster,286.21,4,0.1,1030.36,Central,Credit Card,Phone,4,13
ORD004491,2024-05-28,CUST00396,Home,Toaster,229.05,3,0,687.15,West,Debit Card,In-Store,4,9
ORD004492,2024-07-18,CUST01155,Books,Comic,23.35,2,0.2,37.36,South,Mobile Money,Web,3,14
ORD004493,2024-01-12,CUST01409,Clothing,Jeans,101.69,5,0,508.45,East,PayPal,Mobile App,4,2
ORD004494,2024-06-14,CUST00901,Clothing,T-Shirt,120.75,3,0.2,289.8,Central,Bank Transfer,Web,4,1
ORD004495,2024-10-12,CUST01923,Books,Textbook,23.85,4,0.2,76.32,South,Credit Card,Phone,5,11
ORD004496,2024-08-14,CUST01326,Clothing,Sneakers,58.78,5,0,293.9,East,Credit Card,Web,4,5
ORD004497,2024-07-13,CUST01242,Electronics,Smartphone,628.46,4,0.05,2388.15,East,Bank Transfer,Mobile App,5,12
ORD004498,2024-11-03,CUST00447,Clothing,Socks,143.3,3,0.2,343.92,West,Credit Card,Phone,5,8
ORD004499,2024-03-08,CUST01239,Home,Table,315.09,5,0,1575.45,East,PayPal,In-Store,1,11
ORD004500,2024-05-22,CUST00417,Electronics,Smartphone,830.24,5,0.15,3528.52,Central,Bank Transfer,Mobile App,5,7
ORD004501,2024-04-30,CUST00793,Sports,Dumbbell,334.87,3,0,1004.61,West,PayPal,Phone,4,14
ORD004502,2024-01-05,CUST00981,Sports,Tennis Racket,792.33,4,0.1,2852.39,Central,Mobile Money,Mobile App,4,10
ORD004503,2024-10-26,CUST01485,Electronics,Tablet,227.19,2,0,454.38,Central,PayPal,Web,1,11
ORD004504,2024-08-22,CUST00283,Home,Table,115.26,3,0,345.78,East,PayPal,In-Store,2,6
ORD004505,2024-11-04,CUST00943,Clothing,Sneakers,88.5,1,0,88.5,South,Bank Transfer,Phone,3,5
ORD004506,2024-11-10,CUST00254,Electronics,Headphones,510.53,1,0.2,408.42,East,Mobile Money,Web,4,4
ORD004507,2024-04-26,CUST01072,Books,Cookbook,14.26,5,0,71.3,Central,Bank Transfer,Web,3,11
ORD004508,2024-09-10,CUST00001,Electronics,Smartwatch,995.65,3,0.1,2688.26,West,PayPal,Web,4,2
ORD004509,2024-11-03,CUST00661,Clothing,Hat,101.57,5,0,507.85,West,Mobile Money,Phone,4,12
ORD004510,2024-09-02,CUST00138,Home,Pillow,326.82,2,0,653.64,Central,Mobile Money,Mobile App,5,7
ORD004511,2024-02-05,CUST00477,Books,Guide,29.18,5,0.05,138.6,South,Bank Transfer,Phone,4,4
ORD004512,2024-07-28,CUST01403,Sports,Football,208.6,2,0,417.2,Central,Bank Transfer,Phone,2,5
ORD004513,2024-05-21,CUST00927,Electronics,Smartwatch,416.65,4,0,1666.6,North,PayPal,Mobile App,4,7
ORD004514,2024-05-11,CUST01331,Home,Table,386.06,2,0.2,617.7,East,PayPal,Web,5,3
ORD004515,2024-10-03,CUST01737,Electronics,Camera,724.36,2,0,1448.72,North,Debit Card,Mobile App,4,5
ORD004516,2024-12-11,CUST01686,Sports,Basketball,435.46,1,0.2,348.37,North,PayPal,Mobile App,5,14
ORD004517,2024-09-25,CUST00858,Books,Comic,6.42,3,0.05,18.3,Central,Credit Card,Web,4,2
ORD004518,2024-06-10,CUST00616,Sports,Basketball,703.71,2,0,1407.42,North,PayPal,Web,2,6
ORD004519,2024-03-15,CUST01060,Books,Comic,33.27,3,0.15,84.84,West,Credit Card,Mobile App,5,8
ORD004520,2024-04-11,CUST00464,Books,Guide,57.52,5,0.15,244.46,South,PayPal,Phone,5,14
ORD004521,2024-10-09,CUST01632,Sports,Yoga Mat,725.51,1,0,725.51,East,Mobile Money,Phone,3,7
ORD004522,2024-07-05,CUST00849,Electronics,Headphones,1309.77,2,0.1,2357.59,East,Credit Card,Web,2,4
ORD004523,2024-12-08,CUST00836,Electronics,Smartwatch,495.03,4,0,1980.12,East,Debit Card,Mobile App,3,5
ORD004524,2024-08-07,CUST00262,Books,Comic,43.56,3,0,130.68,North,Debit Card,In-Store,5,12
ORD004525,2024-06-03,CUST00156,Books,Biography,42.15,4,0,168.6,Central,Bank Transfer,Mobile App,4,12
ORD004526,2024-04-17,CUST00435,Sports,Tennis Racket,109.33,3,0.15,278.79,East,PayPal,Mobile App,5,6
ORD004527,2024-08-04,CUST01325,Books,Textbook,50.62,5,0.15,215.14,North,Mobile Money,Web,5,14
ORD004528,2024-06-19,CUST00502,Clothing,Hat,49.72,4,0.2,159.1,East,Credit Card,Phone,5,11
ORD004529,2024-07-10,CUST01098,Home,Toaster,48.96,3,0,146.88,South,PayPal,Web,4,13
ORD004530,2024-12-30,CUST00269,Home,Pillow,374.5,3,0.05,1067.32,North,Mobile Money,Web,4,11
ORD004531,2024-10-30,CUST01310,Books,Novel,10.26,3,0.2,24.62,West,Debit Card,In-Store,5,4
ORD004532,2024-07-12,CUST01979,Electronics,Smartphone,222.31,5,0,1111.55,Central,PayPal,In-Store,3,14
ORD004533,2024-12-10,CUST01197,Clothing,Hat,12.3,3,0,36.9,South,Debit Card,Web,1,10
ORD004534,2024-05-04,CUST01745,Home,Lamp,383.0,5,0.05,1819.25,East,Debit Card,Web,1,14
ORD004535,2024-11-14,CUST00796,Electronics,Smartphone,1150.56,2,0,2301.12,South,Credit Card,In-Store,3,11
ORD004536,2024-07-14,CUST01819,Home,Pillow,156.56,3,0.15,399.23,Central,PayPal,Phone,5,6
ORD004537,2024-12-20,CUST01660,Books,Comic,45.33,4,0.1,163.19,South,Bank Transfer,Mobile App,3,10
ORD004538,2024-12-15,CUST01989,Sports,Yoga Mat,181.87,1,0.1,163.68,Central,Bank Transfer,In-Store,4,13
ORD004539,2024-09-28,CUST00031,Books,Cookbook,29.19,2,0.2,46.7,Central,PayPal,Phone,5,3
ORD004540,2024-01-07,CUST00146,Sports,Basketball,491.12,5,0,2455.6,Central,Bank Transfer,Phone,4,14
ORD004541,2024-07-25,CUST01301,Home,Pillow,262.72,5,0,1313.6,North,Mobile Money,In-Store,5,6
ORD004542,2024-08-27,CUST00429,Books,Textbook,41.81,4,0.15,142.15,South,Mobile Money,Web,2,9
ORD004543,2024-06-17,CUST01188,Sports,Dumbbell,298.21,4,0.2,954.27,Central,Credit Card,Mobile App,3,1
ORD004544,2024-05-09,CUST01832,Books,Comic,53.73,2,0,107.46,Central,Credit Card,Phone,4,5
ORD004545,2024-05-12,CUST00515,Clothing,Hat,12.92,4,0.2,41.34,West,Mobile Money,Mobile App,5,10
ORD004546,2024-05-17,CUST00979,Clothing,T-Shirt,30.87,3,0.2,74.09,South,Credit Card,Phone,2,2
ORD004547,2024-02-04,CUST01551,Sports,Bicycle,506.83,1,0,506.83,South,Mobile Money,Phone,3,3
ORD004548,2024-07-21,CUST01291,Sports,Bicycle,776.91,1,0.15,660.37,East,Debit Card,Phone,5,2
ORD004549,2024-02-03,CUST01001,Books,Biography,41.43,3,0.05,118.08,Central,Debit Card,In-Store,5,3
ORD004550,2024-12-28,CUST00508,Books,Comic,28.12,2,0.15,47.8,North,Debit Card,Web,2,11
ORD004551,2024-09-25,CUST00186,Electronics,Laptop,1117.94,1,0.15,950.25,East,Debit Card,Web,4,1
ORD004552,2024-12-30,CUST00432,Books,Comic,8.82,4,0.05,33.52,North,Bank Transfer,Phone,4,1
ORD004553,2024-07-22,CUST00435,Home,Chair,229.14,2,0,458.28,South,PayPal,Phone,4,14
ORD004554,2024-01-25,CUST00126,Home,Table,197.57,1,0.05,187.69,West,Mobile Money,Mobile App,5,8
ORD004555,2024-02-07,CUST01113,Books,Cookbook,34.24,5,0,171.2,North,Credit Card,Web,3,8
ORD004556,2024-11-13,CUST01704,Clothing,Hat,13.56,3,0.05,38.65,Central,Credit Card,Web,5,11
ORD004557,2024-07-19,CUST01307,Electronics,Headphones,138.38,3,0.2,332.11,West,PayPal,In-Store,4,8
ORD004558,2024-04-25,CUST00945,Home,Blender,243.14,2,0.2,389.02,East,Bank Transfer,In-Store,5,13
ORD004559,2024-10-25,CUST01467,Books,Cookbook,58.74,1,0.2,46.99,Central,Bank Transfer,Mobile App,5,12
ORD004560,2024-03-24,CUST00089,Books,Cookbook,20.53,4,0,82.12,Central,Credit Card,In-Store,3,6
ORD004561,2024-05-15,CUST01116,Clothing,Jeans,47.04,2,0,94.08,South,Credit Card,Phone,4,14
ORD004562,2024-08-27,CUST00537,Electronics,Laptop,84.01,4,0.2,268.83,West,PayPal,Mobile App,4,13
ORD004563,2024-04-17,CUST00700,Sports,Dumbbell,647.86,1,0.05,615.47,North,Credit Card,Phone,4,14
ORD004564,2024-06-27,CUST00184,Clothing,Socks,38.33,2,0.2,61.33,West,Debit Card,Phone,5,4
ORD004565,2024-05-12,CUST01994,Clothing,T-Shirt,86.17,1,0.2,68.94,North,Bank Transfer,Phone,5,12
ORD004566,2024-01-11,CUST01438,Electronics,Laptop,291.09,3,0.1,785.94,South,Credit Card,Phone,3,6
ORD004567,2024-08-15,CUST00829,Books,Biography,11.98,1,0,11.98,Central,Credit Card,Web,2,10
ORD004568,2024-08-07,CUST01870,Sports,Football,772.35,4,0.05,2934.93,East,Debit Card,Web,5,6
ORD004569,2024-02-07,CUST01567,Clothing,Sneakers,77.76,4,0,311.04,North,Mobile Money,Phone,1,9
ORD004570,2024-05-28,CUST00482,Books,Comic,28.06,3,0,84.18,East,Bank Transfer,In-Store,4,7
ORD004571,2024-04-05,CUST00651,Sports,Tennis Racket,281.83,4,0,1127.32,West,Mobile Money,Phone,3,9
ORD004572,2024-09-03,CUST00453,Sports,Tennis Racket,519.26,4,0.15,1765.48,Central,PayPal,Web,5,7
ORD004573,2024-11-29,CUST00984,Books,Novel,17.35,2,0.15,29.49,North,Credit Card,In-Store,4,11
ORD004574,2024-08-13,CUST01661,Electronics,Smartwatch,561.76,1,0.15,477.5,North,PayPal,Web,5,10
ORD004575,2024-04-24,CUST00629,Sports,Dumbbell,588.15,2,0,1176.3,West,Mobile Money,Mobile App,2,6
ORD004576,2024-11-22,CUST01247,Sports,Dumbbell,78.74,1,0,78.74,East,Debit Card,Mobile App,5,13
ORD004577,2024-12-15,CUST01400,Sports,Yoga Mat,91.47,2,0.2,146.35,North,Mobile Money,Mobile App,5,9
ORD004578,2024-01-28,CUST01622,Sports,Football,270.31,4,0.05,1027.18,South,Credit Card,Web,4,6
ORD004579,2024-05-20,CUST00420,Electronics,Camera,806.86,3,0,2420.58,West,Debit Card,In-Store,5,7
ORD004580,2024-08-14,CUST01883,Sports,Football,560.06,5,0.05,2660.29,South,PayPal,Phone,4,3
ORD004581,2024-07-17,CUST01640,Home,Pillow,115.33,4,0.05,438.25,Central,Mobile Money,In-Store,2,4
ORD004582,2024-03-07,CUST00412,Electronics,Smartwatch,640.26,4,0,2561.04,South,Mobile Money,Mobile App,4,12
ORD004583,2024-11-22,CUST01738,Home,Toaster,200.96,5,0.15,854.08,East,Credit Card,Phone,4,11
ORD004584,2024-06-08,CUST01078,Clothing,Hat,109.34,1,0.1,98.41,South,Mobile Money,Mobile App,3,8
ORD004585,2024-09-23,CUST01373,Books,Textbook,17.28,2,0,34.56,Central,Mobile Money,Phone,2,7
ORD004586,2024-08-14,CUST01521,Clothing,Jacket,10.98,1,0.1,9.88,East,PayPal,Phone,5,7
ORD004587,2024-07-24,CUST00822,Home,Pillow,85.11,2,0,170.22,Central,PayPal,Web,5,7
ORD004588,2024-08-24,CUST00761,Sports,Basketball,71.89,3,0,215.67,South,Bank Transfer,In-Store,2,6
ORD004589,2024-11-16,CUST01650,Home,Pillow,189.9,3,0,569.7,West,PayPal,In-Store,1,12
ORD004590,2024-09-30,CUST00611,Sports,Football,398.06,4,0,1592.24,North,Debit Card,Mobile App,4,2
ORD004591,2024-04-30,CUST01243,Clothing,Sneakers,71.0,4,0.1,255.6,East,Bank Transfer,Mobile App,3,11
ORD004592,2024-10-04,CUST00793,Clothing,Jacket,60.72,3,0.2,145.73,North,Debit Card,In-Store,5,13
ORD004593,2024-06-29,CUST00219,Clothing,Jacket,25.1,4,0.15,85.34,East,Credit Card,Web,4,11
ORD004594,2024-12-10,CUST01771,Sports,Bicycle,105.19,1,0,105.19,South,Bank Transfer,Web,5,11
ORD004595,2024-06-09,CUST00577,Clothing,Hat,80.9,2,0.2,129.44,Central,Credit Card,Web,5,3
ORD004596,2024-12-23,CUST00659,Books,Biography,9.04,4,0.05,34.35,West,Bank Transfer,In-Store,2,4
ORD004597,2024-08-18,CUST00999,Sports,Football,669.79,1,0.15,569.32,Central,PayPal,Web,4,9
ORD004598,2024-03-22,CUST01301,Electronics,Camera,328.83,5,0.1,1479.74,North,Mobile Money,In-Store,3,14
ORD004599,2024-10-11,CUST00068,Electronics,Smartwatch,945.69,4,0,3782.76,South,Bank Transfer,Mobile App,5,8
ORD004600,2024-06-12,CUST01979,Books,Comic,22.71,4,0.15,77.21,South,Bank Transfer,Web,5,3
ORD004601,2024-04-01,CUST00090,Clothing,Hat,133.0,3,0.05,379.05,North,Bank Transfer,Web,5,6
ORD004602,2024-09-26,CUST01048,Sports,Tennis Racket,40.07,1,0.2,32.06,North,Credit Card,Mobile App,5,1
ORD004603,2024-03-19,CUST00814,Electronics,Tablet,1395.23,4,0.1,5022.83,Central,Mobile Money,Mobile App,4,13
ORD004604,2024-08-20,CUST01759,Clothing,T-Shirt,137.17,2,0,274.34,Central,Credit Card,Phone,2,10
ORD004605,2024-07-12,CUST00802,Clothing,Jeans,38.71,5,0.05,183.87,South,Credit Card,In-Store,5,5
ORD004606,2024-10-14,CUST00006,Electronics,Tablet,1284.27,1,0.1,1155.84,South,Mobile Money,Mobile App,2,10
ORD004607,2024-10-13,CUST00681,Clothing,Socks,93.21,2,0.15,158.46,Central,Debit Card,In-Store,5,10
ORD004608,2024-10-25,CUST01305,Clothing,Socks,133.48,2,0.1,240.26,Central,Mobile Money,In-Store,5,10
ORD004609,2024-03-13,CUST01529,Home,Table,249.47,1,0.1,224.52,South,Debit Card,In-Store,5,6
ORD004610,2024-11-28,CUST00820,Sports,Tennis Racket,291.78,2,0.1,525.2,South,Bank Transfer,Web,3,7
ORD004611,2024-10-11,CUST00426,Electronics,Camera,919.81,3,0,2759.43,North,Debit Card,Phone,4,2
ORD004612,2024-12-12,CUST01915,Home,Pillow,240.3,1,0.2,192.24,Central,PayPal,Web,5,7
ORD004613,2024-01-22,CUST01221,Books,Cookbook,23.03,2,0.15,39.15,Central,Bank Transfer,Web,4,5
ORD004614,2024-02-06,CUST01262,Home,Table,370.02,1,0.2,296.02,North,Mobile Money,Mobile App,5,9
ORD004615,2024-09-04,CUST00528,Home,Table,316.53,3,0.1,854.63,North,Credit Card,Mobile App,3,7
ORD004616,2024-06-26,CUST01721,Clothing,Hat,137.58,5,0.05,653.5,North,Mobile Money,Mobile App,5,1
ORD004617,2024-08-21,CUST00165,Electronics,Smartwatch,974.72,1,0,974.72,Central,Mobile Money,In-Store,5,14
ORD004618,2024-06-13,CUST01347,Clothing,Socks,103.01,3,0.05,293.58,Central,Debit Card,In-Store,4,6
ORD004619,2024-12-18,CUST00870,Home,Pillow,177.34,1,0.15,150.74,Central,Credit Card,Web,5,2
ORD004620,2024-04-18,CUST00313,Home,Pillow,266.53,1,0,266.53,East,Debit Card,In-Store,4,10
ORD004621,2024-06-25,CUST01419,Home,Blender,276.18,1,0,276.18,North,Mobile Money,Phone,2,3
ORD004622,2024-11-14,CUST01657,Home,Pillow,118.69,4,0,474.76,West,Mobile Money,Mobile App,5,14
ORD004623,2024-07-16,CUST01839,Home,Toaster,199.49,3,0.05,568.55,North,Bank Transfer,Mobile App,3,6
ORD004624,2024-11-12,CUST01607,Books,Textbook,41.81,5,0,209.05,North,Credit Card,Phone,2,4
ORD004625,2024-01-08,CUST01822,Home,Pillow,192.18,1,0.1,172.96,South,Credit Card,Mobile App,5,3
ORD004626,2024-06-25,CUST00440,Clothing,T-Shirt,54.24,5,0.05,257.64,West,Bank Transfer,Mobile App,4,9
ORD004627,2024-07-01,CUST00680,Books,Biography,23.93,4,0,95.72,Central,Mobile Money,In-Store,3,7
ORD004628,2024-07-15,CUST01982,Sports,Yoga Mat,39.09,4,0.2,125.09,Central,Mobile Money,Mobile App,4,11
ORD004629,2024-02-27,CUST00106,Books,Comic,53.11,5,0.05,252.27,North,Debit Card,In-Store,3,6
ORD004630,2024-05-07,CUST00911,Home,Blender,261.81,3,0.2,628.34,Central,Bank Transfer,In-Store,4,3
ORD004631,2024-05-27,CUST00588,Sports,Yoga Mat,515.64,5,0,2578.2,North,PayPal,In-Store,4,1
ORD004632,2024-04-10,CUST00876,Home,Pillow,301.9,2,0.2,483.04,Central,PayPal,Web,5,14
ORD004633,2024-03-02,CUST01321,Electronics,Smartwatch,201.45,4,0.15,684.93,West,PayPal,In-Store,4,6
ORD004634,2024-02-22,CUST00505,Sports,Yoga Mat,147.55,5,0.1,663.97,South,PayPal,Web,4,10
ORD004635,2024-02-14,CUST00012,Sports,Dumbbell,680.77,4,0.15,2314.62,North,Mobile Money,Phone,3,12
ORD004636,2024-01-27,CUST01118,Books,Comic,56.75,2,0.05,107.82,Central,Credit Card,In-Store,5,10
ORD004637,2024-12-16,CUST01577,Clothing,Sneakers,23.91,3,0,71.73,East,Mobile Money,In-Store,4,10
ORD004638,2024-12-22,CUST01093,Clothing,Socks,52.81,4,0.05,200.68,Central,Debit Card,Phone,5,2
ORD004639,2024-09-03,CUST00785,Books,Guide,45.55,5,0.15,193.59,East,PayPal,Web,5,9
ORD004640,2024-11-20,CUST01487,Home,Chair,46.3,5,0.05,219.92,North,Mobile Money,Web,3,11
ORD004641,2024-08-02,CUST00653,Electronics,Tablet,330.89,1,0,330.89,West,PayPal,Web,1,3
ORD004642,2024-10-02,CUST01931,Sports,Yoga Mat,742.62,5,0,3713.1,West,Mobile Money,In-Store,5,6
ORD004643,2024-02-16,CUST01016,Sports,Football,519.5,4,0.1,1870.2,Central,Debit Card,Phone,3,14
ORD004644,2024-10-24,CUST00224,Clothing,T-Shirt,119.38,2,0,238.76,South,Debit Card,In-Store,5,6
ORD004645,2024-07-08,CUST00115,Sports,Bicycle,154.49,2,0.2,247.18,South,PayPal,In-Store,5,6
ORD004646,2024-12-24,CUST01580,Books,Novel,55.44,4,0,221.76,South,PayPal,Web,4,13
ORD004647,2024-03-09,CUST00113,Home,Toaster,63.34,4,0,253.36,South,Debit Card,Web,4,8
ORD004648,2024-09-25,CUST00092,Home,Pillow,362.57,1,0,362.57,West,Credit Card,Phone,5,7
ORD004649,2024-12-14,CUST00372,Clothing,Jacket,48.33,2,0,96.66,West,Debit Card,Mobile App,4,12
ORD004650,2024-04-01,CUST01121,Home,Blender,121.93,4,0.15,414.56,West,Credit Card,Mobile App,5,6
ORD004651,2024-12-13,CUST01490,Clothing,T-Shirt,60.4,1,0,60.4,South,PayPal,Web,4,8
ORD004652,2024-07-06,CUST01496,Clothing,Socks,37.72,4,0.1,135.79,East,Bank Transfer,In-Store,1,3
ORD004653,2024-05-05,CUST01342,Books,Novel,39.84,2,0.2,63.74,West,Debit Card,Mobile App,4,5
ORD004654,2024-05-01,CUST00831,Electronics,Tablet,1395.02,3,0.2,3348.05,North,Credit Card,Mobile App,2,10
ORD004655,2024-03-10,CUST01732,Electronics,Laptop,436.2,5,0.1,1962.9,South,Debit Card,In-Store,4,1
ORD004656,2024-10-14,CUST01362,Sports,Dumbbell,47.89,3,0.05,136.49,South,Debit Card,In-Store,5,6
ORD004657,2024-10-11,CUST01578,Home,Blender,107.35,3,0.1,289.85,South,Bank Transfer,In-Store,2,4
ORD004658,2024-07-18,CUST00087,Sports,Tennis Racket,626.77,3,0.1,1692.28,North,PayPal,In-Store,4,8
ORD004659,2024-11-15,CUST01986,Clothing,Jeans,137.04,1,0.05,130.19,South,Mobile Money,Phone,5,1
ORD004660,2024-08-21,CUST00759,Sports,Bicycle,245.37,3,0,736.11,North,Credit Card,Phone,5,13
ORD004661,2024-06-14,CUST01568,Home,Lamp,143.26,4,0,573.04,Central,Credit Card,Phone,4,6
ORD004662,2024-12-30,CUST00336,Sports,Dumbbell,696.66,4,0.2,2229.31,South,Debit Card,In-Store,5,3
ORD004663,2024-05-02,CUST01176,Electronics,Tablet,398.34,1,0.05,378.42,North,Credit Card,Phone,4,14
ORD004664,2024-05-06,CUST00496,Sports,Dumbbell,673.74,1,0.15,572.68,East,Bank Transfer,Web,5,13
ORD004665,2024-01-26,CUST00316,Electronics,Tablet,1473.96,2,0.2,2358.34,Central,Mobile Money,Web,5,3
ORD004666,2024-03-02,CUST01466,Clothing,Jeans,32.08,4,0.15,109.07,South,PayPal,In-Store,4,5
ORD004667,2024-03-28,CUST00046,Clothing,Jeans,46.57,5,0,232.85,South,Debit Card,Mobile App,3,13
ORD004668,2024-08-17,CUST01237,Electronics,Laptop,89.48,2,0,178.96,South,Bank Transfer,Mobile App,4,5
ORD004669,2024-09-07,CUST01463,Clothing,Jacket,18.59,5,0.2,74.36,South,PayPal,Mobile App,5,13
ORD004670,2024-11-21,CUST00842,Clothing,Hat,55.18,4,0,220.72,South,Bank Transfer,In-Store,5,12
ORD004671,2024-07-11,CUST01843,Sports,Yoga Mat,338.16,4,0.2,1082.11,Central,Bank Transfer,Phone,4,8
ORD004672,2024-01-02,CUST00001,Sports,Yoga Mat,188.11,1,0,188.11,West,Credit Card,Web,4,7
ORD004673,2024-04-06,CUST01478,Clothing,Jeans,62.74,2,0.05,119.21,East,Mobile Money,Phone,5,14
ORD004674,2024-04-05,CUST00597,Clothing,Sneakers,19.64,2,0.05,37.32,East,Bank Transfer,Phone,4,12
ORD004675,2024-06-02,CUST01030,Books,Biography,15.75,2,0.15,26.78,South,Credit Card,In-Store,4,7
ORD004676,2024-09-28,CUST00404,Clothing,Hat,32.4,2,0,64.8,Central,Credit Card,Mobile App,5,9
ORD004677,2024-11-03,CUST00789,Home,Chair,292.92,2,0,585.84,South,Mobile Money,Web,5,13
ORD004678,2024-12-17,CUST00570,Sports,Bicycle,247.19,1,0.15,210.11,East,Credit Card,Mobile App,3,5
ORD004679,2024-07-08,CUST01384,Home,Chair,86.43,2,0,172.86,North,Bank Transfer,Mobile App,4,10
ORD004680,2024-07-31,CUST01422,Clothing,Socks,100.18,1,0,100.18,Central,Debit Card,Mobile App,5,11
ORD004681,2024-06-24,CUST01664,Books,Comic,11.21,2,0.2,17.94,South,Debit Card,Phone,5,9
ORD004682,2024-11-08,CUST00497,Sports,Yoga Mat,634.46,1,0.15,539.29,North,Bank Transfer,In-Store,2,6
ORD004683,2024-09-17,CUST00380,Sports,Dumbbell,301.9,3,0,905.7,East,Mobile Money,Mobile App,4,4
ORD004684,2024-01-03,CUST01146,Clothing,Socks,107.74,2,0,215.48,West,Credit Card,Phone,4,10
ORD004685,2024-08-21,CUST01473,Home,Toaster,332.93,4,0.15,1131.96,East,Debit Card,Web,4,5
ORD004686,2024-07-04,CUST01307,Sports,Basketball,597.16,4,0.2,1910.91,West,Bank Transfer,Mobile App,2,11
ORD004687,2024-03-29,CUST00267,Clothing,Sneakers,128.22,1,0.15,108.99,East,PayPal,Web,4,13
ORD004688,2024-07-29,CUST00622,Electronics,Camera,1018.52,3,0,3055.56,North,Debit Card,Phone,3,11
ORD004689,2024-11-27,CUST01695,Books,Biography,28.15,5,0,140.75,East,Credit Card,In-Store,5,10
ORD004690,2024-08-05,CUST00350,Books,Comic,31.61,2,0,63.22,East,PayPal,Mobile App,5,12
ORD004691,2024-04-25,CUST00836,Clothing,T-Shirt,70.22,3,0.2,168.53,North,PayPal,Mobile App,3,5
ORD004692,2024-02-06,CUST01822,Electronics,Camera,1015.34,2,0.05,1929.15,East,Debit Card,Web,3,1
ORD004693,2024-05-06,CUST00062,Sports,Football,281.42,4,0.1,1013.11,Central,PayPal,Mobile App,4,12
ORD004694,2024-03-24,CUST01580,Electronics,Camera,1481.94,2,0,2963.88,West,PayPal,Phone,5,5
ORD004695,2024-11-29,CUST00781,Books,Cookbook,30.49,4,0.05,115.86,East,PayPal,Mobile App,4,9
ORD004696,2024-08-26,CUST01510,Books,Guide,56.51,2,0,113.02,North,Mobile Money,Web,5,12
ORD004697,2024-03-10,CUST01719,Electronics,Camera,150.32,1,0,150.32,East,Bank Transfer,Web,3,6
ORD004698,2024-02-27,CUST00988,Books,Cookbook,40.21,2,0,80.42,East,Bank Transfer,Web,5,1
ORD004699,2024-02-01,CUST01431,Home,Table,239.91,1,0.15,203.92,South,Credit Card,In-Store,5,10
ORD004700,2024-01-09,CUST00849,Clothing,T-Shirt,49.65,5,0,248.25,East,Credit Card,In-Store,5,2
ORD004701,2024-05-20,CUST00424,Clothing,T-Shirt,18.26,1,0.15,15.52,North,Credit Card,In-Store,5,6
ORD004702,2024-08-21,CUST00080,Electronics,Smartphone,177.84,5,0.1,800.28,West,Mobile Money,Web,4,13
ORD004703,2024-02-29,CUST00543,Books,Biography,58.17,3,0.15,148.33,Central,Debit Card,In-Store,4,2
ORD004704,2024-05-16,CUST01908,Home,Blender,23.09,3,0,69.27,West,Mobile Money,Web,5,11
ORD004705,2024-07-17,CUST01976,Clothing,T-Shirt,57.99,2,0.1,104.38,East,Credit Card,Web,2,2
ORD004706,2024-02-19,CUST01539,Books,Textbook,52.58,4,0.2,168.26,East,Bank Transfer,Mobile App,4,5
ORD004707,2024-01-06,CUST01954,Electronics,Laptop,619.69,4,0,2478.76,West,Debit Card,In-Store,4,6
ORD004708,2024-04-12,CUST00153,Clothing,T-Shirt,128.91,1,0.05,122.46,South,Debit Card,Web,4,8
ORD004709,2024-06-05,CUST01484,Clothing,Jacket,112.71,5,0.15,479.02,South,PayPal,Web,4,9
ORD004710,2024-11-08,CUST01215,Sports,Dumbbell,580.98,1,0.15,493.83,South,PayPal,Mobile App,5,14
ORD004711,2024-12-01,CUST00487,Clothing,Sneakers,15.46,1,0.1,13.91,North,Bank Transfer,Web,4,13
ORD004712,2024-12-15,CUST00338,Home,Lamp,24.91,5,0.1,112.09,Central,Mobile Money,Web,4,13
ORD004713,2024-09-23,CUST01841,Sports,Basketball,536.18,2,0.1,965.12,East,Credit Card,In-Store,4,12
ORD004714,2024-11-21,CUST01450,Sports,Yoga Mat,505.65,3,0,1516.95,East,Credit Card,Mobile App,3,7
ORD004715,2024-09-29,CUST00888,Books,Comic,40.46,4,0,161.84,Central,Mobile Money,Phone,5,5
ORD004716,2024-02-05,CUST00351,Sports,Football,705.41,1,0,705.41,Central,Debit Card,Phone,5,3
ORD004717,2024-08-29,CUST01059,Home,Chair,22.4,4,0.05,85.12,South,Mobile Money,Phone,4,8
ORD004718,2024-12-19,CUST00515,Sports,Football,29.03,1,0.1,26.13,North,Bank Transfer,Mobile App,5,11
ORD004719,2024-02-19,CUST00931,Home,Lamp,290.61,2,0,581.22,Central,Debit Card,Web,5,9
ORD004720,2024-02-12,CUST00794,Clothing,Socks,44.85,4,0.05,170.43,South,Credit Card,Web,5,8
ORD004721,2024-02-29,CUST00782,Clothing,Hat,123.62,3,0.15,315.23,West,Credit Card,Phone,5,10
ORD004722,2024-05-18,CUST00491,Books,Novel,58.77,1,0.1,52.89,Central,Credit Card,Mobile App,1,11
ORD004723,2024-07-29,CUST01083,Books,Biography,54.4,2,0.2,87.04,West,Debit Card,Mobile App,2,4
ORD004724,2024-07-19,CUST00829,Sports,Tennis Racket,525.57,3,0,1576.71,West,Mobile Money,Web,4,13
ORD004725,2024-01-19,CUST01888,Home,Table,22.62,1,0.15,19.23,North,Bank Transfer,Web,4,9
ORD004726,2024-07-03,CUST01454,Clothing,T-Shirt,68.25,5,0,341.25,Central,Bank Transfer,Web,1,6
ORD004727,2024-02-09,CUST01534,Home,Blender,372.33,3,0.2,893.59,East,Credit Card,Mobile App,5,5
ORD004728,2024-01-07,CUST01222,Clothing,Sneakers,19.22,1,0,19.22,Central,Bank Transfer,Web,4,8
ORD004729,2024-06-07,CUST01099,Books,Novel,36.97,5,0,184.85,South,Mobile Money,Phone,4,9
ORD004730,2024-02-17,CUST00572,Home,Toaster,20.52,2,0.2,32.83,Central,Credit Card,Web,5,13
ORD004731,2024-12-20,CUST01619,Books,Biography,29.14,3,0,87.42,North,PayPal,Mobile App,5,14
ORD004732,2024-02-23,CUST00913,Books,Comic,40.29,2,0.15,68.49,East,Debit Card,Mobile App,4,10
ORD004733,2024-10-13,CUST01858,Home,Lamp,290.73,2,0.2,465.17,South,Bank Transfer,Web,5,4
ORD004734,2024-07-03,CUST00967,Books,Biography,21.01,4,0.05,79.84,East,Debit Card,In-Store,5,2
ORD004735,2024-04-13,CUST00280,Home,Chair,114.6,4,0,458.4,West,Credit Card,Web,4,3
ORD004736,2024-09-09,CUST01754,Electronics,Headphones,841.25,1,0,841.25,North,Credit Card,Web,4,4
ORD004737,2024-02-19,CUST00830,Clothing,T-Shirt,80.39,2,0,160.78,North,Bank Transfer,Web,5,10
ORD004738,2024-06-30,CUST00821,Books,Comic,31.9,5,0.1,143.55,West,Credit Card,Web,2,8
ORD004739,2024-05-23,CUST01209,Books,Comic,22.18,5,0,110.9,East,Mobile Money,Web,3,7
ORD004740,2024-08-15,CUST00215,Clothing,Jeans,106.52,4,0.15,362.17,North,PayPal,In-Store,3,13
ORD004741,2024-04-02,CUST00620,Electronics,Smartphone,1100.05,1,0.15,935.04,West,PayPal,In-Store,5,10
ORD004742,2024-07-15,CUST01656,Clothing,T-Shirt,109.02,5,0,545.1,West,PayPal,Mobile App,4,14
ORD004743,2024-04-07,CUST01974,Clothing,Socks,91.9,3,0,275.7,North,Bank Transfer,Web,5,3
ORD004744,2024-02-13,CUST00623,Clothing,Hat,51.17,4,0.05,194.45,East,PayPal,Mobile App,5,12
ORD004745,2024-07-12,CUST01323,Clothing,Socks,104.62,4,0,418.48,North,Bank Transfer,Web,5,9
ORD004746,2024-06-05,CUST01544,Home,Blender,145.69,4,0.1,524.48,South,Credit Card,Mobile App,4,11
ORD004747,2024-03-22,CUST01216,Home,Chair,288.53,1,0,288.53,South,Mobile Money,In-Store,3,3
ORD004748,2024-02-05,CUST01839,Clothing,Jacket,65.93,1,0,65.93,South,Credit Card,Phone,5,8
ORD004749,2024-07-28,CUST00041,Books,Guide,5.25,5,0.1,23.63,West,Mobile Money,In-Store,1,9
ORD004750,2024-06-07,CUST00757,Sports,Dumbbell,411.59,2,0.15,699.7,West,PayPal,Mobile App,3,13
ORD004751,2024-12-25,CUST00086,Sports,Basketball,454.3,3,0,1362.9,East,PayPal,In-Store,4,1
ORD004752,2024-04-11,CUST00773,Clothing,Hat,87.07,2,0.1,156.73,West,Bank Transfer,Web,5,9
ORD004753,2024-01-23,CUST01457,Electronics,Tablet,476.61,5,0.05,2263.9,West,PayPal,Mobile App,2,3
ORD004754,2024-12-05,CUST00046,Sports,Bicycle,715.95,1,0,715.95,West,Credit Card,Phone,5,10
ORD004755,2024-09-26,CUST01058,Electronics,Smartwatch,111.55,3,0.15,284.45,West,Credit Card,Web,5,6
ORD004756,2024-05-21,CUST00145,Electronics,Smartwatch,1080.64,2,0,2161.28,South,Bank Transfer,Mobile App,5,10
ORD004757,2024-04-16,CUST01017,Home,Table,120.25,1,0.1,108.22,Central,Bank Transfer,Web,3,5
ORD004758,2024-08-22,CUST00632,Books,Guide,21.92,3,0,65.76,South,Bank Transfer,Mobile App,5,1
ORD004759,2024-12-30,CUST00908,Clothing,Hat,59.78,1,0.15,50.81,Central,Mobile Money,Phone,5,8
ORD004760,2024-06-12,CUST01860,Home,Table,15.23,3,0,45.69,West,Credit Card,Mobile App,4,7
ORD004761,2024-05-17,CUST00519,Books,Textbook,16.95,4,0,67.8,West,PayPal,Web,3,6
ORD004762,2024-06-10,CUST01452,Electronics,Headphones,1115.15,2,0.1,2007.27,North,PayPal,Mobile App,4,12
ORD004763,2024-06-24,CUST01081,Home,Pillow,108.2,3,0.1,292.14,South,Mobile Money,In-Store,2,12
ORD004764,2024-05-13,CUST00801,Books,Biography,16.16,4,0,64.64,North,Credit Card,Phone,5,11
ORD004765,2024-01-31,CUST01492,Home,Lamp,244.25,3,0,732.75,Central,Debit Card,In-Store,2,7
ORD004766,2024-12-01,CUST01698,Sports,Basketball,725.84,3,0.1,1959.77,South,Mobile Money,Mobile App,5,11
ORD004767,2024-05-13,CUST00460,Sports,Dumbbell,392.51,4,0,1570.04,East,Mobile Money,Web,1,5
ORD004768,2024-12-03,CUST01597,Home,Lamp,356.09,4,0,1424.36,South,Bank Transfer,Mobile App,5,7
ORD004769,2024-10-18,CUST01368,Home,Pillow,312.03,3,0,936.09,West,Mobile Money,In-Store,3,7
ORD004770,2024-12-11,CUST00029,Clothing,Sneakers,61.78,3,0,185.34,South,PayPal,Mobile App,5,10
ORD004771,2024-07-23,CUST01287,Books,Comic,39.11,3,0,117.33,South,Debit Card,Web,4,14
ORD004772,2024-05-13,CUST00815,Sports,Yoga Mat,361.67,3,0,1085.01,East,Bank Transfer,Mobile App,4,10
ORD004773,2024-12-19,CUST00337,Electronics,Laptop,1420.06,4,0.05,5396.23,West,Credit Card,In-Store,5,14
ORD004774,2024-09-22,CUST01744,Clothing,Hat,85.62,2,0.2,136.99,East,Bank Transfer,Mobile App,5,5
ORD004775,2024-12-18,CUST01841,Home,Chair,24.49,5,0.1,110.21,South,Bank Transfer,In-Store,4,5
ORD004776,2024-11-11,CUST01576,Home,Chair,324.2,1,0,324.2,East,Bank Transfer,Web,5,5
ORD004777,2024-10-12,CUST00096,Books,Cookbook,33.88,5,0.15,143.99,Central,Mobile Money,Phone,5,4
ORD004778,2024-08-12,CUST00213,Home,Pillow,82.03,2,0,164.06,North,PayPal,Phone,5,9
ORD004779,2024-06-23,CUST00252,Books,Textbook,31.42,5,0,157.1,West,Debit Card,Web,5,12
ORD004780,2024-02-13,CUST01081,Books,Textbook,25.79,4,0.2,82.53,West,Debit Card,Web,4,5
ORD004781,2024-10-18,CUST00241,Electronics,Camera,977.72,2,0,1955.44,West,Mobile Money,Phone,4,14
ORD004782,2024-10-06,CUST01183,Electronics,Headphones,295.94,4,0.1,1065.38,West,Mobile Money,Phone,4,3
ORD004783,2024-10-18,CUST01291,Electronics,Smartwatch,250.99,3,0.05,715.32,South,Debit Card,In-Store,5,8
ORD004784,2024-08-13,CUST01407,Books,Guide,58.63,5,0.05,278.49,West,Credit Card,Phone,1,14
ORD004785,2024-10-19,CUST01249,Books,Novel,40.08,5,0.15,170.34,South,PayPal,Phone,5,9
ORD004786,2024-11-01,CUST00054,Home,Pillow,81.43,3,0,244.29,Central,Debit Card,In-Store,4,13
ORD004787,2024-06-23,CUST00586,Electronics,Smartphone,1177.11,2,0,2354.22,West,Credit Card,Web,3,6
ORD004788,2024-10-12,CUST01159,Home,Toaster,396.87,2,0,793.74,East,Credit Card,Phone,2,2
ORD004789,2024-08-21,CUST00876,Sports,Football,371.74,1,0.05,353.15,Central,Debit Card,Web,4,4
ORD004790,2024-05-04,CUST00396,Electronics,Headphones,1357.53,3,0,4072.59,West,PayPal,Mobile App,4,6
ORD004791,2024-05-04,CUST01511,Home,Lamp,344.27,3,0,1032.81,South,Credit Card,Web,4,2
ORD004792,2024-06-16,CUST01221,Clothing,Jacket,142.71,4,0.05,542.3,North,PayPal,In-Store,5,14
ORD004793,2024-12-25,CUST00004,Sports,Dumbbell,387.56,2,0,775.12,East,Mobile Money,Mobile App,5,6
ORD004794,2024-04-20,CUST00760,Sports,Basketball,165.56,1,0,165.56,West,Debit Card,Phone,3,14
ORD004795,2024-09-13,CUST00859,Books,Cookbook,33.07,2,0.05,62.83,East,PayPal,In-Store,4,10
ORD004796,2024-03-08,CUST01761,Sports,Football,43.68,4,0,174.72,West,Debit Card,Mobile App,5,11
ORD004797,2024-03-12,CUST01189,Electronics,Headphones,1239.99,1,0,1239.99,East,Debit Card,Mobile App,5,13
ORD004798,2024-08-16,CUST00436,Electronics,Laptop,940.6,2,0,1881.2,East,Credit Card,Phone,3,10
ORD004799,2024-10-23,CUST01030,Books,Cookbook,54.48,1,0.1,49.03,West,Debit Card,Web,5,2
ORD004800,2024-10-30,CUST00394,Clothing,T-Shirt,40.17,2,0.15,68.29,Central,Bank Transfer,Web,5,2
ORD004801,2024-06-27,CUST01004,Home,Lamp,315.69,3,0.1,852.36,West,Credit Card,Phone,5,9
ORD004802,2024-01-18,CUST00079,Electronics,Camera,960.7,4,0.1,3458.52,East,Credit Card,Web,5,14
ORD004803,2024-08-03,CUST00163,Home,Pillow,393.44,3,0.2,944.26,South,Credit Card,In-Store,5,4
ORD004804,2024-05-14,CUST00210,Clothing,Sneakers,10.14,3,0.05,28.9,North,Credit Card,In-Store,3,5
ORD004805,2024-10-22,CUST01400,Sports,Yoga Mat,503.17,5,0,2515.85,West,Bank Transfer,Web,2,10
ORD004806,2024-02-04,CUST00600,Books,Cookbook,48.96,1,0.1,44.06,North,Mobile Money,Phone,3,6
ORD004807,2024-06-03,CUST00418,Sports,Basketball,34.09,3,0.1,92.04,West,Credit Card,Web,4,2
ORD004808,2024-12-04,CUST01520,Books,Cookbook,5.75,1,0,5.75,West,Credit Card,Phone,3,5
ORD004809,2024-05-16,CUST01010,Clothing,Hat,51.91,2,0.15,88.25,South,Debit Card,Web,5,1
ORD004810,2024-04-10,CUST01647,Sports,Dumbbell,46.03,1,0,46.03,North,PayPal,Mobile App,3,3
ORD004811,2024-10-14,CUST01759,Home,Blender,301.83,3,0.15,769.67,Central,Bank Transfer,Web,5,14
ORD004812,2024-05-21,CUST01436,Home,Toaster,205.75,3,0.05,586.39,East,PayPal,In-Store,4,2
ORD004813,2024-05-24,CUST00682,Books,Cookbook,45.27,2,0.15,76.96,West,PayPal,Web,2,2
ORD004814,2024-11-16,CUST01051,Sports,Basketball,308.29,5,0,1541.45,Central,Credit Card,Phone,1,14
ORD004815,2024-12-13,CUST00318,Books,Biography,29.23,1,0.1,26.31,North,Bank Transfer,In-Store,5,11
ORD004816,2024-12-21,CUST01242,Sports,Dumbbell,433.9,1,0,433.9,East,Debit Card,Web,5,1
ORD004817,2024-06-16,CUST01614,Sports,Bicycle,535.05,5,0,2675.25,Central,PayPal,Phone,5,9
ORD004818,2024-04-08,CUST00439,Clothing,Hat,110.11,5,0,550.55,West,Mobile Money,Mobile App,4,13
ORD004819,2024-10-11,CUST01316,Electronics,Smartphone,125.03,5,0.2,500.12,East,Bank Transfer,In-Store,5,4
ORD004820,2024-02-09,CUST00525,Electronics,Headphones,415.41,4,0.1,1495.48,North,Bank Transfer,In-Store,5,12
ORD004821,2024-02-06,CUST00498,Electronics,Tablet,70.67,1,0.15,60.07,West,Credit Card,Phone,5,1
ORD004822,2024-07-02,CUST01346,Electronics,Laptop,1454.09,5,0.2,5816.36,North,Debit Card,Mobile App,4,11
ORD004823,2024-10-25,CUST00667,Home,Toaster,371.22,1,0.2,296.98,South,PayPal,In-Store,4,4
ORD004824,2024-02-10,CUST00208,Sports,Dumbbell,133.96,3,0.05,381.79,South,Bank Transfer,Phone,3,1
ORD004825,2024-06-19,CUST00524,Electronics,Laptop,937.62,2,0,1875.24,North,Mobile Money,Phone,2,2
ORD004826,2024-04-29,CUST01537,Electronics,Laptop,1332.99,3,0.1,3599.07,North,Bank Transfer,Phone,3,12
ORD004827,2024-02-09,CUST00795,Home,Chair,373.6,4,0.2,1195.52,West,Bank Transfer,In-Store,3,9
ORD004828,2024-02-09,CUST01454,Electronics,Camera,1275.71,1,0,1275.71,South,Debit Card,Web,2,2
ORD004829,2024-07-07,CUST00800,Books,Biography,36.88,4,0,147.52,West,Debit Card,Mobile App,4,4
ORD004830,2024-09-15,CUST00601,Sports,Bicycle,524.77,2,0.05,997.06,South,PayPal,In-Store,3,7
ORD004831,2024-09-06,CUST01235,Clothing,Jeans,122.27,1,0.15,103.93,North,PayPal,Mobile App,4,9
ORD004832,2024-01-04,CUST01851,Sports,Bicycle,30.62,5,0,153.1,East,Debit Card,Web,4,7
ORD004833,2024-09-08,CUST00054,Sports,Basketball,329.86,3,0.05,940.1,Central,Mobile Money,Mobile App,3,8
ORD004834,2024-02-10,CUST01871,Home,Lamp,382.07,3,0.1,1031.59,East,Mobile Money,Web,5,6
ORD004835,2024-07-01,CUST01619,Home,Table,50.06,3,0.1,135.16,East,Debit Card,Phone,5,5
ORD004836,2024-09-04,CUST01130,Clothing,Socks,54.44,2,0,108.88,East,Debit Card,In-Store,3,13
ORD004837,2024-09-30,CUST00332,Sports,Dumbbell,742.42,2,0.1,1336.36,North,Debit Card,Web,2,11
ORD004838,2024-11-27,CUST00539,Books,Textbook,26.12,1,0.15,22.2,South,Credit Card,In-Store,4,11
ORD004839,2024-02-24,CUST01964,Home,Blender,213.54,1,0,213.54,West,Debit Card,In-Store,3,4
ORD004840,2024-02-03,CUST00032,Electronics,Smartphone,137.67,2,0,275.34,North,Credit Card,Mobile App,3,2
ORD004841,2024-02-12,CUST00953,Home,Blender,131.41,3,0,394.23,West,Bank Transfer,Web,3,14
ORD004842,2024-03-09,CUST01978,Home,Table,270.56,5,0,1352.8,West,Credit Card,Mobile App,5,7
ORD004843,2024-11-14,CUST00969,Electronics,Camera,493.37,4,0.05,1874.81,Central,Bank Transfer,Phone,5,12
ORD004844,2024-11-27,CUST00160,Clothing,Jacket,66.4,5,0.05,315.4,North,Debit Card,In-Store,5,1
ORD004845,2024-11-14,CUST00344,Books,Guide,28.9,3,0.1,78.03,West,Mobile Money,Mobile App,4,4
ORD004846,2024-02-27,CUST01262,Sports,Dumbbell,414.7,1,0.05,393.97,East,Mobile Money,In-Store,5,1
ORD004847,2024-02-03,CUST01728,Home,Pillow,85.85,1,0,85.85,West,Credit Card,In-Store,2,3
ORD004848,2024-04-24,CUST01470,Clothing,Socks,61.71,5,0.15,262.27,South,Debit Card,Web,4,13
ORD004849,2024-08-08,CUST01513,Home,Chair,96.7,4,0,386.8,Central,Mobile Money,In-Store,5,11
ORD004850,2024-02-28,CUST01080,Home,Blender,239.15,1,0.05,227.19,Central,PayPal,Web,2,13
ORD004851,2024-03-06,CUST00123,Electronics,Laptop,586.61,5,0.05,2786.4,South,Mobile Money,Web,3,6
ORD004852,2024-06-03,CUST00826,Home,Toaster,169.25,2,0.05,321.57,South,PayPal,In-Store,2,13
ORD004853,2024-07-11,CUST01743,Sports,Tennis Racket,582.62,3,0.15,1485.68,South,Mobile Money,Web,5,13
ORD004854,2024-01-14,CUST00048,Home,Blender,264.08,4,0,1056.32,East,Mobile Money,Web,4,2
ORD004855,2024-01-26,CUST01502,Books,Cookbook,19.2,3,0,57.6,West,PayPal,In-Store,2,3
ORD004856,2024-04-14,CUST00877,Home,Table,375.82,4,0.1,1352.95,North,PayPal,In-Store,4,9
ORD004857,2024-09-25,CUST00139,Books,Guide,30.22,1,0.1,27.2,Central,Debit Card,Phone,2,12
ORD004858,2024-05-27,CUST00898,Books,Guide,17.11,4,0.05,65.02,Central,PayPal,In-Store,4,12
ORD004859,2024-11-20,CUST01312,Clothing,Sneakers,135.44,2,0.15,230.25,Central,Bank Transfer,Web,5,6
ORD004860,2024-04-19,CUST00568,Books,Biography,22.99,3,0,68.97,East,PayPal,Phone,5,10
ORD004861,2024-02-01,CUST00906,Books,Guide,49.39,4,0.1,177.8,North,PayPal,In-Store,4,6
ORD004862,2024-04-10,CUST01901,Clothing,T-Shirt,148.74,1,0.05,141.3,East,Credit Card,Mobile App,2,8
ORD004863,2024-04-03,CUST01136,Clothing,Jacket,92.29,1,0.15,78.45,East,Mobile Money,Phone,5,12
ORD004864,2024-11-26,CUST00333,Clothing,Jacket,17.32,3,0,51.96,East,Credit Card,Phone,5,8
ORD004865,2024-03-20,CUST00827,Home,Pillow,219.74,4,0,878.96,East,Debit Card,In-Store,5,4
ORD004866,2024-03-19,CUST00261,Books,Comic,13.49,2,0.2,21.58,North,PayPal,Web,2,1
ORD004867,2024-08-22,CUST00698,Books,Comic,54.75,4,0,219.0,South,Credit Card,Web,3,12
ORD004868,2024-07-29,CUST00475,Home,Toaster,192.61,1,0.1,173.35,West,Debit Card,In-Store,4,1
ORD004869,2024-10-20,CUST01476,Electronics,Smartwatch,396.0,2,0,792.0,Central,Debit Card,Mobile App,3,1
ORD004870,2024-07-22,CUST00796,Home,Pillow,15.41,3,0,46.23,North,PayPal,In-Store,5,5
ORD004871,2024-05-15,CUST01855,Home,Chair,98.71,3,0.1,266.52,North,Credit Card,Mobile App,2,1
ORD004872,2024-01-18,CUST01941,Sports,Tennis Racket,312.73,4,0.15,1063.28,West,Debit Card,Mobile App,4,3
ORD004873,2024-03-04,CUST00969,Electronics,Tablet,223.74,4,0,894.96,Central,Debit Card,Phone,4,1
ORD004874,2024-05-18,CUST00434,Home,Toaster,180.71,2,0,361.42,East,Debit Card,Mobile App,4,1
ORD004875,2024-12-16,CUST00933,Books,Novel,54.61,2,0,109.22,West,Debit Card,Mobile App,1,3
ORD004876,2024-06-19,CUST01161,Sports,Dumbbell,217.96,5,0.2,871.84,South,Mobile Money,Phone,5,5
ORD004877,2024-09-05,CUST01816,Clothing,Hat,111.87,1,0,111.87,West,Bank Transfer,Phone,5,4
ORD004878,2024-04-15,CUST00717,Sports,Tennis Racket,64.74,1,0,64.74,South,Bank Transfer,Mobile App,1,4
ORD004879,2024-04-17,CUST00687,Sports,Basketball,304.01,2,0,608.02,North,PayPal,In-Store,4,13
ORD004880,2024-04-05,CUST01127,Sports,Football,330.08,2,0.15,561.14,Central,Mobile Money,In-Store,4,7
ORD004881,2024-02-23,CUST01523,Electronics,Tablet,1274.15,2,0.05,2420.88,East,PayPal,In-Store,4,3
ORD004882,2024-08-28,CUST00248,Books,Cookbook,18.62,5,0.1,83.79,East,Mobile Money,Web,2,12
ORD004883,2024-08-30,CUST00150,Books,Cookbook,50.61,1,0,50.61,North,Debit Card,Phone,4,11
ORD004884,2024-01-23,CUST00544,Home,Table,128.1,5,0.15,544.42,South,Mobile Money,Phone,5,14
ORD004885,2024-01-17,CUST00422,Electronics,Smartphone,946.02,4,0.05,3594.88,East,Mobile Money,Mobile App,3,4
ORD004886,2024-12-07,CUST00667,Books,Textbook,58.92,3,0.05,167.92,West,Credit Card,In-Store,3,9
ORD004887,2024-07-26,CUST00805,Home,Lamp,47.74,5,0,238.7,South,Debit Card,Mobile App,3,11
ORD004888,2024-09-08,CUST00234,Books,Biography,38.29,1,0,38.29,South,PayPal,Mobile App,4,11
ORD004889,2024-07-26,CUST01934,Books,Textbook,48.81,5,0,244.05,South,Debit Card,Mobile App,4,14
ORD004890,2024-05-11,CUST00908,Sports,Basketball,740.76,2,0.1,1333.37,East,Mobile Money,Phone,2,2
ORD004891,2024-03-22,CUST01768,Books,Biography,25.59,4,0,102.36,East,Bank Transfer,Mobile App,4,7
ORD004892,2024-04-30,CUST00579,Books,Novel,32.48,5,0,162.4,North,Bank Transfer,Mobile App,5,12
ORD004893,2024-11-21,CUST01707,Clothing,Sneakers,81.57,4,0.2,261.02,Central,Debit Card,Phone,3,7
ORD004894,2024-10-04,CUST00986,Sports,Dumbbell,318.38,5,0,1591.9,Central,PayPal,Phone,5,6
ORD004895,2024-03-14,CUST00747,Clothing,T-Shirt,13.53,2,0.2,21.65,North,Bank Transfer,Mobile App,5,12
ORD004896,2024-01-03,CUST01148,Books,Guide,49.78,3,0.05,141.87,North,Debit Card,Mobile App,4,8
ORD004897,2024-08-29,CUST01688,Electronics,Tablet,255.92,1,0,255.92,South,Mobile Money,Mobile App,3,10
ORD004898,2024-12-26,CUST00571,Clothing,Socks,30.14,4,0.15,102.48,Central,PayPal,In-Store,5,3
ORD004899,2024-05-06,CUST01559,Books,Biography,45.78,2,0.1,82.4,South,Mobile Money,Mobile App,5,3
ORD004900,2024-09-20,CUST01264,Home,Lamp,276.43,2,0.2,442.29,East,Bank Transfer,Web,3,11
ORD004901,2024-09-16,CUST00064,Books,Novel,41.56,1,0.1,37.4,Central,Bank Transfer,Web,5,5
ORD004902,2024-03-31,CUST00551,Electronics,Smartwatch,351.39,4,0.15,1194.73,East,PayPal,Mobile App,5,3
ORD004903,2024-09-07,CUST00275,Books,Comic,38.13,2,0.05,72.45,West,Debit Card,Mobile App,3,3
ORD004904,2024-06-12,CUST00198,Electronics,Tablet,1495.17,2,0,2990.34,West,Bank Transfer,Mobile App,2,13
ORD004905,2024-07-04,CUST01444,Clothing,Hat,140.53,4,0,562.12,West,PayPal,Web,2,7
ORD004906,2024-10-30,CUST01800,Electronics,Smartwatch,628.52,3,0.2,1508.45,North,Debit Card,Mobile App,5,10
ORD004907,2024-06-23,CUST00663,Books,Biography,49.73,1,0.15,42.27,South,Bank Transfer,Phone,5,7
ORD004908,2024-02-13,CUST01837,Home,Blender,40.29,1,0.1,36.26,South,Credit Card,Phone,3,3
ORD004909,2024-02-14,CUST01994,Clothing,Socks,90.27,5,0.15,383.65,West,PayPal,In-Store,5,14
ORD004910,2024-12-21,CUST01042,Electronics,Headphones,1409.03,4,0.1,5072.51,East,Credit Card,Phone,4,8
ORD004911,2024-11-12,CUST01189,Books,Guide,53.07,3,0.1,143.29,North,Bank Transfer,Phone,5,14
ORD004912,2024-04-04,CUST00775,Books,Cookbook,29.36,1,0.15,24.96,East,PayPal,In-Store,3,11
ORD004913,2024-05-17,CUST01393,Electronics,Tablet,390.02,1,0.15,331.52,East,Debit Card,In-Store,4,10
ORD004914,2024-09-11,CUST01565,Electronics,Headphones,275.23,2,0,550.46,East,PayPal,Mobile App,4,3
ORD004915,2024-11-26,CUST01468,Clothing,T-Shirt,130.1,3,0,390.3,Central,Mobile Money,Mobile App,2,9
ORD004916,2024-04-29,CUST00418,Electronics,Camera,1112.24,5,0,5561.2,North,Mobile Money,In-Store,3,2
ORD004917,2024-05-01,CUST00670,Electronics,Camera,306.15,3,0.1,826.61,North,Bank Transfer,Mobile App,5,4
ORD004918,2024-04-16,CUST00661,Clothing,Sneakers,24.16,3,0,72.48,North,Debit Card,In-Store,5,11
ORD004919,2024-02-03,CUST01973,Books,Guide,16.1,3,0,48.3,North,Bank Transfer,Web,4,7
ORD004920,2024-11-17,CUST00735,Clothing,Jeans,116.36,3,0.05,331.63,East,Debit Card,Mobile App,2,11
ORD004921,2024-07-29,CUST01975,Sports,Basketball,272.44,1,0.05,258.82,South,Debit Card,Web,4,7
ORD004922,2024-05-10,CUST01129,Sports,Basketball,464.3,5,0.15,1973.28,North,Debit Card,In-Store,4,6
ORD004923,2024-12-17,CUST01550,Books,Novel,42.09,4,0.1,151.52,Central,Bank Transfer,Web,5,7
ORD004924,2024-04-10,CUST00620,Clothing,Jacket,141.8,5,0.1,638.1,East,Debit Card,Phone,2,6
ORD004925,2024-02-26,CUST00849,Electronics,Smartphone,364.63,5,0.05,1731.99,West,PayPal,Phone,5,2
ORD004926,2024-05-19,CUST00928,Books,Novel,28.61,1,0,28.61,North,Mobile Money,Mobile App,3,7
ORD004927,2024-01-03,CUST01542,Books,Novel,11.99,3,0.05,34.17,East,Debit Card,Web,4,3
ORD004928,2024-01-01,CUST00795,Electronics,Headphones,1194.68,5,0,5973.4,Central,Mobile Money,Mobile App,4,10
ORD004929,2024-02-15,CUST00348,Books,Biography,59.23,1,0,59.23,Central,Debit Card,Web,4,10
ORD004930,2024-11-19,CUST01523,Electronics,Camera,596.67,4,0.1,2148.01,Central,Mobile Money,In-Store,4,8
ORD004931,2024-03-14,CUST00706,Home,Lamp,357.13,1,0.1,321.42,South,Credit Card,Phone,4,6
ORD004932,2024-02-27,CUST00480,Home,Lamp,115.29,1,0.05,109.53,Central,PayPal,Web,3,4
ORD004933,2024-06-21,CUST00902,Sports,Dumbbell,118.05,4,0.05,448.59,West,Bank Transfer,Web,3,10
ORD004934,2024-02-01,CUST00804,Home,Lamp,114.33,3,0.15,291.54,South,Mobile Money,Web,5,4
ORD004935,2024-09-24,CUST00238,Sports,Yoga Mat,524.13,2,0.1,943.43,South,Debit Card,Phone,3,8
ORD004936,2024-07-02,CUST01400,Sports,Basketball,717.35,3,0,2152.05,East,Bank Transfer,Web,4,14
ORD004937,2024-05-06,CUST01049,Sports,Dumbbell,707.99,4,0.05,2690.36,West,Bank Transfer,Mobile App,4,3
ORD004938,2024-09-06,CUST00402,Home,Pillow,264.15,3,0,792.45,West,Mobile Money,Mobile App,4,9
ORD004939,2024-08-11,CUST00435,Books,Novel,9.23,1,0.2,7.38,East,Bank Transfer,In-Store,5,6
ORD004940,2024-01-25,CUST01164,Clothing,Hat,47.71,3,0.2,114.5,Central,Bank Transfer,In-Store,5,9
ORD004941,2024-02-01,CUST01498,Clothing,Hat,46.91,4,0,187.64,West,Debit Card,In-Store,4,6
ORD004942,2024-11-11,CUST00450,Home,Lamp,186.97,2,0.15,317.85,North,PayPal,Web,4,5
ORD004943,2024-01-17,CUST00948,Clothing,T-Shirt,59.87,3,0.15,152.67,West,Debit Card,In-Store,5,3
ORD004944,2024-01-12,CUST00758,Sports,Yoga Mat,405.81,1,0,405.81,South,Mobile Money,Phone,5,13
ORD004945,2024-07-13,CUST01639,Electronics,Smartphone,583.86,4,0.05,2218.67,South,Credit Card,Phone,5,13
ORD004946,2024-02-09,CUST00001,Books,Cookbook,49.66,4,0,198.64,Central,Credit Card,Phone,4,12
ORD004947,2024-09-06,CUST01639,Home,Lamp,254.26,3,0,762.78,South,PayPal,Phone,3,2
ORD004948,2024-02-02,CUST01052,Home,Pillow,31.08,1,0.15,26.42,South,Bank Transfer,Mobile App,5,3
ORD004949,2024-12-24,CUST00059,Electronics,Smartwatch,258.13,3,0,774.39,North,Debit Card,In-Store,3,1
ORD004950,2024-12-11,CUST00913,Electronics,Camera,185.82,4,0,743.28,South,Bank Transfer,Web,5,12
ORD004951,2024-09-15,CUST01266,Home,Table,138.97,2,0.05,264.04,North,PayPal,Phone,3,6
ORD004952,2024-10-05,CUST00280,Books,Guide,47.35,3,0.05,134.95,West,Debit Card,Mobile App,3,4
ORD004953,2024-07-31,CUST01169,Clothing,Socks,88.13,3,0.15,224.73,North,Debit Card,In-Store,4,9
ORD004954,2024-04-16,CUST00865,Clothing,T-Shirt,88.28,3,0,264.84,North,Mobile Money,In-Store,1,11
ORD004955,2024-10-16,CUST00596,Home,Toaster,30.79,3,0.15,78.51,North,Mobile Money,Phone,4,12
ORD004956,2024-12-28,CUST01961,Clothing,Jeans,49.86,2,0.2,79.78,West,Credit Card,Mobile App,5,14
ORD004957,2024-07-15,CUST01812,Electronics,Camera,1283.44,2,0,2566.88,West,Debit Card,Mobile App,4,4
ORD004958,2024-12-06,CUST01383,Electronics,Smartwatch,1396.49,4,0.15,4748.07,North,Credit Card,Web,5,3
ORD004959,2024-12-14,CUST00013,Clothing,Hat,88.0,4,0.1,316.8,South,PayPal,Phone,4,10
ORD004960,2024-05-18,CUST01851,Home,Chair,316.2,4,0,1264.8,North,Bank Transfer,Mobile App,4,6
ORD004961,2024-05-07,CUST01159,Home,Blender,282.18,5,0.05,1340.35,West,Debit Card,In-Store,4,13
ORD004962,2024-05-14,CUST00295,Electronics,Camera,277.37,5,0.15,1178.82,North,Debit Card,Web,5,8
ORD004963,2024-11-06,CUST01317,Home,Toaster,43.99,3,0,131.97,North,Debit Card,In-Store,1,13
ORD004964,2024-05-03,CUST00483,Books,Textbook,33.67,4,0.1,121.21,Central,Credit Card,Web,4,7
ORD004965,2024-08-15,CUST00656,Books,Textbook,17.11,5,0,85.55,South,PayPal,Web,4,14
ORD004966,2024-09-23,CUST01443,Clothing,Socks,51.99,4,0.05,197.56,South,Debit Card,In-Store,4,9
ORD004967,2024-02-07,CUST01890,Home,Pillow,142.51,2,0,285.02,North,PayPal,In-Store,1,5
ORD004968,2024-03-13,CUST00556,Home,Toaster,341.95,4,0.1,1231.02,North,PayPal,Web,1,13
ORD004969,2024-03-09,CUST01480,Sports,Dumbbell,30.86,2,0.15,52.46,West,Mobile Money,In-Store,4,10
ORD004970,2024-11-17,CUST01085,Sports,Football,124.48,3,0.15,317.42,South,Bank Transfer,Web,5,1
ORD004971,2024-01-27,CUST00997,Clothing,Jeans,10.87,3,0,32.61,South,Bank Transfer,Web,3,1
ORD004972,2024-08-17,CUST00732,Clothing,Hat,73.54,5,0,367.7,North,Debit Card,Phone,3,4
ORD004973,2024-11-06,CUST01899,Books,Novel,40.4,4,0.2,129.28,South,Debit Card,Web,5,13
ORD004974,2024-08-07,CUST01091,Clothing,Jeans,58.85,4,0.05,223.63,Central,Bank Transfer,Mobile App,4,2
ORD004975,2024-04-16,CUST00747,Clothing,Sneakers,49.99,2,0,99.98,Central,PayPal,Mobile App,3,11
ORD004976,2024-03-22,CUST01955,Sports,Yoga Mat,770.33,3,0.05,2195.44,South,Bank Transfer,In-Store,2,14
ORD004977,2024-06-01,CUST00612,Sports,Football,475.1,5,0,2375.5,West,PayPal,Mobile App,2,13
ORD004978,2024-10-11,CUST01686,Books,Biography,51.53,4,0.2,164.9,South,PayPal,Phone,5,5
ORD004979,2024-08-11,CUST00734,Sports,Yoga Mat,443.85,3,0.05,1264.97,East,Mobile Money,Phone,4,12
ORD004980,2024-07-06,CUST00108,Electronics,Tablet,220.54,4,0.2,705.73,West,Mobile Money,Phone,5,5
ORD004981,2024-01-03,CUST00282,Home,Lamp,53.28,5,0.15,226.44,East,Mobile Money,Phone,4,1
ORD004982,2024-09-12,CUST00095,Home,Chair,178.53,4,0.1,642.71,Central,Credit Card,In-Store,4,12
ORD004983,2024-09-16,CUST01678,Books,Biography,51.16,4,0,204.64,South,Bank Transfer,In-Store,5,1
ORD004984,2024-01-01,CUST01290,Home,Lamp,175.75,4,0,703.0,South,Credit Card,Mobile App,5,3
ORD004985,2024-01-07,CUST01674,Home,Chair,57.31,2,0.1,103.16,East,PayPal,Phone,3,14
ORD004986,2024-02-19,CUST00602,Clothing,Sneakers,62.92,3,0.15,160.45,Central,Mobile Money,In-Store,5,10
ORD004987,2024-12-10,CUST00674,Books,Guide,10.04,1,0,10.04,East,PayPal,Mobile App,4,12
ORD004988,2024-09-13,CUST00601,Sports,Yoga Mat,194.41,2,0,388.82,Central,Bank Transfer,Web,5,7
ORD004989,2024-11-26,CUST01459,Sports,Yoga Mat,193.82,3,0.2,465.17,East,Debit Card,Mobile App,5,9
ORD004990,2024-01-04,CUST00091,Books,Guide,42.38,1,0,42.38,North,Bank Transfer,Web,4,8
ORD004991,2024-02-10,CUST01244,Home,Toaster,191.14,1,0,191.14,West,Debit Card,Mobile App,3,7
ORD004992,2024-01-28,CUST00006,Electronics,Smartwatch,837.04,1,0.2,669.63,East,PayPal,Phone,4,11
ORD004993,2024-01-15,CUST00742,Electronics,Smartwatch,998.89,3,0,2996.67,Central,Mobile Money,In-Store,5,13
ORD004994,2024-11-03,CUST00345,Sports,Basketball,224.15,3,0,672.45,North,Credit Card,In-Store,5,3
ORD004995,2024-02-15,CUST00383,Electronics,Camera,787.94,3,0.2,1891.06,Central,Mobile Money,In-Store,5,5
ORD004996,2024-03-30,CUST00072,Sports,Football,669.86,5,0.05,3181.83,East,PayPal,Web,3,6
ORD004997,2024-07-08,CUST01555,Electronics,Smartwatch,119.83,2,0.05,227.68,West,Credit Card,Phone,5,14
ORD004998,2024-12-15,CUST01860,Sports,Dumbbell,532.75,1,0.2,426.2,West,Bank Transfer,In-Store,5,2
ORD004999,2024-10-04,CUST01766,Clothing,Jacket,124.28,2,0.2,198.85,Central,Debit Card,Phone,4,14
ORD005000,2024-07-05,CUST00328,Sports,Yoga Mat,783.05,3,0.1,2114.24,West,Mobile Money,Web,4,12
ORD005001,2024-07-31,CUST01345,Books,Cookbook,39.07,2,0,78.14,North,PayPal,Phone,4,10
ORD005002,2024-09-25,CUST01019,Home,Toaster,26.02,1,0.2,20.82,West,Credit Card,Web,5,1
ORD005003,2024-03-11,CUST01278,Clothing,Socks,41.54,1,0.15,35.31,East,PayPal,Phone,2,10
ORD005004,2024-12-26,CUST00536,Electronics,Tablet,1429.65,4,0,5718.6,South,Bank Transfer,In-Store,3,11
ORD005005,2024-09-19,CUST00551,Books,Textbook,16.25,3,0.1,43.87,Central,Credit Card,Mobile App,4,12
ORD005006,2024-01-02,CUST01057,Sports,Bicycle,389.37,5,0.05,1849.51,North,Credit Card,Web,2,12
ORD005007,2024-12-08,CUST00427,Clothing,Jeans,121.49,5,0,607.45,South,Credit Card,In-Store,5,4
ORD005008,2024-12-08,CUST01554,Clothing,Jacket,21.42,4,0,85.68,North,Debit Card,Phone,4,9
ORD005009,2024-09-18,CUST01666,Books,Cookbook,27.89,2,0.15,47.41,Central,Credit Card,Web,5,4
ORD005010,2024-04-02,CUST00626,Clothing,Jeans,113.09,5,0,565.45,East,Bank Transfer,In-Store,5,11
ORD005011,2024-10-14,CUST01804,Clothing,Jacket,25.71,4,0.1,92.56,East,Bank Transfer,In-Store,2,8
ORD005012,2024-06-23,CUST01211,Electronics,Laptop,1211.76,2,0.15,2059.99,North,Credit Card,Mobile App,5,9
ORD005013,2024-01-23,CUST01105,Home,Chair,66.25,1,0.05,62.94,South,Credit Card,Mobile App,5,8
ORD005014,2024-04-24,CUST01859,Books,Guide,20.17,3,0,60.51,North,PayPal,Phone,5,10
ORD005015,2024-04-24,CUST01888,Clothing,Jacket,109.01,1,0.05,103.56,East,Bank Transfer,Web,3,4
ORD005016,2024-02-11,CUST00686,Books,Cookbook,13.98,2,0,27.96,South,Bank Transfer,Phone,4,10
ORD005017,2024-03-30,CUST00790,Books,Cookbook,25.24,3,0.05,71.93,West,Credit Card,Web,2,7
ORD005018,2024-03-08,CUST00937,Clothing,T-Shirt,81.98,1,0.2,65.58,West,Mobile Money,In-Store,4,12
ORD005019,2024-10-21,CUST01550,Home,Pillow,329.61,4,0,1318.44,South,PayPal,Web,2,11
ORD005020,2024-07-12,CUST01411,Electronics,Laptop,397.74,3,0.1,1073.9,Central,PayPal,Web,4,10
ORD005021,2024-09-17,CUST01906,Clothing,Hat,21.57,5,0,107.85,Central,PayPal,In-Store,5,5
ORD005022,2024-06-29,CUST01726,Sports,Yoga Mat,593.52,4,0,2374.08,South,Credit Card,In-Store,3,8
ORD005023,2024-07-03,CUST01166,Home,Table,396.78,1,0.05,376.94,East,Bank Transfer,Web,4,5
ORD005024,2024-05-12,CUST01421,Books,Comic,10.55,3,0,31.65,East,Mobile Money,In-Store,3,9
ORD005025,2024-03-09,CUST01048,Electronics,Tablet,1121.9,2,0,2243.8,Central,Bank Transfer,Phone,5,5
ORD005026,2024-04-27,CUST00513,Books,Comic,52.55,5,0.1,236.47,South,Credit Card,Phone,5,9
ORD005027,2024-04-24,CUST01440,Home,Chair,44.43,5,0,222.15,Central,Bank Transfer,Phone,5,6
ORD005028,2024-09-05,CUST00272,Home,Toaster,99.23,2,0.05,188.54,West,Credit Card,In-Store,4,5
ORD005029,2024-01-01,CUST01745,Clothing,Jeans,46.03,2,0,92.06,Central,Debit Card,In-Store,5,13
ORD005030,2024-04-27,CUST01753,Electronics,Smartphone,467.56,2,0,935.12,West,Debit Card,Web,5,8
ORD005031,2024-09-01,CUST01382,Home,Lamp,245.69,3,0,737.07,North,Mobile Money,Mobile App,1,3
ORD005032,2024-12-05,CUST01849,Clothing,Hat,138.38,5,0.1,622.71,West,Mobile Money,Mobile App,4,4
ORD005033,2024-06-23,CUST00388,Home,Chair,52.33,1,0.1,47.1,West,PayPal,In-Store,5,11
ORD005034,2024-02-14,CUST00576,Sports,Basketball,776.09,2,0,1552.18,East,Credit Card,Web,4,9
ORD005035,2024-12-18,CUST01994,Sports,Yoga Mat,616.87,5,0.15,2621.7,North,Bank Transfer,Web,5,2
ORD005036,2024-09-11,CUST01456,Sports,Tennis Racket,230.81,5,0,1154.05,Central,Debit Card,In-Store,5,3
ORD005037,2024-10-28,CUST01830,Electronics,Headphones,420.05,2,0.15,714.08,East,PayPal,Mobile App,5,13
ORD005038,2024-08-20,CUST01575,Home,Chair,87.22,5,0.15,370.68,Central,Mobile Money,Mobile App,5,11
ORD005039,2024-04-20,CUST00304,Electronics,Tablet,123.2,5,0.15,523.6,East,Debit Card,Web,4,14
ORD005040,2024-02-27,CUST00454,Electronics,Smartwatch,985.56,4,0,3942.24,South,PayPal,Mobile App,4,1
ORD005041,2024-03-28,CUST00984,Sports,Bicycle,641.15,4,0.2,2051.68,Central,Debit Card,Web,4,8
ORD005042,2024-09-10,CUST01106,Electronics,Smartphone,171.16,2,0,342.32,Central,Mobile Money,Web,4,1
ORD005043,2024-12-03,CUST01568,Clothing,Jacket,129.2,5,0.1,581.4,South,PayPal,In-Store,3,11
ORD005044,2024-07-15,CUST01288,Sports,Yoga Mat,157.66,1,0.05,149.78,North,PayPal,Mobile App,4,14
ORD005045,2024-09-09,CUST00731,Sports,Basketball,86.5,5,0.05,410.88,North,Mobile Money,Phone,4,6
ORD005046,2024-07-09,CUST01994,Electronics,Laptop,1324.88,1,0,1324.88,North,Debit Card,Phone,3,8
ORD005047,2024-02-19,CUST00696,Books,Novel,11.44,2,0,22.88,West,PayPal,Web,4,1
ORD005048,2024-10-02,CUST01764,Electronics,Laptop,362.63,4,0.2,1160.42,East,Debit Card,Phone,4,11
ORD005049,2024-02-16,CUST01120,Clothing,Hat,47.82,4,0.15,162.59,East,PayPal,Web,5,14
ORD005050,2024-03-30,CUST00160,Books,Textbook,52.35,2,0,104.7,Central,Debit Card,Mobile App,4,7
ORD005051,2024-02-27,CUST01221,Clothing,Sneakers,146.1,3,0.2,350.64,Central,Credit Card,Mobile App,3,13
ORD005052,2024-08-13,CUST00076,Electronics,Laptop,273.63,2,0,547.26,West,Mobile Money,In-Store,1,9
ORD005053,2024-03-22,CUST01739,Clothing,Socks,59.06,2,0.1,106.31,West,PayPal,In-Store,3,8
ORD005054,2024-02-17,CUST00725,Books,Textbook,49.65,4,0.1,178.74,Central,Credit Card,Mobile App,3,7
ORD005055,2024-04-14,CUST00524,Home,Chair,151.67,3,0,455.01,West,Mobile Money,Phone,4,14
ORD005056,2024-12-23,CUST00152,Books,Guide,51.48,2,0.05,97.81,West,PayPal,Phone,4,10
ORD005057,2024-03-14,CUST01550,Electronics,Tablet,1216.88,3,0,3650.64,South,Credit Card,In-Store,3,10
ORD005058,2024-05-27,CUST01091,Books,Comic,58.35,2,0,116.7,North,Mobile Money,In-Store,4,4
ORD005059,2024-12-21,CUST00595,Books,Novel,38.96,4,0,155.84,Central,Bank Transfer,Phone,4,4
ORD005060,2024-07-13,CUST00481,Electronics,Laptop,670.89,1,0,670.89,Central,Bank Transfer,In-Store,5,3
ORD005061,2024-04-03,CUST00192,Electronics,Laptop,1169.75,3,0,3509.25,East,Credit Card,In-Store,3,4
ORD005062,2024-09-25,CUST01123,Books,Cookbook,58.67,1,0.15,49.87,North,Bank Transfer,Mobile App,5,6
ORD005063,2024-11-26,CUST00460,Sports,Bicycle,603.71,3,0.1,1630.02,West,PayPal,In-Store,5,5
ORD005064,2024-10-21,CUST01559,Sports,Dumbbell,310.98,5,0.05,1477.15,West,PayPal,Mobile App,4,6
ORD005065,2024-06-04,CUST01086,Home,Chair,258.34,1,0.15,219.59,South,Mobile Money,In-Store,4,7
ORD005066,2024-09-27,CUST01653,Sports,Yoga Mat,476.45,4,0.15,1619.93,West,Bank Transfer,Phone,4,13
ORD005067,2024-09-18,CUST01086,Books,Textbook,46.96,2,0,93.92,North,Bank Transfer,Phone,2,8
ORD005068,2024-07-10,CUST01733,Sports,Bicycle,626.63,5,0,3133.15,Central,Debit Card,Mobile App,2,13
ORD005069,2024-10-30,CUST00689,Home,Blender,200.7,5,0.1,903.15,South,Debit Card,Phone,3,2
ORD005070,2024-07-07,CUST01313,Electronics,Laptop,1099.59,5,0.2,4398.36,West,Debit Card,In-Store,5,2
ORD005071,2024-04-14,CUST00086,Sports,Dumbbell,293.67,1,0,293.67,Central,Debit Card,Phone,5,2
ORD005072,2024-06-08,CUST00561,Clothing,Socks,98.37,1,0,98.37,North,Bank Transfer,Phone,5,3
ORD005073,2024-08-06,CUST01087,Sports,Bicycle,245.4,1,0,245.4,North,Mobile Money,Mobile App,4,3
ORD005074,2024-08-21,CUST00389,Sports,Tennis Racket,227.61,1,0,227.61,North,Debit Card,Phone,2,1
ORD005075,2024-08-22,CUST01131,Sports,Dumbbell,99.05,3,0.05,282.29,West,Mobile Money,Mobile App,4,8
ORD005076,2024-10-19,CUST00917,Clothing,Socks,24.78,4,0.2,79.3,East,Bank Transfer,Mobile App,5,8
ORD005077,2024-01-09,CUST01306,Home,Blender,371.69,1,0,371.69,Central,Mobile Money,Phone,5,5
ORD005078,2024-02-02,CUST00271,Electronics,Laptop,911.89,4,0,3647.56,East,Mobile Money,Phone,4,12
ORD005079,2024-09-26,CUST01611,Electronics,Smartwatch,62.59,1,0,62.59,South,Mobile Money,Web,5,1
ORD005080,2024-03-17,CUST00272,Books,Novel,50.61,1,0,50.61,North,Debit Card,Phone,5,9
ORD005081,2024-01-19,CUST01980,Clothing,Hat,15.86,1,0.2,12.69,North,Bank Transfer,Web,3,12
ORD005082,2024-10-28,CUST01604,Books,Cookbook,15.78,3,0.15,40.24,West,Mobile Money,Phone,3,10
ORD005083,2024-02-26,CUST00625,Sports,Dumbbell,677.61,1,0.2,542.09,North,Credit Card,Phone,4,4
ORD005084,2024-02-27,CUST00527,Clothing,Hat,30.97,2,0,61.94,South,Bank Transfer,In-Store,4,9
ORD005085,2024-02-02,CUST00993,Books,Novel,28.8,2,0,57.6,North,Debit Card,In-Store,5,5
ORD005086,2024-03-21,CUST01892,Home,Toaster,165.33,3,0,495.99,South,Credit Card,Mobile App,5,6
ORD005087,2024-08-26,CUST01266,Home,Pillow,217.08,3,0.15,553.55,East,Credit Card,Mobile App,5,5
ORD005088,2024-04-20,CUST00768,Clothing,Jacket,101.12,2,0.05,192.13,South,Debit Card,Web,3,11
ORD005089,2024-09-11,CUST01729,Books,Guide,22.62,5,0.05,107.44,South,Debit Card,Web,5,3
ORD005090,2024-11-22,CUST00482,Electronics,Headphones,180.64,2,0.1,325.15,North,Bank Transfer,Phone,2,8
ORD005091,2024-06-06,CUST00343,Books,Guide,48.22,4,0,192.88,South,Bank Transfer,Phone,4,9
ORD005092,2024-01-23,CUST01841,Electronics,Headphones,1372.43,5,0,6862.15,East,Bank Transfer,Phone,5,4
ORD005093,2024-07-19,CUST01552,Electronics,Camera,888.98,4,0.05,3378.12,West,Debit Card,Phone,5,1
ORD005094,2024-06-08,CUST01226,Clothing,Socks,95.22,4,0.15,323.75,North,Credit Card,In-Store,5,13
ORD005095,2024-10-31,CUST00527,Books,Novel,59.12,3,0.2,141.89,East,Bank Transfer,In-Store,4,12
ORD005096,2024-03-01,CUST01670,Home,Blender,147.51,4,0.15,501.53,West,Credit Card,In-Store,4,4
ORD005097,2024-11-21,CUST01068,Home,Chair,194.25,5,0,971.25,West,Debit Card,Mobile App,5,13
ORD005098,2024-05-11,CUST01095,Clothing,Sneakers,117.45,4,0,469.8,East,Debit Card,Phone,5,14
ORD005099,2024-12-18,CUST01287,Home,Toaster,311.62,3,0.05,888.12,East,Credit Card,Mobile App,3,12
ORD005100,2024-06-02,CUST00852,Electronics,Camera,90.48,1,0.2,72.38,East,Bank Transfer,In-Store,4,6
ORD005101,2024-03-10,CUST00626,Clothing,Hat,148.61,2,0,297.22,East,Debit Card,Mobile App,5,6
ORD005102,2024-09-25,CUST01504,Books,Biography,33.31,2,0,66.62,West,PayPal,Phone,4,11
ORD005103,2024-01-03,CUST00453,Home,Table,247.84,2,0.15,421.33,Central,Bank Transfer,Web,5,2
ORD005104,2024-07-22,CUST01253,Clothing,Jeans,123.33,4,0.15,419.32,North,PayPal,Phone,3,8
ORD005105,2024-02-10,CUST01582,Electronics,Laptop,1375.63,1,0,1375.63,Central,Credit Card,Phone,4,14
ORD005106,2024-05-19,CUST00151,Clothing,Jeans,19.68,2,0.1,35.42,North,PayPal,Phone,3,12
ORD005107,2024-04-13,CUST00919,Books,Comic,7.15,1,0.05,6.79,East,Credit Card,In-Store,5,8
ORD005108,2024-01-20,CUST01237,Sports,Basketball,114.2,3,0,342.6,Central,Credit Card,Web,4,1
ORD005109,2024-03-12,CUST00462,Sports,Yoga Mat,250.02,1,0,250.02,South,Credit Card,Phone,4,6
ORD005110,2024-07-30,CUST01134,Books,Cookbook,20.9,4,0.15,71.06,North,Bank Transfer,Mobile App,5,7
ORD005111,2024-04-25,CUST00206,Clothing,Jeans,131.99,4,0.05,501.56,North,PayPal,Mobile App,4,2
ORD005112,2024-08-31,CUST00566,Electronics,Headphones,542.57,5,0.1,2441.56,North,PayPal,Mobile App,5,7
ORD005113,2024-07-11,CUST01641,Home,Chair,242.89,1,0.2,194.31,East,Mobile Money,Web,5,5
ORD005114,2024-02-02,CUST00616,Clothing,Hat,112.72,5,0.2,450.88,South,Bank Transfer,In-Store,5,5
ORD005115,2024-05-06,CUST01196,Electronics,Tablet,821.84,4,0,3287.36,East,Mobile Money,In-Store,4,3
ORD005116,2024-06-05,CUST01244,Sports,Tennis Racket,397.77,2,0.15,676.21,West,Bank Transfer,Mobile App,4,3
ORD005117,2024-11-29,CUST00311,Home,Table,147.76,3,0,443.28,North,Credit Card,Web,5,2
ORD005118,2024-02-26,CUST01714,Home,Pillow,242.75,4,0,971.0,West,Mobile Money,In-Store,5,13
ORD005119,2024-06-26,CUST01270,Home,Table,95.37,1,0.15,81.06,Central,Mobile Money,Phone,5,3
ORD005120,2024-10-17,CUST00495,Books,Cookbook,14.72,2,0,29.44,North,Credit Card,Mobile App,3,11
ORD005121,2024-06-20,CUST00376,Home,Pillow,150.23,2,0.1,270.41,East,Mobile Money,Mobile App,5,8
ORD005122,2024-07-02,CUST00742,Books,Guide,46.05,1,0,46.05,Central,Mobile Money,Web,3,2
ORD005123,2024-08-15,CUST01005,Clothing,T-Shirt,113.33,1,0,113.33,South,Debit Card,In-Store,4,9
ORD005124,2024-10-15,CUST00255,Clothing,Sneakers,29.89,3,0.2,71.74,East,Credit Card,In-Store,5,7
ORD005125,2024-10-07,CUST00938,Sports,Yoga Mat,262.94,5,0.05,1248.97,North,Debit Card,In-Store,4,11
ORD005126,2024-10-26,CUST00116,Sports,Basketball,291.86,5,0.15,1240.4,East,PayPal,Mobile App,3,6
ORD005127,2024-11-08,CUST00575,Books,Textbook,44.69,4,0,178.76,South,Debit Card,Web,4,7
ORD005128,2024-03-13,CUST00862,Electronics,Smartphone,50.29,5,0.1,226.31,Central,Mobile Money,In-Store,5,3
ORD005129,2024-07-22,CUST01619,Books,Biography,23.18,3,0,69.54,South,Credit Card,Phone,4,14
ORD005130,2024-10-30,CUST01912,Home,Lamp,333.35,4,0.1,1200.06,South,Bank Transfer,In-Store,2,14
ORD005131,2024-02-10,CUST01683,Books,Cookbook,23.13,3,0,69.39,Central,Debit Card,Mobile App,4,2
ORD005132,2024-06-08,CUST00349,Electronics,Laptop,513.77,5,0,2568.85,West,Debit Card,Web,5,9
ORD005133,2024-05-05,CUST00838,Electronics,Headphones,1089.03,1,0.15,925.68,South,Debit Card,Mobile App,5,11
ORD005134,2024-03-28,CUST01350,Home,Pillow,62.13,3,0.2,149.11,North,Mobile Money,In-Store,3,7
ORD005135,2024-08-13,CUST00493,Electronics,Smartphone,1058.12,1,0.2,846.5,Central,Bank Transfer,Phone,5,2
ORD005136,2024-06-06,CUST00408,Home,Toaster,126.32,3,0,378.96,North,Credit Card,Phone,5,11
ORD005137,2024-09-07,CUST00596,Home,Table,328.73,4,0.15,1117.68,North,PayPal,Phone,5,14
ORD005138,2024-05-05,CUST00359,Home,Lamp,208.05,1,0.05,197.65,East,Debit Card,Mobile App,3,12
ORD005139,2024-06-29,CUST01036,Books,Textbook,7.19,4,0.15,24.45,West,Mobile Money,Web,5,8
ORD005140,2024-08-21,CUST00782,Electronics,Smartphone,1249.57,3,0,3748.71,West,Mobile Money,Web,5,7
ORD005141,2024-07-03,CUST00874,Sports,Bicycle,545.55,1,0.1,491.0,North,Credit Card,Phone,5,9
ORD005142,2024-07-16,CUST00522,Sports,Dumbbell,310.51,2,0,621.02,West,PayPal,Web,5,11
ORD005143,2024-12-11,CUST00533,Home,Lamp,84.54,3,0,253.62,South,Bank Transfer,Phone,5,9
ORD005144,2024-07-17,CUST00011,Home,Toaster,339.86,3,0.1,917.62,North,Bank Transfer,Mobile App,2,1
ORD005145,2024-10-09,CUST00442,Sports,Dumbbell,102.43,2,0.1,184.37,Central,Debit Card,Phone,2,2
ORD005146,2024-04-22,CUST01754,Sports,Football,414.64,5,0.2,1658.56,North,Bank Transfer,Phone,5,10
ORD005147,2024-09-25,CUST00954,Clothing,T-Shirt,67.86,1,0,67.86,East,Mobile Money,Phone,5,12
ORD005148,2024-12-30,CUST01725,Electronics,Laptop,791.55,5,0.05,3759.86,East,Debit Card,Mobile App,4,7
ORD005149,2024-03-06,CUST01259,Clothing,Jacket,93.59,1,0,93.59,South,Debit Card,Web,4,13
ORD005150,2024-09-07,CUST00423,Books,Biography,23.53,1,0.05,22.35,North,Bank Transfer,Phone,3,5
ORD005151,2024-09-07,CUST00874,Sports,Basketball,110.26,3,0,330.78,South,PayPal,In-Store,4,10
ORD005152,2024-02-17,CUST01799,Clothing,Sneakers,69.23,3,0,207.69,South,PayPal,Phone,5,13
ORD005153,2024-04-19,CUST00934,Books,Guide,47.57,1,0.05,45.19,South,Mobile Money,Web,4,13
ORD005154,2024-03-29,CUST01779,Home,Table,220.9,2,0.05,419.71,South,PayPal,Web,4,4
ORD005155,2024-01-07,CUST00638,Home,Lamp,87.31,3,0.05,248.83,Central,Mobile Money,Phone,5,6
ORD005156,2024-12-24,CUST01452,Books,Comic,40.51,3,0.05,115.45,East,Bank Transfer,Mobile App,3,2
ORD005157,2024-03-31,CUST00261,Sports,Dumbbell,189.78,5,0.15,806.57,East,PayPal,Phone,3,8
ORD005158,2024-04-21,CUST00698,Home,Lamp,361.45,3,0,1084.35,North,Debit Card,In-Store,5,13
ORD005159,2024-12-20,CUST01153,Books,Comic,7.96,4,0,31.84,West,Debit Card,Phone,4,13
ORD005160,2024-04-26,CUST00339,Home,Table,199.54,4,0,798.16,East,Debit Card,Mobile App,3,5
ORD005161,2024-03-10,CUST01485,Electronics,Laptop,664.7,4,0.2,2127.04,Central,Mobile Money,Phone,5,14
ORD005162,2024-01-22,CUST01676,Books,Comic,28.2,2,0.15,47.94,West,Credit Card,Mobile App,5,10
ORD005163,2024-12-14,CUST00525,Clothing,Jeans,147.05,4,0.2,470.56,East,Credit Card,Web,5,14
ORD005164,2024-02-27,CUST01444,Sports,Yoga Mat,178.32,4,0,713.28,North,Credit Card,Mobile App,4,11
ORD005165,2024-09-18,CUST01508,Home,Lamp,254.57,2,0,509.14,North,Mobile Money,Mobile App,3,11
ORD005166,2024-07-22,CUST01846,Clothing,T-Shirt,39.56,1,0.05,37.58,West,PayPal,Web,4,14
ORD005167,2024-11-24,CUST01078,Sports,Yoga Mat,390.41,5,0.05,1854.45,Central,Bank Transfer,In-Store,4,6
ORD005168,2024-07-01,CUST01190,Sports,Bicycle,569.54,4,0.1,2050.34,West,Credit Card,Web,4,5
ORD005169,2024-05-30,CUST01326,Sports,Football,377.32,5,0.2,1509.28,Central,Credit Card,Phone,5,10
ORD005170,2024-06-30,CUST01104,Clothing,Jeans,99.41,5,0.2,397.64,South,Debit Card,Phone,3,11
ORD005171,2024-12-04,CUST01171,Sports,Dumbbell,326.14,4,0.1,1174.1,Central,PayPal,Mobile App,5,1
ORD005172,2024-06-18,CUST00468,Electronics,Smartphone,321.56,4,0.2,1028.99,North,PayPal,Mobile App,3,5
ORD005173,2024-08-14,CUST00766,Electronics,Laptop,445.24,2,0,890.48,North,Debit Card,Mobile App,5,6
ORD005174,2024-08-11,CUST01459,Clothing,Hat,49.51,3,0.05,141.1,Central,Mobile Money,Web,2,1
ORD005175,2024-10-29,CUST00617,Sports,Yoga Mat,633.52,5,0,3167.6,East,Debit Card,Phone,4,9
ORD005176,2024-07-29,CUST00312,Books,Biography,8.84,5,0.05,41.99,North,Debit Card,In-Store,4,5
ORD005177,2024-04-26,CUST00247,Home,Blender,303.99,3,0.15,775.17,East,Debit Card,Mobile App,5,11
ORD005178,2024-10-27,CUST00743,Home,Toaster,331.9,5,0.2,1327.6,South,Credit Card,Mobile App,5,14
ORD005179,2024-01-22,CUST01992,Electronics,Laptop,803.72,3,0.1,2170.04,North,Debit Card,In-Store,3,2
ORD005180,2024-05-04,CUST01481,Books,Novel,16.82,3,0,50.46,South,Debit Card,Web,5,4
ORD005181,2024-11-16,CUST01643,Home,Pillow,72.4,1,0,72.4,Central,Bank Transfer,Phone,4,14
ORD005182,2024-08-28,CUST01899,Books,Textbook,51.48,4,0.2,164.74,East,Debit Card,Mobile App,5,2
ORD005183,2024-10-04,CUST00166,Electronics,Laptop,767.77,4,0,3071.08,East,Credit Card,Phone,5,13
ORD005184,2024-10-17,CUST00165,Home,Lamp,296.84,4,0.15,1009.26,South,Debit Card,In-Store,5,11
ORD005185,2024-07-18,CUST01275,Electronics,Camera,1306.21,3,0.1,3526.77,West,PayPal,Web,5,10
ORD005186,2024-06-28,CUST00869,Books,Biography,14.44,1,0,14.44,East,Bank Transfer,Phone,4,13
ORD005187,2024-09-18,CUST01538,Sports,Dumbbell,147.07,2,0.05,279.43,West,Mobile Money,Web,4,11
ORD005188,2024-10-19,CUST01750,Books,Novel,14.79,5,0.1,66.56,Central,Credit Card,Phone,5,7
ORD005189,2024-01-06,CUST00351,Books,Novel,41.62,4,0.15,141.51,West,Bank Transfer,Phone,2,13
ORD005190,2024-08-14,CUST01737,Clothing,Socks,48.73,3,0,146.19,East,Debit Card,Web,4,12
ORD005191,2024-11-22,CUST00861,Electronics,Smartphone,929.33,4,0.1,3345.59,East,Mobile Money,In-Store,5,14
ORD005192,2024-10-03,CUST01323,Sports,Yoga Mat,595.47,1,0.15,506.15,East,Bank Transfer,Phone,5,12
ORD005193,2024-04-17,CUST00290,Home,Toaster,288.47,2,0,576.94,South,Mobile Money,Phone,5,9
ORD005194,2024-07-06,CUST01512,Books,Novel,40.65,2,0.05,77.23,West,Bank Transfer,In-Store,4,13
ORD005195,2024-04-19,CUST00294,Home,Table,201.38,4,0,805.52,East,Mobile Money,In-Store,1,4
ORD005196,2024-03-29,CUST00944,Electronics,Smartwatch,211.86,2,0,423.72,East,Credit Card,In-Store,3,2
ORD005197,2024-05-02,CUST00765,Clothing,Jeans,69.02,3,0.2,165.65,North,Bank Transfer,In-Store,5,14
ORD005198,2024-02-20,CUST01168,Home,Table,387.56,4,0,1550.24,South,Mobile Money,Phone,3,3
ORD005199,2024-01-02,CUST01138,Clothing,Socks,45.45,4,0.05,172.71,South,Bank Transfer,Web,3,8
ORD005200,2024-09-26,CUST01467,Electronics,Laptop,120.99,3,0,362.97,Central,Mobile Money,In-Store,5,2
ORD005201,2024-07-18,CUST01236,Books,Guide,37.31,5,0.1,167.89,South,Debit Card,Mobile App,4,4
ORD005202,2024-08-07,CUST00431,Sports,Basketball,585.07,5,0.05,2779.08,Central,Mobile Money,Mobile App,4,6
ORD005203,2024-08-10,CUST00210,Sports,Football,768.48,2,0.1,1383.26,West,PayPal,Mobile App,5,12
ORD005204,2024-11-21,CUST01456,Clothing,Jeans,56.57,4,0.2,181.02,Central,Debit Card,Phone,5,9
ORD005205,2024-02-28,CUST01071,Books,Textbook,45.3,3,0,135.9,North,Mobile Money,In-Store,4,10
ORD005206,2024-03-31,CUST01716,Books,Novel,41.68,2,0,83.36,Central,PayPal,Web,4,9
ORD005207,2024-12-05,CUST00380,Books,Biography,13.47,2,0.05,25.59,Central,Credit Card,Web,4,8
ORD005208,2024-10-02,CUST01970,Books,Biography,30.13,4,0.2,96.42,West,Debit Card,Phone,5,2
ORD005209,2024-11-29,CUST00543,Sports,Football,786.97,1,0,786.97,West,Bank Transfer,Mobile App,4,4
ORD005210,2024-01-22,CUST00324,Electronics,Tablet,362.52,4,0,1450.08,East,Debit Card,Phone,4,2
ORD005211,2024-10-11,CUST01021,Electronics,Camera,391.31,2,0,782.62,South,Mobile Money,In-Store,4,2
ORD005212,2024-11-10,CUST00838,Sports,Tennis Racket,233.52,5,0,1167.6,West,Credit Card,Mobile App,4,3
ORD005213,2024-08-29,CUST00957,Sports,Yoga Mat,36.72,2,0,73.44,West,Debit Card,In-Store,3,8
ORD005214,2024-01-18,CUST00287,Clothing,Sneakers,102.47,5,0,512.35,Central,PayPal,Mobile App,1,9
ORD005215,2024-10-23,CUST01206,Home,Toaster,313.29,1,0,313.29,Central,Mobile Money,Phone,4,11
ORD005216,2024-06-09,CUST01905,Sports,Basketball,631.62,3,0.15,1610.63,East,Credit Card,In-Store,5,10
ORD005217,2024-04-24,CUST01244,Electronics,Tablet,779.67,4,0.15,2650.88,West,PayPal,In-Store,4,4
ORD005218,2024-05-30,CUST00803,Home,Table,105.42,4,0.2,337.34,North,Credit Card,Phone,5,8
ORD005219,2024-03-17,CUST01429,Sports,Tennis Racket,516.09,4,0,2064.36,West,PayPal,Phone,3,12
ORD005220,2024-01-06,CUST00023,Electronics,Tablet,1404.77,2,0,2809.54,South,Mobile Money,In-Store,2,12
ORD005221,2024-12-20,CUST01154,Electronics,Headphones,1271.44,5,0.05,6039.34,South,Bank Transfer,Web,4,6
ORD005222,2024-11-28,CUST00021,Electronics,Tablet,569.6,5,0.05,2705.6,North,Mobile Money,Web,4,3
ORD005223,2024-01-13,CUST01759,Electronics,Headphones,545.96,1,0,545.96,Central,Credit Card,In-Store,4,6
ORD005224,2024-10-26,CUST00322,Sports,Yoga Mat,743.79,2,0.2,1190.06,South,PayPal,In-Store,5,6
ORD005225,2024-03-06,CUST01522,Home,Blender,145.41,2,0,290.82,Central,Bank Transfer,In-Store,2,5
ORD005226,2024-07-10,CUST01864,Electronics,Smartphone,951.76,5,0.1,4282.92,West,Mobile Money,Mobile App,4,4
ORD005227,2024-10-25,CUST01869,Electronics,Smartphone,849.87,3,0.05,2422.13,North,Mobile Money,Web,3,6
ORD005228,2024-08-08,CUST00428,Books,Cookbook,25.31,1,0,25.31,West,Credit Card,Web,5,13
ORD005229,2024-12-26,CUST01328,Clothing,Hat,129.22,3,0,387.66,North,Credit Card,Phone,5,14
ORD005230,2024-11-03,CUST01087,Clothing,T-Shirt,106.16,5,0.2,424.64,South,Credit Card,In-Store,4,6
ORD005231,2024-11-04,CUST01821,Clothing,Hat,71.71,5,0.1,322.7,Central,Mobile Money,Mobile App,5,9
ORD005232,2024-05-26,CUST00296,Sports,Basketball,25.81,2,0.1,46.46,North,Bank Transfer,In-Store,2,1
ORD005233,2024-02-24,CUST00307,Home,Blender,347.78,5,0,1738.9,West,Credit Card,In-Store,4,12
ORD005234,2024-08-03,CUST01256,Sports,Yoga Mat,600.55,5,0.1,2702.47,Central,Credit Card,In-Store,3,5
ORD005235,2024-08-07,CUST00631,Electronics,Smartwatch,1317.14,5,0.2,5268.56,West,Credit Card,Mobile App,5,8
ORD005236,2024-08-22,CUST00967,Electronics,Camera,1431.7,3,0.1,3865.59,North,PayPal,Phone,3,7
ORD005237,2024-07-09,CUST00014,Clothing,Jeans,13.84,1,0.2,11.07,Central,PayPal,In-Store,5,11
ORD005238,2024-12-10,CUST00453,Books,Novel,24.84,1,0,24.84,East,Credit Card,Phone,5,7
ORD005239,2024-07-03,CUST00715,Home,Blender,181.61,1,0.2,145.29,Central,Credit Card,In-Store,2,11
ORD005240,2024-10-02,CUST00436,Home,Pillow,191.24,3,0.05,545.03,West,Bank Transfer,Mobile App,5,10
ORD005241,2024-08-24,CUST01162,Electronics,Smartwatch,497.15,3,0,1491.45,Central,Credit Card,Mobile App,3,6
ORD005242,2024-07-17,CUST00038,Clothing,T-Shirt,107.15,5,0.15,455.39,Central,Credit Card,Web,5,3
ORD005243,2024-02-06,CUST01576,Books,Biography,54.86,3,0.05,156.35,East,Debit Card,In-Store,5,11
ORD005244,2024-11-19,CUST00268,Clothing,Jeans,21.29,1,0.2,17.03,West,Mobile Money,Mobile App,5,4
ORD005245,2024-04-22,CUST01616,Books,Biography,15.57,5,0,77.85,South,Credit Card,Mobile App,5,2
ORD005246,2024-09-30,CUST01629,Home,Table,391.62,2,0.05,744.08,North,Debit Card,In-Store,5,7
ORD005247,2024-08-14,CUST00315,Clothing,Jeans,113.29,2,0.1,203.92,East,Mobile Money,In-Store,3,7
ORD005248,2024-12-03,CUST01885,Sports,Dumbbell,342.87,5,0,1714.35,Central,Credit Card,Web,5,1
ORD005249,2024-04-20,CUST00671,Home,Toaster,236.67,3,0.15,603.51,West,PayPal,Web,5,2
ORD005250,2024-06-19,CUST00219,Home,Table,100.04,5,0.15,425.17,Central,Credit Card,Phone,5,8
ORD005251,2024-02-24,CUST01803,Sports,Bicycle,644.16,5,0.15,2737.68,Central,Bank Transfer,Web,5,6
ORD005252,2024-11-01,CUST00699,Electronics,Tablet,443.09,4,0,1772.36,East,Credit Card,Phone,4,2
ORD005253,2024-07-31,CUST01866,Electronics,Laptop,1308.13,4,0,5232.52,West,Mobile Money,Phone,5,9
ORD005254,2024-06-19,CUST01790,Sports,Yoga Mat,246.59,3,0.15,628.8,West,Debit Card,Phone,4,13
ORD005255,2024-06-29,CUST00094,Books,Biography,28.85,5,0.1,129.82,South,Debit Card,In-Store,4,5
ORD005256,2024-08-07,CUST00781,Clothing,Jeans,135.17,5,0,675.85,West,PayPal,In-Store,3,10
ORD005257,2024-07-16,CUST01124,Electronics,Smartwatch,989.79,1,0,989.79,Central,Debit Card,Phone,5,4
ORD005258,2024-04-15,CUST01349,Home,Toaster,377.08,3,0.2,904.99,East,Credit Card,Mobile App,4,2
ORD005259,2024-01-03,CUST01038,Clothing,Jacket,70.34,1,0.05,66.82,East,Mobile Money,Mobile App,3,5
ORD005260,2024-04-08,CUST01533,Home,Blender,391.54,5,0.2,1566.16,South,Debit Card,Web,5,8
ORD005261,2024-03-23,CUST00710,Books,Novel,38.56,4,0.1,138.82,Central,Bank Transfer,In-Store,5,11
ORD005262,2024-11-20,CUST00644,Sports,Yoga Mat,535.99,1,0,535.99,West,PayPal,Web,5,9
ORD005263,2024-08-19,CUST00977,Books,Comic,29.58,1,0.2,23.66,South,Bank Transfer,Phone,4,2
ORD005264,2024-10-28,CUST01738,Books,Comic,27.4,4,0.05,104.12,North,Mobile Money,Web,4,9
ORD005265,2024-03-04,CUST00077,Clothing,Socks,50.48,2,0,100.96,Central,PayPal,In-Store,2,6
ORD005266,2024-02-23,CUST00265,Home,Lamp,240.24,2,0,480.48,Central,Mobile Money,Mobile App,4,5
ORD005267,2024-02-14,CUST00099,Sports,Yoga Mat,24.73,4,0.2,79.14,West,PayPal,Web,5,5
ORD005268,2024-12-18,CUST01727,Home,Table,96.75,2,0.05,183.82,South,Credit Card,Web,5,14
ORD005269,2024-12-10,CUST01403,Home,Blender,251.01,3,0.05,715.38,East,Credit Card,In-Store,2,8
ORD005270,2024-01-04,CUST00182,Clothing,Jeans,76.52,5,0,382.6,South,PayPal,Web,5,11
ORD005271,2024-09-06,CUST00767,Books,Cookbook,8.78,5,0,43.9,West,Credit Card,In-Store,2,6
ORD005272,2024-10-25,CUST01335,Electronics,Tablet,895.17,1,0,895.17,East,PayPal,Mobile App,5,9
ORD005273,2024-08-27,CUST00808,Books,Textbook,26.1,1,0.2,20.88,West,Credit Card,Web,4,9
ORD005274,2024-07-14,CUST00637,Home,Chair,359.5,5,0,1797.5,Central,Debit Card,Phone,5,12
ORD005275,2024-10-31,CUST00934,Clothing,Jeans,101.3,1,0.2,81.04,North,PayPal,Phone,5,5
ORD005276,2024-01-04,CUST00006,Home,Table,16.23,1,0.15,13.8,East,PayPal,Web,5,11
ORD005277,2024-09-19,CUST00433,Sports,Tennis Racket,57.11,1,0.2,45.69,North,Credit Card,Mobile App,5,8
ORD005278,2024-08-21,CUST00424,Books,Textbook,44.3,2,0.2,70.88,West,Debit Card,Phone,4,10
ORD005279,2024-11-28,CUST00092,Home,Lamp,115.76,2,0,231.52,East,Bank Transfer,Web,4,5
ORD005280,2024-03-13,CUST01552,Books,Textbook,24.62,3,0.2,59.09,East,PayPal,Mobile App,4,1
ORD005281,2024-04-07,CUST01728,Home,Chair,385.13,5,0.05,1829.37,East,Credit Card,Mobile App,5,11
ORD005282,2024-08-03,CUST00778,Home,Toaster,241.15,3,0,723.45,North,Credit Card,Phone,2,3
ORD005283,2024-05-12,CUST00497,Books,Comic,53.54,3,0,160.62,North,Mobile Money,In-Store,4,2
ORD005284,2024-04-12,CUST00860,Electronics,Smartwatch,941.65,1,0.15,800.4,East,Credit Card,Mobile App,5,12
ORD005285,2024-01-21,CUST00261,Home,Table,355.81,2,0.05,676.04,Central,Bank Transfer,Mobile App,1,3
ORD005286,2024-08-24,CUST01262,Clothing,Hat,46.37,3,0.2,111.29,South,Bank Transfer,In-Store,5,10
ORD005287,2024-03-26,CUST00131,Home,Table,352.26,5,0.1,1585.17,West,PayPal,Phone,3,6
ORD005288,2024-06-30,CUST00645,Clothing,Hat,47.91,4,0.05,182.06,North,Debit Card,In-Store,4,7
ORD005289,2024-08-04,CUST00930,Clothing,Hat,36.34,4,0.05,138.09,North,Debit Card,Web,3,12
ORD005290,2024-04-24,CUST01911,Electronics,Laptop,293.1,1,0,293.1,Central,Mobile Money,In-Store,4,13
ORD005291,2024-02-07,CUST01510,Clothing,Socks,118.78,3,0,356.34,Central,Debit Card,In-Store,3,5
ORD005292,2024-12-30,CUST01267,Home,Blender,126.09,5,0.1,567.4,West,Bank Transfer,Mobile App,4,9
ORD005293,2024-01-19,CUST00394,Clothing,Jacket,31.1,3,0,93.3,East,Debit Card,In-Store,4,3
ORD005294,2024-05-26,CUST00861,Electronics,Tablet,141.6,2,0.15,240.72,North,Mobile Money,Mobile App,5,12
ORD005295,2024-06-13,CUST00216,Home,Blender,54.27,3,0.05,154.67,North,Bank Transfer,Web,4,11
ORD005296,2024-04-01,CUST01466,Electronics,Laptop,1211.19,1,0,1211.19,South,Debit Card,In-Store,5,6
ORD005297,2024-09-19,CUST00392,Electronics,Smartphone,189.98,4,0.1,683.93,South,Bank Transfer,In-Store,3,5
ORD005298,2024-04-28,CUST00845,Electronics,Tablet,1465.46,2,0.05,2784.37,South,Credit Card,In-Store,4,5
ORD005299,2024-11-26,CUST00660,Home,Chair,364.77,1,0,364.77,North,Bank Transfer,Phone,1,8
ORD005300,2024-01-17,CUST01967,Sports,Dumbbell,405.12,5,0.2,1620.48,North,Credit Card,In-Store,5,13
ORD005301,2024-06-01,CUST01857,Sports,Football,182.28,4,0.1,656.21,South,Mobile Money,Mobile App,3,6
ORD005302,2024-04-08,CUST01685,Home,Table,174.59,1,0,174.59,Central,Debit Card,Web,5,1
ORD005303,2024-03-31,CUST01123,Home,Blender,46.9,4,0,187.6,North,PayPal,In-Store,3,6
ORD005304,2024-08-28,CUST01594,Home,Chair,189.82,5,0.15,806.74,South,Mobile Money,Web,5,3
ORD005305,2024-10-25,CUST01275,Clothing,Jacket,70.13,1,0.15,59.61,Central,Bank Transfer,Phone,4,9
ORD005306,2024-09-03,CUST00895,Sports,Football,487.77,3,0,1463.31,West,Bank Transfer,Phone,4,10
ORD005307,2024-10-18,CUST00253,Sports,Tennis Racket,461.64,5,0,2308.2,Central,PayPal,Phone,5,5
ORD005308,2024-12-22,CUST00074,Books,Novel,14.53,1,0.1,13.08,South,PayPal,Web,4,6
ORD005309,2024-07-21,CUST01841,Home,Lamp,205.36,3,0.1,554.47,West,Debit Card,In-Store,5,4
ORD005310,2024-09-15,CUST01215,Clothing,Jeans,133.14,1,0,133.14,Central,Mobile Money,Phone,5,7
ORD005311,2024-10-03,CUST00551,Sports,Dumbbell,651.24,5,0,3256.2,South,Credit Card,Web,5,7
ORD005312,2024-02-13,CUST01262,Clothing,T-Shirt,18.31,4,0,73.24,East,Mobile Money,Mobile App,3,13
ORD005313,2024-04-12,CUST00697,Sports,Dumbbell,592.57,3,0.15,1511.05,East,Mobile Money,Phone,3,2
ORD005314,2024-06-18,CUST00085,Electronics,Smartphone,1036.47,2,0.05,1969.29,Central,Bank Transfer,In-Store,4,9
ORD005315,2024-09-23,CUST00524,Books,Cookbook,29.83,2,0,59.66,South,Debit Card,Web,3,5
ORD005316,2024-02-21,CUST01449,Sports,Yoga Mat,619.93,2,0.15,1053.88,Central,Mobile Money,Web,4,7
ORD005317,2024-11-15,CUST00221,Clothing,Socks,145.65,1,0.2,116.52,Central,Credit Card,In-Store,5,1
ORD005318,2024-02-29,CUST01635,Sports,Bicycle,588.51,5,0.1,2648.29,East,Credit Card,In-Store,3,1
ORD005319,2024-02-10,CUST01382,Home,Lamp,229.97,1,0.15,195.47,East,Mobile Money,In-Store,5,12
ORD005320,2024-07-31,CUST01821,Clothing,Hat,106.33,2,0.2,170.13,South,Debit Card,Phone,4,5
ORD005321,2024-04-22,CUST01516,Books,Textbook,22.61,3,0.15,57.66,South,PayPal,In-Store,5,4
ORD005322,2024-05-09,CUST01955,Sports,Bicycle,330.31,3,0,990.93,North,Mobile Money,In-Store,1,12
ORD005323,2024-12-24,CUST01500,Home,Chair,156.45,2,0.1,281.61,West,Bank Transfer,In-Store,5,13
ORD005324,2024-03-31,CUST00201,Clothing,Sneakers,121.09,4,0.1,435.92,Central,Bank Transfer,Web,1,3
ORD005325,2024-03-03,CUST01810,Clothing,Jacket,119.67,4,0.05,454.75,South,Bank Transfer,Web,5,10
ORD005326,2024-08-27,CUST00032,Books,Novel,13.88,5,0.2,55.52,Central,Mobile Money,Mobile App,5,6
ORD005327,2024-08-28,CUST00437,Electronics,Camera,511.33,1,0,511.33,South,Credit Card,Phone,3,1
ORD005328,2024-09-12,CUST00004,Clothing,Socks,128.38,2,0,256.76,Central,Mobile Money,Web,4,5
ORD005329,2024-08-23,CUST00754,Clothing,Sneakers,116.87,3,0.1,315.55,South,Mobile Money,Web,3,8
ORD005330,2024-05-02,CUST00016,Clothing,T-Shirt,105.85,3,0,317.55,South,Debit Card,In-Store,3,7
ORD005331,2024-04-07,CUST00484,Sports,Dumbbell,231.85,3,0,695.55,North,Credit Card,In-Store,5,2
ORD005332,2024-10-03,CUST01418,Sports,Dumbbell,412.46,5,0,2062.3,East,Debit Card,Mobile App,5,7
ORD005333,2024-01-10,CUST01708,Books,Textbook,9.78,3,0,29.34,Central,Credit Card,Mobile App,4,11
ORD005334,2024-07-01,CUST01312,Home,Pillow,233.83,2,0,467.66,East,Debit Card,Phone,5,7
ORD005335,2024-12-27,CUST00171,Books,Novel,16.39,3,0.05,46.71,East,PayPal,Mobile App,3,3
ORD005336,2024-12-17,CUST00633,Sports,Bicycle,125.82,2,0,251.64,Central,PayPal,Mobile App,3,14
ORD005337,2024-12-30,CUST01739,Sports,Dumbbell,614.55,5,0,3072.75,West,PayPal,Phone,3,8
ORD005338,2024-03-31,CUST01245,Home,Toaster,107.36,2,0,214.72,West,Credit Card,Phone,2,5
ORD005339,2024-12-20,CUST01512,Electronics,Headphones,468.21,2,0,936.42,North,PayPal,In-Store,5,1
ORD005340,2024-04-14,CUST01939,Clothing,Jacket,46.58,4,0.1,167.69,West,PayPal,Web,1,2
ORD005341,2024-11-29,CUST00236,Books,Textbook,12.8,1,0,12.8,East,Credit Card,Web,3,11
ORD005342,2024-07-22,CUST01902,Home,Chair,161.46,5,0.15,686.21,West,PayPal,Mobile App,4,8
ORD005343,2024-12-16,CUST00584,Clothing,Socks,20.38,4,0,81.52,South,Mobile Money,Phone,3,7
ORD005344,2024-08-09,CUST00627,Sports,Bicycle,756.62,4,0.1,2723.83,West,Mobile Money,Mobile App,4,7
ORD005345,2024-02-15,CUST00423,Sports,Tennis Racket,338.5,2,0,677.0,South,Debit Card,Phone,4,10
ORD005346,2024-02-18,CUST00003,Sports,Bicycle,645.89,5,0,3229.45,South,Mobile Money,Phone,5,2
ORD005347,2024-11-04,CUST00193,Sports,Tennis Racket,320.15,3,0.2,768.36,Central,PayPal,Web,4,5
ORD005348,2024-01-22,CUST01116,Books,Comic,28.24,1,0.05,26.83,East,Bank Transfer,In-Store,5,12
ORD005349,2024-04-04,CUST01988,Clothing,Sneakers,14.09,4,0.1,50.72,Central,Mobile Money,In-Store,5,12
ORD005350,2024-01-06,CUST00779,Books,Novel,21.88,1,0.2,17.5,West,Credit Card,In-Store,5,10
ORD005351,2024-06-21,CUST00926,Clothing,Hat,133.25,2,0.15,226.52,Central,Bank Transfer,Web,5,9
ORD005352,2024-10-18,CUST00113,Sports,Yoga Mat,641.55,1,0.05,609.47,South,PayPal,Phone,1,12
ORD005353,2024-04-18,CUST01727,Electronics,Laptop,316.81,2,0.05,601.94,South,Debit Card,In-Store,1,11
ORD005354,2024-12-17,CUST01283,Sports,Yoga Mat,567.74,1,0.15,482.58,South,Credit Card,Phone,3,3
ORD005355,2024-07-09,CUST00308,Clothing,Jeans,16.4,2,0,32.8,South,Debit Card,In-Store,5,2
ORD005356,2024-11-13,CUST01563,Electronics,Camera,223.95,2,0.15,380.72,West,Debit Card,Phone,5,10
ORD005357,2024-08-12,CUST01683,Clothing,Sneakers,87.18,4,0.05,331.28,South,Debit Card,Phone,5,1
ORD005358,2024-07-15,CUST01553,Sports,Bicycle,248.58,2,0.1,447.44,West,PayPal,Web,5,5
ORD005359,2024-06-22,CUST00406,Home,Pillow,115.18,5,0.05,547.1,North,Mobile Money,Mobile App,4,14
ORD005360,2024-12-12,CUST01141,Electronics,Headphones,815.36,3,0.15,2079.17,East,Bank Transfer,Web,5,10
ORD005361,2024-10-29,CUST00129,Sports,Bicycle,362.45,1,0,362.45,South,Credit Card,Web,4,9
ORD005362,2024-03-02,CUST01840,Home,Chair,370.01,2,0.1,666.02,North,Bank Transfer,Web,5,13
ORD005363,2024-07-29,CUST00400,Electronics,Camera,1442.14,4,0.1,5191.7,North,PayPal,Web,3,8
ORD005364,2024-05-24,CUST01735,Home,Toaster,384.4,1,0.2,307.52,South,Mobile Money,Web,4,14
ORD005365,2024-12-27,CUST02000,Sports,Basketball,464.9,1,0,464.9,East,Credit Card,Phone,4,2
ORD005366,2024-04-01,CUST00120,Books,Cookbook,16.72,4,0.2,53.5,Central,Bank Transfer,In-Store,4,14
ORD005367,2024-05-03,CUST00402,Electronics,Camera,994.96,2,0,1989.92,West,Credit Card,In-Store,4,8
ORD005368,2024-03-22,CUST01747,Home,Lamp,29.5,4,0.05,112.1,East,Bank Transfer,In-Store,3,2
ORD005369,2024-09-26,CUST01644,Home,Chair,153.65,5,0,768.25,West,Debit Card,In-Store,3,8
ORD005370,2024-05-24,CUST00570,Sports,Football,794.78,1,0.05,755.04,West,Mobile Money,In-Store,5,13
ORD005371,2024-11-13,CUST01847,Books,Novel,50.27,2,0.15,85.46,North,Credit Card,Mobile App,3,14
ORD005372,2024-12-11,CUST01404,Sports,Bicycle,98.78,3,0.1,266.71,North,Credit Card,In-Store,5,9
ORD005373,2024-05-26,CUST00270,Electronics,Laptop,1248.63,1,0,1248.63,South,PayPal,Mobile App,4,6
ORD005374,2024-01-08,CUST00555,Sports,Dumbbell,417.31,5,0.1,1877.89,North,Bank Transfer,Web,2,14
ORD005375,2024-02-11,CUST01674,Clothing,Socks,43.93,4,0,175.72,West,Mobile Money,Web,4,3
ORD005376,2024-08-25,CUST01297,Books,Novel,26.84,5,0,134.2,Central,Bank Transfer,In-Store,4,14
ORD005377,2024-10-06,CUST01261,Books,Cookbook,47.43,4,0,189.72,South,Bank Transfer,Mobile App,2,5
ORD005378,2024-02-15,CUST01676,Books,Guide,54.4,1,0,54.4,East,Mobile Money,Mobile App,1,1
ORD005379,2024-02-18,CUST01443,Sports,Football,164.11,5,0,820.55,North,PayPal,Mobile App,3,5
ORD005380,2024-05-20,CUST00634,Electronics,Camera,486.29,2,0,972.58,West,Bank Transfer,Phone,5,9
ORD005381,2024-07-30,CUST01188,Sports,Yoga Mat,134.41,3,0.1,362.91,North,Credit Card,Web,3,10
ORD005382,2024-05-06,CUST00015,Books,Biography,33.93,5,0,169.65,North,PayPal,Web,3,10
ORD005383,2024-01-23,CUST00908,Home,Lamp,271.65,2,0.15,461.81,West,Mobile Money,Web,4,8
ORD005384,2024-12-16,CUST01140,Electronics,Headphones,1069.12,1,0.05,1015.66,East,Mobile Money,In-Store,5,13
ORD005385,2024-09-24,CUST01088,Sports,Bicycle,731.1,1,0.1,657.99,East,Bank Transfer,Web,4,9
ORD005386,2024-03-12,CUST00576,Electronics,Smartwatch,614.39,4,0.1,2211.8,East,PayPal,Web,3,6
ORD005387,2024-08-24,CUST01620,Home,Blender,69.74,3,0.05,198.76,South,Bank Transfer,Phone,3,14
ORD005388,2024-12-28,CUST00153,Clothing,Socks,145.11,2,0,290.22,West,Credit Card,In-Store,5,10
ORD005389,2024-04-09,CUST01279,Home,Lamp,198.67,2,0.2,317.87,North,Credit Card,Phone,3,1
ORD005390,2024-05-04,CUST00275,Books,Biography,59.38,5,0.05,282.05,North,Bank Transfer,In-Store,5,13
ORD005391,2024-05-08,CUST01890,Sports,Tennis Racket,188.06,3,0.1,507.76,North,PayPal,Phone,5,1
ORD005392,2024-08-01,CUST01969,Home,Pillow,190.79,2,0.2,305.26,East,Mobile Money,In-Store,4,2
ORD005393,2024-02-18,CUST01584,Books,Comic,26.73,4,0.05,101.57,North,Credit Card,Web,3,3
ORD005394,2024-12-02,CUST00692,Electronics,Headphones,76.03,5,0.15,323.13,Central,Bank Transfer,Mobile App,2,13
ORD005395,2024-04-05,CUST01811,Home,Toaster,177.76,5,0.2,711.04,West,Debit Card,In-Store,5,12
ORD005396,2024-06-27,CUST01459,Home,Chair,147.9,4,0,591.6,South,Debit Card,In-Store,1,14
ORD005397,2024-01-25,CUST00856,Sports,Bicycle,420.35,3,0.1,1134.94,North,Bank Transfer,Phone,5,11
ORD005398,2024-05-09,CUST01954,Sports,Bicycle,765.9,1,0.2,612.72,South,Debit Card,Phone,4,9
ORD005399,2024-12-19,CUST01459,Home,Chair,65.35,1,0.15,55.55,South,Debit Card,Mobile App,2,1
ORD005400,2024-09-07,CUST01792,Sports,Football,238.84,1,0,238.84,West,PayPal,In-Store,5,14
ORD005401,2024-01-22,CUST00887,Sports,Bicycle,669.59,1,0,669.59,East,Credit Card,Mobile App,5,14
ORD005402,2024-11-02,CUST00666,Home,Blender,226.08,1,0.15,192.17,Central,Credit Card,Mobile App,2,11
ORD005403,2024-07-19,CUST01239,Books,Guide,38.1,1,0,38.1,North,Bank Transfer,Web,3,9
ORD005404,2024-10-03,CUST00273,Clothing,Hat,68.8,3,0.1,185.76,West,Bank Transfer,Phone,3,2
ORD005405,2024-08-31,CUST00933,Books,Guide,15.66,4,0.15,53.24,West,PayPal,Mobile App,5,10
ORD005406,2024-06-02,CUST01616,Books,Guide,55.76,5,0.15,236.98,South,Mobile Money,Web,5,6
ORD005407,2024-10-03,CUST00181,Home,Pillow,223.0,5,0.05,1059.25,East,Credit Card,Mobile App,4,5
ORD005408,2024-07-04,CUST01093,Home,Chair,321.05,4,0,1284.2,West,PayPal,In-Store,1,1
ORD005409,2024-09-30,CUST01522,Home,Blender,77.77,3,0.2,186.65,Central,Bank Transfer,Phone,3,8
ORD005410,2024-04-25,CUST00232,Sports,Tennis Racket,578.19,1,0,578.19,Central,Debit Card,Phone,5,1
ORD005411,2024-03-27,CUST00494,Books,Comic,51.09,1,0,51.09,East,Bank Transfer,In-Store,1,4
ORD005412,2024-01-09,CUST00363,Sports,Bicycle,156.06,1,0,156.06,East,Mobile Money,Phone,3,11
ORD005413,2024-07-29,CUST00987,Clothing,Jacket,127.7,2,0,255.4,South,Debit Card,Web,4,9
ORD005414,2024-05-31,CUST01343,Sports,Football,208.68,3,0.2,500.83,Central,PayPal,Mobile App,4,13
ORD005415,2024-10-31,CUST01963,Clothing,T-Shirt,146.71,1,0.2,117.37,Central,Mobile Money,Phone,4,2
ORD005416,2024-08-29,CUST00007,Books,Biography,49.12,2,0,98.24,Central,Bank Transfer,Web,4,12
ORD005417,2024-05-22,CUST00859,Sports,Tennis Racket,519.99,5,0.2,2079.96,North,Mobile Money,Web,5,10
ORD005418,2024-06-28,CUST01986,Sports,Yoga Mat,112.12,1,0,112.12,South,PayPal,Phone,4,12
ORD005419,2024-03-13,CUST00710,Books,Textbook,8.79,5,0,43.95,West,Bank Transfer,In-Store,4,6
ORD005420,2024-05-20,CUST00874,Electronics,Laptop,1216.01,3,0,3648.03,West,Debit Card,Web,2,6
ORD005421,2024-04-05,CUST00233,Books,Textbook,32.33,4,0,129.32,West,PayPal,Mobile App,1,14
ORD005422,2024-04-09,CUST00241,Sports,Basketball,460.27,1,0,460.27,South,Mobile Money,Phone,4,12
ORD005423,2024-04-20,CUST01499,Electronics,Camera,711.77,1,0.15,605.0,East,Bank Transfer,Mobile App,4,14
ORD005424,2024-08-03,CUST01253,Clothing,Jeans,100.73,4,0,402.92,East,Mobile Money,Phone,4,14
ORD005425,2024-02-29,CUST00602,Sports,Yoga Mat,179.51,2,0,359.02,Central,PayPal,Mobile App,5,7
ORD005426,2024-01-19,CUST00904,Sports,Tennis Racket,416.47,5,0.15,1770.0,East,Mobile Money,In-Store,5,7
ORD005427,2024-07-09,CUST00613,Home,Toaster,145.42,4,0.1,523.51,East,Credit Card,Mobile App,4,5
ORD005428,2024-10-02,CUST01736,Clothing,Sneakers,89.49,3,0.05,255.05,Central,Bank Transfer,In-Store,4,2
ORD005429,2024-04-16,CUST00178,Books,Comic,12.94,5,0.05,61.46,Central,Mobile Money,Phone,3,9
ORD005430,2024-05-25,CUST00980,Books,Textbook,19.28,1,0,19.28,West,Mobile Money,In-Store,4,8
ORD005431,2024-04-08,CUST01100,Books,Textbook,37.13,1,0,37.13,West,Debit Card,Phone,2,8
ORD005432,2024-10-03,CUST01069,Sports,Dumbbell,775.53,4,0.15,2636.8,West,Mobile Money,In-Store,5,12
ORD005433,2024-06-15,CUST01983,Clothing,T-Shirt,56.27,1,0.15,47.83,East,Mobile Money,Mobile App,5,3
ORD005434,2024-02-17,CUST00829,Electronics,Headphones,353.4,4,0,1413.6,East,Credit Card,In-Store,4,4
ORD005435,2024-04-29,CUST00257,Electronics,Smartphone,142.34,1,0.15,120.99,Central,Bank Transfer,Phone,5,10
ORD005436,2024-09-17,CUST01614,Electronics,Smartwatch,1135.66,4,0.15,3861.24,North,PayPal,Phone,5,14
ORD005437,2024-01-08,CUST01512,Books,Novel,48.08,1,0.05,45.68,East,Bank Transfer,Mobile App,5,10
ORD005438,2024-12-20,CUST00377,Books,Biography,7.03,3,0,21.09,West,PayPal,Web,5,12
ORD005439,2024-03-19,CUST01916,Clothing,Jacket,149.28,3,0,447.84,Central,PayPal,Phone,4,9
ORD005440,2024-10-05,CUST00012,Books,Textbook,55.58,1,0.05,52.8,South,Debit Card,Phone,3,12
ORD005441,2024-01-26,CUST00169,Electronics,Laptop,360.75,1,0.1,324.67,East,Bank Transfer,Web,2,1
ORD005442,2024-06-19,CUST01402,Sports,Yoga Mat,365.42,3,0.2,877.01,West,Debit Card,In-Store,5,11
ORD005443,2024-02-04,CUST01357,Clothing,Jeans,88.46,2,0.1,159.23,North,Bank Transfer,Mobile App,3,7
ORD005444,2024-09-21,CUST01204,Books,Cookbook,49.65,3,0.1,134.06,Central,Credit Card,In-Store,3,7
ORD005445,2024-03-11,CUST01601,Sports,Tennis Racket,654.13,4,0,2616.52,West,PayPal,In-Store,4,13
ORD005446,2024-04-07,CUST01281,Home,Blender,69.54,1,0.15,59.11,South,PayPal,In-Store,5,7
ORD005447,2024-11-10,CUST01233,Sports,Tennis Racket,235.76,5,0.1,1060.92,North,Mobile Money,Phone,5,14
ORD005448,2024-01-28,CUST00302,Electronics,Smartwatch,480.53,5,0,2402.65,West,PayPal,Phone,5,12
ORD005449,2024-10-10,CUST00549,Home,Toaster,359.85,5,0.1,1619.32,East,PayPal,Phone,4,4
ORD005450,2024-03-12,CUST00088,Electronics,Smartphone,1105.41,3,0.2,2652.98,Central,Debit Card,Phone,5,5
ORD005451,2024-09-21,CUST00164,Sports,Basketball,554.67,1,0.1,499.2,South,Debit Card,Web,2,3
ORD005452,2024-12-16,CUST00161,Electronics,Tablet,1000.95,2,0.15,1701.61,South,Mobile Money,In-Store,5,1
ORD005453,2024-06-18,CUST00471,Home,Table,338.48,4,0.15,1150.83,West,Credit Card,Web,4,13
ORD005454,2024-11-10,CUST00095,Sports,Dumbbell,408.56,3,0,1225.68,South,Debit Card,Mobile App,2,12
ORD005455,2024-08-25,CUST00588,Books,Novel,31.17,3,0.2,74.81,South,Debit Card,Phone,5,8
ORD005456,2024-04-22,CUST00127,Home,Toaster,134.19,3,0.15,342.18,South,Debit Card,Mobile App,3,4
ORD005457,2024-08-16,CUST01964,Sports,Bicycle,650.27,3,0,1950.81,West,Debit Card,Web,5,12
ORD005458,2024-11-13,CUST01523,Home,Toaster,147.0,2,0,294.0,East,PayPal,Phone,4,9
ORD005459,2024-12-14,CUST00164,Clothing,Jeans,48.0,1,0,48.0,South,PayPal,In-Store,4,9
ORD005460,2024-12-18,CUST00978,Sports,Tennis Racket,425.37,5,0,2126.85,Central,Credit Card,In-Store,3,2
ORD005461,2024-01-30,CUST01704,Clothing,Jacket,75.43,4,0.05,286.63,Central,Debit Card,In-Store,4,5
ORD005462,2024-11-30,CUST00898,Home,Table,298.41,4,0,1193.64,North,Credit Card,Mobile App,4,14
ORD005463,2024-09-26,CUST00432,Electronics,Tablet,1221.99,4,0.2,3910.37,North,Credit Card,Mobile App,5,5
ORD005464,2024-08-07,CUST01172,Clothing,Sneakers,122.61,3,0.1,331.05,East,Mobile Money,In-Store,5,6
ORD005465,2024-10-20,CUST01755,Sports,Basketball,572.82,1,0.2,458.26,East,Bank Transfer,In-Store,2,9
ORD005466,2024-08-30,CUST01718,Books,Textbook,25.79,2,0.15,43.84,South,Mobile Money,Web,4,10
ORD005467,2024-01-04,CUST01126,Clothing,Sneakers,52.8,1,0.15,44.88,West,Debit Card,Web,4,8
ORD005468,2024-09-09,CUST01329,Clothing,Sneakers,146.62,3,0.1,395.87,Central,PayPal,Web,1,12
ORD005469,2024-12-04,CUST00491,Electronics,Smartwatch,1241.42,3,0,3724.26,East,Mobile Money,Mobile App,5,4
ORD005470,2024-02-09,CUST01808,Sports,Yoga Mat,634.8,2,0,1269.6,Central,Mobile Money,Web,5,11
ORD005471,2024-03-06,CUST00736,Electronics,Laptop,108.13,2,0,216.26,South,Debit Card,Mobile App,5,1
ORD005472,2024-01-26,CUST01083,Sports,Tennis Racket,203.33,3,0.05,579.49,North,PayPal,Phone,4,7
ORD005473,2024-02-17,CUST01769,Electronics,Headphones,218.98,1,0.2,175.18,Central,Debit Card,In-Store,4,13
ORD005474,2024-02-21,CUST01853,Books,Comic,54.33,5,0.15,230.9,West,Debit Card,Web,5,13
ORD005475,2024-09-28,CUST01030,Books,Biography,22.83,4,0.1,82.19,East,Mobile Money,Phone,4,13
ORD005476,2024-08-05,CUST01699,Electronics,Smartphone,724.02,2,0,1448.04,East,Credit Card,Mobile App,1,12
ORD005477,2024-08-25,CUST01949,Home,Table,21.01,2,0,42.02,North,PayPal,Mobile App,5,14
ORD005478,2024-05-11,CUST01302,Home,Lamp,269.5,4,0.1,970.2,East,Mobile Money,In-Store,5,7
ORD005479,2024-11-21,CUST01500,Sports,Dumbbell,315.54,4,0.2,1009.73,East,Mobile Money,Web,5,5
ORD005480,2024-01-03,CUST01711,Clothing,Socks,80.7,1,0,80.7,North,Credit Card,Mobile App,5,13
ORD005481,2024-09-07,CUST00036,Books,Comic,15.53,5,0,77.65,West,Debit Card,Mobile App,5,4
ORD005482,2024-04-24,CUST00876,Clothing,Jeans,55.52,5,0.15,235.96,South,Debit Card,Mobile App,4,12
ORD005483,2024-05-21,CUST01012,Clothing,Jacket,56.13,1,0,56.13,West,PayPal,Phone,2,9
ORD005484,2024-01-10,CUST01226,Books,Biography,9.32,1,0,9.32,North,Credit Card,Phone,5,3
ORD005485,2024-04-20,CUST00423,Home,Blender,249.23,2,0.1,448.61,East,Bank Transfer,Web,4,5
ORD005486,2024-12-11,CUST01882,Electronics,Smartphone,622.4,5,0.15,2645.2,South,Credit Card,In-Store,5,12
ORD005487,2024-11-28,CUST00985,Home,Pillow,150.13,5,0,750.65,East,Mobile Money,In-Store,1,8
ORD005488,2024-09-17,CUST00458,Home,Lamp,379.57,2,0,759.14,Central,Debit Card,Mobile App,5,8
ORD005489,2024-05-11,CUST01911,Electronics,Camera,1125.89,3,0,3377.67,East,Credit Card,Web,4,11
ORD005490,2024-07-06,CUST01856,Clothing,Socks,85.83,2,0.1,154.49,East,Credit Card,In-Store,5,3
ORD005491,2024-05-23,CUST00929,Sports,Basketball,145.45,4,0.15,494.53,North,Credit Card,Phone,5,14
ORD005492,2024-01-20,CUST00865,Books,Textbook,17.57,4,0.15,59.74,East,Debit Card,Phone,3,1
ORD005493,2024-02-12,CUST01183,Home,Table,319.13,5,0.05,1515.87,South,Credit Card,Web,3,9
ORD005494,2024-06-09,CUST01587,Clothing,Sneakers,33.1,4,0.05,125.78,Central,Bank Transfer,Web,4,7
ORD005495,2024-07-17,CUST01986,Electronics,Tablet,217.95,4,0.1,784.62,East,Mobile Money,Phone,1,14
ORD005496,2024-10-08,CUST01769,Electronics,Laptop,1238.8,5,0,6194.0,North,Credit Card,Phone,4,6
ORD005497,2024-05-01,CUST01010,Sports,Dumbbell,257.29,3,0.1,694.68,East,Debit Card,Mobile App,1,12
ORD005498,2024-03-09,CUST01212,Books,Textbook,11.21,3,0.1,30.27,West,Bank Transfer,Web,4,9
ORD005499,2024-07-21,CUST00447,Books,Novel,41.26,3,0.15,105.21,East,PayPal,In-Store,5,13
ORD005500,2024-01-15,CUST01695,Sports,Dumbbell,750.31,2,0,1500.62,Central,Bank Transfer,Mobile App,4,6
ORD005501,2024-04-11,CUST00717,Home,Toaster,312.91,1,0,312.91,Central,Credit Card,Phone,5,6
ORD005502,2024-05-28,CUST01473,Books,Guide,59.22,2,0,118.44,North,Bank Transfer,In-Store,4,14
ORD005503,2024-02-13,CUST01708,Clothing,Jacket,147.34,5,0,736.7,South,Mobile Money,Mobile App,5,8
ORD005504,2024-09-11,CUST01405,Books,Cookbook,48.09,3,0,144.27,South,Debit Card,Web,4,9
ORD005505,2024-08-19,CUST00245,Electronics,Headphones,1010.12,1,0.05,959.61,North,Debit Card,In-Store,4,1
ORD005506,2024-04-22,CUST01021,Clothing,T-Shirt,145.0,4,0.2,464.0,East,PayPal,Phone,5,13
ORD005507,2024-09-14,CUST01083,Home,Lamp,197.38,5,0,986.9,North,Credit Card,Web,3,1
ORD005508,2024-12-17,CUST01478,Electronics,Laptop,380.11,1,0.2,304.09,North,PayPal,Web,5,5
ORD005509,2024-11-24,CUST00224,Electronics,Laptop,185.8,2,0.2,297.28,East,Bank Transfer,Web,5,10
ORD005510,2024-05-27,CUST00919,Clothing,Sneakers,117.5,2,0,235.0,West,PayPal,In-Store,3,7
ORD005511,2024-10-14,CUST00203,Electronics,Smartwatch,1110.58,3,0.05,3165.15,East,Bank Transfer,Mobile App,4,4
ORD005512,2024-09-06,CUST01906,Books,Comic,39.16,4,0,156.64,Central,Credit Card,In-Store,5,9
ORD005513,2024-04-04,CUST01248,Books,Guide,59.75,1,0.1,53.77,North,Bank Transfer,Mobile App,4,4
ORD005514,2024-08-04,CUST00963,Sports,Basketball,677.4,4,0,2709.6,Central,Bank Transfer,Phone,2,9
ORD005515,2024-11-11,CUST00789,Electronics,Smartphone,596.64,4,0.15,2028.58,Central,Bank Transfer,Mobile App,5,12
ORD005516,2024-11-20,CUST01608,Books,Biography,42.07,5,0.2,168.28,West,PayPal,Phone,5,13
ORD005517,2024-11-01,CUST01360,Home,Toaster,297.33,3,0.2,713.59,East,Bank Transfer,Phone,5,8
ORD005518,2024-01-21,CUST00652,Books,Biography,16.77,5,0,83.85,North,Mobile Money,Mobile App,5,4
ORD005519,2024-05-02,CUST01582,Clothing,Sneakers,42.9,2,0.1,77.22,East,Credit Card,Mobile App,3,7
ORD005520,2024-01-27,CUST01321,Books,Cookbook,32.51,3,0.05,92.65,Central,PayPal,In-Store,4,14
ORD005521,2024-02-11,CUST01798,Books,Novel,45.91,3,0,137.73,South,Debit Card,Web,5,4
ORD005522,2024-08-12,CUST01196,Clothing,T-Shirt,99.35,5,0.2,397.4,South,Bank Transfer,Web,5,3
ORD005523,2024-09-12,CUST01550,Clothing,Hat,101.92,3,0,305.76,South,Credit Card,Mobile App,4,8
ORD005524,2024-02-05,CUST01377,Electronics,Headphones,917.76,5,0.15,3900.48,Central,Credit Card,Phone,5,3
ORD005525,2024-05-24,CUST00628,Clothing,Socks,102.71,1,0,102.71,East,Bank Transfer,Web,3,10
ORD005526,2024-11-22,CUST01823,Books,Comic,54.11,4,0,216.44,East,Bank Transfer,Phone,4,8
ORD005527,2024-11-08,CUST00648,Electronics,Laptop,1069.73,2,0,2139.46,Central,Mobile Money,Mobile App,4,5
ORD005528,2024-05-08,CUST01912,Clothing,Sneakers,62.31,1,0.1,56.08,South,Mobile Money,Phone,2,3
ORD005529,2024-10-13,CUST00117,Home,Lamp,209.6,4,0,838.4,North,Debit Card,Mobile App,4,14
ORD005530,2024-08-17,CUST01387,Electronics,Tablet,1318.09,4,0.05,5008.74,Central,Credit Card,Phone,2,2
ORD005531,2024-11-08,CUST01226,Books,Novel,5.4,3,0.15,13.77,South,Credit Card,Phone,5,13
ORD005532,2024-01-12,CUST00162,Electronics,Smartwatch,1306.3,5,0.15,5551.78,South,Credit Card,Phone,3,1
ORD005533,2024-02-25,CUST01299,Home,Lamp,88.46,3,0.05,252.11,North,Mobile Money,Mobile App,5,5
ORD005534,2024-05-22,CUST01934,Electronics,Headphones,1353.74,3,0,4061.22,East,PayPal,In-Store,4,6
ORD005535,2024-07-05,CUST00850,Electronics,Smartphone,1439.58,2,0,2879.16,East,Bank Transfer,Web,4,6
ORD005536,2024-04-12,CUST00844,Books,Biography,15.64,2,0.05,29.72,East,Bank Transfer,Phone,3,6
ORD005537,2024-04-16,CUST01842,Electronics,Laptop,697.36,3,0,2092.08,East,Credit Card,Web,3,10
ORD005538,2024-08-24,CUST00805,Electronics,Headphones,580.54,4,0,2322.16,West,Bank Transfer,Phone,1,14
ORD005539,2024-04-16,CUST00633,Books,Biography,32.9,1,0.2,26.32,East,Debit Card,In-Store,4,14
ORD005540,2024-10-25,CUST01681,Home,Toaster,375.55,3,0.2,901.32,East,Debit Card,In-Store,3,1
ORD005541,2024-02-08,CUST00568,Sports,Football,541.55,2,0,1083.1,North,Mobile Money,Mobile App,5,10
ORD005542,2024-02-20,CUST00419,Clothing,Hat,109.56,4,0,438.24,South,Mobile Money,Web,5,1
ORD005543,2024-03-29,CUST01953,Electronics,Tablet,946.44,5,0,4732.2,East,Debit Card,In-Store,4,13
ORD005544,2024-02-20,CUST00325,Books,Guide,6.42,5,0.1,28.89,North,PayPal,Web,4,10
ORD005545,2024-12-12,CUST00311,Electronics,Headphones,1295.29,2,0.1,2331.52,South,Mobile Money,Mobile App,5,6
ORD005546,2024-07-03,CUST01609,Sports,Basketball,124.59,5,0.05,591.8,North,Credit Card,Mobile App,4,12
ORD005547,2024-04-18,CUST00055,Home,Toaster,301.16,2,0.1,542.09,West,Debit Card,Mobile App,1,13
ORD005548,2024-05-17,CUST00849,Sports,Football,419.62,5,0,2098.1,West,Bank Transfer,Web,4,8
ORD005549,2024-01-05,CUST01659,Books,Biography,11.73,5,0.05,55.72,North,Credit Card,Phone,4,3
ORD005550,2024-03-03,CUST00430,Sports,Basketball,204.97,3,0.1,553.42,East,Debit Card,Web,3,6
ORD005551,2024-08-23,CUST01472,Clothing,Jacket,70.45,5,0.2,281.8,East,PayPal,Web,5,13
ORD005552,2024-05-09,CUST01625,Home,Pillow,372.88,1,0.1,335.59,West,Mobile Money,Web,2,13
ORD005553,2024-03-29,CUST01333,Books,Cookbook,14.12,5,0.1,63.54,South,PayPal,In-Store,2,7
ORD005554,2024-04-09,CUST01225,Sports,Basketball,653.96,1,0.05,621.26,West,Credit Card,Mobile App,4,9
ORD005555,2024-03-13,CUST00333,Books,Guide,20.67,4,0,82.68,South,Debit Card,Mobile App,5,5
ORD005556,2024-04-19,CUST01529,Clothing,Sneakers,37.99,5,0.15,161.46,North,Debit Card,In-Store,5,5
ORD005557,2024-09-05,CUST01109,Electronics,Tablet,546.42,2,0.1,983.56,East,Mobile Money,In-Store,5,10
ORD005558,2024-02-16,CUST00640,Electronics,Tablet,424.34,3,0.15,1082.07,South,PayPal,In-Store,5,2
ORD005559,2024-01-18,CUST00659,Electronics,Tablet,714.45,3,0.15,1821.85,South,PayPal,Mobile App,5,3
ORD005560,2024-05-17,CUST01546,Sports,Basketball,513.01,3,0,1539.03,South,PayPal,In-Store,4,2
ORD005561,2024-10-08,CUST01237,Sports,Tennis Racket,307.85,1,0.2,246.28,West,Mobile Money,In-Store,5,13
ORD005562,2024-03-02,CUST01370,Home,Blender,67.47,5,0.2,269.88,West,Credit Card,Phone,5,7
ORD005563,2024-12-27,CUST00355,Clothing,Jacket,120.84,1,0,120.84,South,Credit Card,In-Store,4,4
ORD005564,2024-05-26,CUST00975,Books,Biography,59.39,3,0.1,160.35,South,PayPal,In-Store,4,10
ORD005565,2024-12-16,CUST00487,Clothing,Sneakers,26.4,2,0.1,47.52,North,PayPal,Phone,5,9
ORD005566,2024-01-25,CUST00044,Clothing,Socks,17.19,5,0.2,68.76,West,Bank Transfer,Web,5,10
ORD005567,2024-10-24,CUST00730,Sports,Tennis Racket,720.15,2,0,1440.3,South,Credit Card,Web,5,11
ORD005568,2024-06-25,CUST01006,Sports,Yoga Mat,618.5,2,0.15,1051.45,Central,Credit Card,Mobile App,5,1
ORD005569,2024-10-27,CUST01189,Clothing,Sneakers,131.14,5,0,655.7,North,Debit Card,In-Store,5,2
ORD005570,2024-09-02,CUST01894,Electronics,Laptop,1203.14,2,0,2406.28,South,PayPal,Phone,4,10
ORD005571,2024-11-09,CUST01514,Sports,Tennis Racket,722.2,2,0,1444.4,East,Debit Card,Mobile App,4,7
ORD005572,2024-01-26,CUST01753,Electronics,Smartphone,308.4,2,0,616.8,West,Mobile Money,Web,4,1
ORD005573,2024-02-24,CUST00101,Clothing,Sneakers,118.11,1,0.05,112.2,West,Bank Transfer,In-Store,5,3
ORD005574,2024-10-26,CUST01180,Home,Blender,20.2,5,0.1,90.9,South,Credit Card,In-Store,4,2
ORD005575,2024-09-18,CUST00785,Home,Lamp,315.58,2,0.15,536.49,North,Credit Card,Phone,5,12
ORD005576,2024-08-14,CUST01194,Home,Toaster,123.05,1,0,123.05,North,Debit Card,Phone,2,5
ORD005577,2024-12-22,CUST01379,Sports,Bicycle,400.91,4,0,1603.64,North,Credit Card,Mobile App,3,6
ORD005578,2024-12-19,CUST01557,Sports,Tennis Racket,352.34,3,0.1,951.32,South,Debit Card,Phone,3,9
ORD005579,2024-12-02,CUST01658,Books,Guide,31.96,3,0,95.88,Central,PayPal,In-Store,5,13
ORD005580,2024-12-09,CUST01018,Books,Novel,48.32,3,0.05,137.71,North,Credit Card,Phone,5,2
ORD005581,2024-07-06,CUST00823,Sports,Football,598.54,1,0,598.54,South,PayPal,Mobile App,3,2
ORD005582,2024-11-19,CUST00657,Books,Textbook,16.11,1,0,16.11,Central,Bank Transfer,Phone,2,7
ORD005583,2024-04-23,CUST00116,Clothing,T-Shirt,147.68,3,0.15,376.58,West,Credit Card,Web,5,6
ORD005584,2024-12-22,CUST01025,Home,Chair,345.43,1,0,345.43,Central,PayPal,In-Store,4,10
ORD005585,2024-12-09,CUST00241,Electronics,Smartwatch,264.52,4,0,1058.08,West,Debit Card,Mobile App,4,7
ORD005586,2024-04-24,CUST01616,Books,Biography,21.8,1,0,21.8,West,PayPal,Web,2,13
ORD005587,2024-02-29,CUST00010,Electronics,Camera,184.63,5,0,923.15,West,Debit Card,Mobile App,5,3
ORD005588,2024-05-15,CUST01165,Home,Table,105.55,4,0,422.2,East,Credit Card,Web,5,11
ORD005589,2024-06-15,CUST00922,Sports,Dumbbell,410.46,3,0.2,985.1,Central,Credit Card,In-Store,3,5
ORD005590,2024-04-19,CUST01234,Clothing,Sneakers,91.08,1,0.15,77.42,East,Bank Transfer,Mobile App,4,1
ORD005591,2024-11-07,CUST00069,Home,Toaster,120.03,5,0,600.15,North,Mobile Money,In-Store,5,7
ORD005592,2024-04-20,CUST01990,Sports,Tennis Racket,92.84,5,0.15,394.57,South,Credit Card,Phone,4,8
ORD005593,2024-01-09,CUST01713,Sports,Basketball,323.7,4,0,1294.8,South,Credit Card,Phone,5,6
ORD005594,2024-01-14,CUST00882,Electronics,Tablet,867.69,5,0.1,3904.6,East,Credit Card,Web,4,1
ORD005595,2024-08-14,CUST00757,Books,Biography,11.06,5,0,55.3,North,Credit Card,In-Store,4,10
ORD005596,2024-09-12,CUST00557,Clothing,T-Shirt,85.64,3,0,256.92,East,PayPal,Mobile App,3,10
ORD005597,2024-06-19,CUST01157,Clothing,T-Shirt,83.53,4,0.05,317.41,South,PayPal,Phone,3,9
ORD005598,2024-10-07,CUST00255,Electronics,Smartphone,1164.99,4,0.1,4193.96,North,Mobile Money,Phone,4,12
ORD005599,2024-01-21,CUST00447,Clothing,Jeans,18.25,5,0.05,86.69,North,Mobile Money,Web,4,8
ORD005600,2024-06-20,CUST01115,Books,Textbook,18.73,2,0,37.46,North,Credit Card,Web,5,3
ORD005601,2024-02-18,CUST00922,Books,Biography,28.02,3,0.2,67.25,Central,PayPal,In-Store,5,3
ORD005602,2024-05-10,CUST01931,Home,Blender,195.29,1,0,195.29,South,PayPal,Phone,5,7
ORD005603,2024-06-01,CUST01117,Home,Blender,50.6,3,0,151.8,East,Mobile Money,In-Store,5,2
ORD005604,2024-11-11,CUST01731,Sports,Dumbbell,69.74,5,0.2,278.96,North,PayPal,Web,2,12
ORD005605,2024-10-19,CUST01330,Sports,Football,281.09,3,0,843.27,East,Debit Card,Web,4,7
ORD005606,2024-04-21,CUST02000,Home,Chair,227.39,5,0.05,1080.1,North,Mobile Money,Phone,5,7
ORD005607,2024-05-11,CUST00373,Books,Biography,24.61,2,0.2,39.38,North,Debit Card,Web,5,14
ORD005608,2024-07-26,CUST00711,Home,Blender,241.85,4,0,967.4,Central,Credit Card,Web,5,3
ORD005609,2024-10-08,CUST00459,Home,Table,306.49,4,0.05,1164.66,East,Credit Card,Phone,3,12
ORD005610,2024-03-15,CUST01565,Sports,Football,702.03,5,0,3510.15,West,Mobile Money,Mobile App,4,4
ORD005611,2024-01-01,CUST01289,Sports,Bicycle,198.57,2,0.05,377.28,West,Debit Card,Phone,2,6
ORD005612,2024-08-10,CUST00688,Home,Toaster,40.92,2,0,81.84,East,Debit Card,Phone,2,14
ORD005613,2024-04-19,CUST01587,Electronics,Laptop,1023.7,5,0,5118.5,South,Credit Card,Web,3,3
ORD005614,2024-07-23,CUST00633,Home,Pillow,100.76,3,0.2,241.82,North,Mobile Money,Web,5,9
ORD005615,2024-07-25,CUST01039,Home,Chair,104.49,1,0,104.49,South,PayPal,Phone,3,3
ORD005616,2024-09-17,CUST01913,Sports,Dumbbell,284.8,1,0.2,227.84,South,Debit Card,Phone,4,5
ORD005617,2024-12-26,CUST01203,Sports,Basketball,106.39,2,0.2,170.22,West,PayPal,In-Store,5,9
ORD005618,2024-11-09,CUST00097,Books,Novel,25.8,2,0.15,43.86,South,Debit Card,Mobile App,4,2
ORD005619,2024-08-26,CUST01049,Books,Cookbook,44.21,5,0,221.05,South,Credit Card,In-Store,1,6
ORD005620,2024-07-07,CUST00213,Books,Comic,58.29,1,0,58.29,Central,Bank Transfer,Mobile App,2,12
ORD005621,2024-10-21,CUST01215,Clothing,Jacket,12.13,1,0.05,11.52,East,PayPal,In-Store,5,11
ORD005622,2024-12-30,CUST00705,Home,Blender,359.77,4,0.1,1295.17,South,Mobile Money,Phone,4,14
ORD005623,2024-04-26,CUST00752,Electronics,Laptop,753.99,2,0,1507.98,West,PayPal,Web,3,11
ORD005624,2024-03-29,CUST00012,Books,Comic,25.93,5,0.15,110.2,North,Debit Card,Mobile App,4,5
ORD005625,2024-07-25,CUST00638,Clothing,Jeans,42.34,4,0,169.36,South,Debit Card,Mobile App,5,12
ORD005626,2024-08-19,CUST00328,Home,Lamp,327.27,5,0.1,1472.72,North,Credit Card,Web,4,6
ORD005627,2024-11-11,CUST01185,Clothing,Hat,32.64,1,0.2,26.11,South,Credit Card,Phone,5,13
ORD005628,2024-11-20,CUST01431,Books,Biography,39.68,2,0,79.36,North,Credit Card,Phone,5,13
ORD005629,2024-02-28,CUST01395,Clothing,T-Shirt,15.62,1,0.1,14.06,East,Mobile Money,Web,1,1
ORD005630,2024-10-26,CUST00793,Home,Chair,264.6,1,0,264.6,West,Bank Transfer,Phone,3,12
ORD005631,2024-11-01,CUST00968,Home,Lamp,23.03,5,0.2,92.12,South,Debit Card,Phone,5,13
ORD005632,2024-11-03,CUST00698,Sports,Basketball,664.3,2,0.15,1129.31,South,Debit Card,In-Store,2,5
ORD005633,2024-07-28,CUST01486,Sports,Tennis Racket,444.63,1,0.05,422.4,West,PayPal,Phone,4,8
ORD005634,2024-11-01,CUST01135,Books,Comic,22.15,5,0,110.75,Central,Credit Card,In-Store,5,7
ORD005635,2024-12-16,CUST00929,Clothing,T-Shirt,33.27,3,0,99.81,East,Bank Transfer,Web,3,2
ORD005636,2024-08-26,CUST01943,Books,Novel,44.99,3,0.15,114.72,North,Bank Transfer,Mobile App,5,3
ORD005637,2024-05-18,CUST01635,Clothing,Jeans,100.01,3,0.15,255.03,East,PayPal,Phone,5,13
ORD005638,2024-12-06,CUST01269,Home,Toaster,131.95,3,0.2,316.68,East,PayPal,In-Store,5,2
ORD005639,2024-03-12,CUST01201,Home,Chair,60.45,3,0.05,172.28,North,PayPal,Mobile App,4,7
ORD005640,2024-10-23,CUST00480,Electronics,Headphones,143.11,2,0.2,228.98,Central,Debit Card,Phone,3,7
ORD005641,2024-11-03,CUST00541,Home,Pillow,167.67,2,0,335.34,East,Debit Card,In-Store,4,12
ORD005642,2024-01-06,CUST01627,Sports,Football,672.05,4,0,2688.2,West,Mobile Money,Mobile App,5,1
ORD005643,2024-11-09,CUST00438,Sports,Bicycle,379.47,1,0,379.47,East,Mobile Money,Phone,4,3
ORD005644,2024-02-29,CUST00179,Electronics,Camera,744.37,2,0.1,1339.87,Central,Debit Card,Mobile App,5,9
ORD005645,2024-06-13,CUST00484,Sports,Football,417.87,2,0.15,710.38,Central,Bank Transfer,In-Store,2,9
ORD005646,2024-09-17,CUST00193,Home,Table,19.2,1,0.05,18.24,North,PayPal,Phone,2,3
ORD005647,2024-02-06,CUST01922,Books,Cookbook,23.35,4,0,93.4,West,Debit Card,Phone,4,12
ORD005648,2024-03-04,CUST00625,Clothing,Jacket,42.21,5,0.2,168.84,East,PayPal,Phone,5,14
ORD005649,2024-11-04,CUST00417,Home,Lamp,288.14,3,0.1,777.98,North,Credit Card,In-Store,4,5
ORD005650,2024-06-13,CUST00684,Books,Guide,16.68,5,0,83.4,North,Credit Card,Mobile App,3,11
ORD005651,2024-09-23,CUST01030,Clothing,Jeans,20.28,5,0.15,86.19,East,Bank Transfer,Web,5,4
ORD005652,2024-05-05,CUST01176,Electronics,Smartphone,1459.26,3,0.1,3940.0,Central,Bank Transfer,Mobile App,2,1
ORD005653,2024-12-30,CUST01470,Sports,Bicycle,138.57,2,0,277.14,East,Credit Card,Phone,1,7
ORD005654,2024-09-28,CUST01122,Books,Cookbook,29.13,4,0.2,93.22,South,Bank Transfer,Mobile App,4,7
ORD005655,2024-01-04,CUST01359,Books,Biography,20.92,1,0.15,17.78,West,Mobile Money,Mobile App,5,6
ORD005656,2024-12-06,CUST00717,Home,Toaster,268.56,2,0,537.12,Central,Credit Card,Web,5,3
ORD005657,2024-03-01,CUST00455,Electronics,Smartphone,578.15,2,0,1156.3,East,Debit Card,Phone,3,12
ORD005658,2024-02-01,CUST01300,Home,Blender,180.37,2,0.05,342.7,East,Mobile Money,In-Store,4,5
ORD005659,2024-03-30,CUST00152,Electronics,Smartphone,963.26,3,0.1,2600.8,Central,PayPal,In-Store,3,13
ORD005660,2024-06-12,CUST00334,Books,Textbook,6.03,3,0,18.09,North,Mobile Money,In-Store,5,14
ORD005661,2024-11-01,CUST00753,Home,Table,15.31,4,0.2,48.99,North,PayPal,Mobile App,4,12
ORD005662,2024-09-14,CUST01185,Books,Novel,30.44,2,0.1,54.79,Central,Debit Card,Mobile App,3,13
ORD005663,2024-09-15,CUST00030,Sports,Bicycle,774.87,4,0.05,2944.51,North,Credit Card,Phone,4,11
ORD005664,2024-06-08,CUST00066,Home,Pillow,84.31,3,0,252.93,East,Debit Card,Mobile App,5,12
ORD005665,2024-04-29,CUST00037,Books,Novel,57.17,1,0.05,54.31,West,Debit Card,Phone,4,5
ORD005666,2024-04-03,CUST00602,Clothing,T-Shirt,16.31,3,0,48.93,North,Mobile Money,Mobile App,4,10
ORD005667,2024-02-12,CUST00538,Books,Biography,45.38,5,0.2,181.52,Central,PayPal,Web,2,6
ORD005668,2024-05-31,CUST00916,Sports,Football,598.1,3,0,1794.3,Central,PayPal,Web,4,5
ORD005669,2024-01-04,CUST01761,Electronics,Tablet,774.18,1,0,774.18,Central,Mobile Money,Phone,4,14
ORD005670,2024-12-23,CUST01250,Sports,Yoga Mat,680.74,1,0,680.74,Central,Debit Card,Mobile App,5,10
ORD005671,2024-11-17,CUST01136,Electronics,Camera,339.32,5,0,1696.6,Central,PayPal,Web,2,5
ORD005672,2024-11-15,CUST01906,Books,Biography,42.93,2,0,85.86,Central,PayPal,Phone,4,13
ORD005673,2024-10-22,CUST01955,Sports,Football,257.72,3,0.15,657.19,Central,PayPal,Mobile App,4,8
ORD005674,2024-02-22,CUST00496,Books,Biography,50.18,4,0,200.72,West,PayPal,Phone,4,12
ORD005675,2024-12-16,CUST00774,Books,Biography,35.57,4,0,142.28,East,Debit Card,Phone,4,2
ORD005676,2024-10-27,CUST01800,Electronics,Laptop,1438.19,5,0,7190.95,South,PayPal,Web,5,8
ORD005677,2024-10-07,CUST00834,Electronics,Headphones,807.12,3,0.05,2300.29,South,PayPal,Mobile App,3,3
ORD005678,2024-03-25,CUST01647,Home,Lamp,18.88,1,0,18.88,Central,Bank Transfer,Mobile App,4,12
ORD005679,2024-02-09,CUST00184,Electronics,Tablet,878.84,1,0,878.84,South,Credit Card,Web,2,11
ORD005680,2024-06-09,CUST01165,Books,Comic,30.71,5,0,153.55,West,Credit Card,In-Store,4,3
ORD005681,2024-05-11,CUST01421,Clothing,Hat,17.91,1,0,17.91,Central,Debit Card,In-Store,3,14
ORD005682,2024-09-12,CUST00370,Books,Guide,5.48,1,0.15,4.66,West,Bank Transfer,In-Store,2,8
ORD005683,2024-06-17,CUST01387,Home,Pillow,89.33,3,0,267.99,East,Mobile Money,Web,3,3
ORD005684,2024-12-04,CUST00831,Books,Cookbook,53.29,3,0.2,127.9,West,Bank Transfer,Mobile App,4,14
ORD005685,2024-08-23,CUST01606,Electronics,Headphones,1173.9,2,0.1,2113.02,South,Credit Card,Phone,2,1
ORD005686,2024-06-03,CUST00567,Sports,Dumbbell,754.76,2,0,1509.52,East,Debit Card,Phone,5,6
ORD005687,2024-04-12,CUST01474,Electronics,Smartwatch,299.96,1,0.15,254.97,East,Mobile Money,Web,5,3
ORD005688,2024-09-21,CUST01418,Sports,Yoga Mat,237.23,2,0.05,450.74,South,Mobile Money,In-Store,3,10
ORD005689,2024-08-22,CUST00541,Home,Lamp,278.59,3,0.2,668.62,East,Mobile Money,In-Store,5,2
ORD005690,2024-07-24,CUST00037,Home,Chair,359.84,5,0,1799.2,West,Credit Card,Mobile App,5,4
ORD005691,2024-12-15,CUST01217,Sports,Basketball,28.88,1,0,28.88,West,Bank Transfer,Web,4,7
ORD005692,2024-05-17,CUST01294,Books,Guide,48.57,2,0.15,82.57,East,Debit Card,Web,5,10
ORD005693,2024-03-06,CUST00212,Clothing,Jeans,35.34,2,0,70.68,West,Bank Transfer,Web,4,4
ORD005694,2024-03-17,CUST01014,Home,Toaster,330.42,2,0.15,561.71,South,Debit Card,In-Store,4,5
ORD005695,2024-01-30,CUST01140,Clothing,Jacket,20.0,4,0.2,64.0,Central,Credit Card,In-Store,5,13
ORD005696,2024-12-08,CUST01374,Sports,Tennis Racket,525.59,3,0.1,1419.09,South,Debit Card,Mobile App,3,3
ORD005697,2024-07-21,CUST01196,Clothing,Hat,141.52,3,0.05,403.33,Central,Mobile Money,Web,2,1
ORD005698,2024-04-10,CUST01876,Sports,Bicycle,93.17,5,0.05,442.56,North,Debit Card,Mobile App,2,8
ORD005699,2024-05-13,CUST00732,Home,Pillow,378.81,2,0,757.62,East,PayPal,Phone,3,3
ORD005700,2024-05-15,CUST01860,Clothing,Sneakers,13.9,1,0.2,11.12,Central,Bank Transfer,Phone,5,13
ORD005701,2024-06-24,CUST01762,Home,Table,78.64,2,0.15,133.69,West,Debit Card,Web,5,4
ORD005702,2024-01-27,CUST01605,Books,Comic,33.33,3,0.15,84.99,West,PayPal,Mobile App,5,3
ORD005703,2024-11-27,CUST00505,Electronics,Laptop,630.23,1,0.2,504.18,North,Mobile Money,Phone,5,4
ORD005704,2024-07-05,CUST00729,Books,Guide,41.53,4,0.2,132.9,Central,Bank Transfer,Phone,5,8
ORD005705,2024-04-29,CUST00681,Electronics,Camera,1113.72,3,0.05,3174.1,South,Bank Transfer,Mobile App,3,8
ORD005706,2024-10-30,CUST00597,Sports,Football,163.79,5,0.15,696.11,North,PayPal,Phone,5,10
ORD005707,2024-02-23,CUST00346,Home,Pillow,335.15,4,0.2,1072.48,West,Bank Transfer,Web,5,3
ORD005708,2024-05-23,CUST01801,Electronics,Headphones,928.12,4,0,3712.48,Central,Bank Transfer,In-Store,4,3
ORD005709,2024-08-06,CUST00922,Clothing,Jacket,101.98,4,0,407.92,South,Mobile Money,Mobile App,2,1
ORD005710,2024-02-27,CUST01307,Electronics,Headphones,1284.08,1,0,1284.08,East,PayPal,Phone,4,8
ORD005711,2024-01-23,CUST00929,Books,Comic,31.4,3,0,94.2,East,PayPal,In-Store,5,12
ORD005712,2024-12-29,CUST00255,Sports,Tennis Racket,636.35,5,0,3181.75,West,Mobile Money,Phone,4,9
ORD005713,2024-10-21,CUST00449,Sports,Football,203.33,2,0,406.66,North,Credit Card,Mobile App,5,4
ORD005714,2024-03-02,CUST01448,Home,Lamp,360.85,4,0.2,1154.72,East,Credit Card,Mobile App,5,10
ORD005715,2024-01-06,CUST00757,Clothing,T-Shirt,118.82,2,0.1,213.88,East,Debit Card,Web,3,14
ORD005716,2024-12-30,CUST01631,Clothing,Sneakers,112.99,1,0,112.99,North,PayPal,Web,4,13
ORD005717,2024-10-16,CUST00283,Sports,Tennis Racket,408.94,3,0.1,1104.14,South,Bank Transfer,Mobile App,4,14
ORD005718,2024-09-24,CUST01642,Books,Cookbook,7.14,5,0,35.7,Central,Bank Transfer,Phone,3,4
ORD005719,2024-01-16,CUST00879,Sports,Football,510.68,4,0,2042.72,West,Bank Transfer,Phone,3,4
ORD005720,2024-02-04,CUST01546,Electronics,Smartphone,837.12,4,0.1,3013.63,East,Bank Transfer,Phone,5,8
ORD005721,2024-07-27,CUST01678,Electronics,Headphones,991.1,5,0.1,4459.95,East,PayPal,In-Store,5,10
ORD005722,2024-02-24,CUST01370,Electronics,Laptop,841.28,1,0,841.28,South,Mobile Money,Mobile App,3,6
ORD005723,2024-01-24,CUST00278,Home,Blender,102.99,1,0.1,92.69,East,Bank Transfer,In-Store,4,3
ORD005724,2024-04-02,CUST01857,Clothing,T-Shirt,28.37,4,0.2,90.78,East,Debit Card,Web,5,11
ORD005725,2024-02-05,CUST01436,Home,Chair,202.55,2,0,405.1,East,Debit Card,In-Store,5,2
ORD005726,2024-03-22,CUST00900,Books,Biography,57.7,2,0.1,103.86,East,Bank Transfer,Phone,4,3
ORD005727,2024-12-24,CUST00055,Books,Biography,30.64,5,0.1,137.88,East,Debit Card,In-Store,3,7
ORD005728,2024-02-01,CUST01623,Home,Pillow,363.97,3,0.2,873.53,Central,Debit Card,In-Store,5,12
ORD005729,2024-09-07,CUST01424,Sports,Dumbbell,629.41,5,0.1,2832.35,East,Mobile Money,Mobile App,2,10
ORD005730,2024-04-08,CUST00040,Clothing,Hat,23.07,4,0.05,87.67,East,Debit Card,Web,4,9
ORD005731,2024-09-03,CUST00965,Electronics,Laptop,1184.04,1,0,1184.04,Central,Debit Card,Web,5,14
ORD005732,2024-11-23,CUST01202,Sports,Basketball,591.31,2,0.05,1123.49,Central,Mobile Money,Web,3,4
ORD005733,2024-11-15,CUST01280,Clothing,Jeans,54.48,5,0,272.4,South,Debit Card,Phone,3,14
ORD005734,2024-12-03,CUST01488,Home,Pillow,127.07,3,0,381.21,East,PayPal,Phone,4,3
ORD005735,2024-03-30,CUST01633,Books,Cookbook,55.25,5,0.2,221.0,West,Mobile Money,Web,4,8
ORD005736,2024-07-17,CUST01579,Home,Lamp,172.09,4,0.1,619.52,Central,PayPal,Mobile App,4,14
ORD005737,2024-08-29,CUST01995,Electronics,Camera,1169.17,1,0,1169.17,Central,Debit Card,Mobile App,4,8
ORD005738,2024-11-05,CUST01720,Books,Novel,50.22,2,0,100.44,South,Credit Card,Phone,5,9
ORD005739,2024-09-13,CUST00361,Books,Cookbook,6.6,1,0,6.6,North,Debit Card,Phone,5,4
ORD005740,2024-08-10,CUST00069,Home,Pillow,318.3,1,0,318.3,South,Mobile Money,Mobile App,4,3
ORD005741,2024-06-11,CUST01633,Home,Pillow,54.33,2,0,108.66,Central,PayPal,In-Store,4,4
ORD005742,2024-09-13,CUST01483,Books,Guide,15.08,5,0,75.4,North,Debit Card,In-Store,3,12
ORD005743,2024-01-24,CUST00143,Clothing,T-Shirt,16.04,2,0,32.08,Central,Debit Card,Web,4,3
ORD005744,2024-08-02,CUST01636,Home,Blender,366.99,4,0.15,1247.77,West,Bank Transfer,Mobile App,5,1
ORD005745,2024-05-16,CUST01249,Clothing,T-Shirt,78.63,5,0.15,334.18,South,Mobile Money,In-Store,3,2
ORD005746,2024-05-12,CUST00621,Clothing,Sneakers,68.22,5,0.2,272.88,North,Bank Transfer,Phone,5,8
ORD005747,2024-05-28,CUST00140,Sports,Tennis Racket,689.35,1,0.1,620.41,Central,Debit Card,Web,5,9
ORD005748,2024-09-19,CUST01857,Home,Toaster,303.49,3,0,910.47,Central,PayPal,Web,3,6
ORD005749,2024-10-24,CUST01422,Books,Cookbook,20.95,3,0.15,53.42,East,Credit Card,Web,5,1
ORD005750,2024-12-28,CUST01246,Books,Comic,52.55,5,0.05,249.61,Central,Mobile Money,Mobile App,5,3
ORD005751,2024-03-06,CUST00689,Home,Blender,317.38,3,0,952.14,Central,Debit Card,Web,5,11
ORD005752,2024-05-17,CUST01388,Clothing,Jeans,144.23,2,0,288.46,Central,PayPal,In-Store,5,11
ORD005753,2024-06-11,CUST00677,Electronics,Smartphone,1037.38,4,0.1,3734.57,East,Mobile Money,Phone,4,8
ORD005754,2024-09-05,CUST01155,Clothing,Jeans,96.62,4,0.15,328.51,North,Mobile Money,In-Store,5,2
ORD005755,2024-04-02,CUST00989,Books,Textbook,34.89,4,0.05,132.58,Central,PayPal,Web,4,10
ORD005756,2024-03-10,CUST01972,Sports,Football,378.01,4,0.15,1285.23,North,Mobile Money,Phone,4,5
ORD005757,2024-11-20,CUST00729,Sports,Football,189.65,1,0,189.65,East,PayPal,Web,4,11
ORD005758,2024-07-14,CUST01363,Clothing,Hat,21.18,5,0,105.9,East,Bank Transfer,In-Store,3,9
ORD005759,2024-04-01,CUST01102,Home,Lamp,392.64,3,0.1,1060.13,South,PayPal,Phone,5,1
ORD005760,2024-02-02,CUST00999,Clothing,Jeans,127.24,2,0,254.48,East,Bank Transfer,Phone,2,4
ORD005761,2024-01-24,CUST00519,Books,Cookbook,18.35,5,0.15,77.99,West,Credit Card,Phone,5,1
ORD005762,2024-07-10,CUST00165,Home,Chair,144.85,1,0.05,137.61,West,Debit Card,Phone,4,14
ORD005763,2024-07-22,CUST01321,Electronics,Laptop,834.62,3,0,2503.86,North,PayPal,Phone,3,11
ORD005764,2024-06-20,CUST01097,Sports,Dumbbell,101.11,2,0.05,192.11,Central,Bank Transfer,Phone,2,6
ORD005765,2024-10-29,CUST00977,Home,Toaster,328.52,2,0.05,624.19,Central,Bank Transfer,Web,4,7
ORD005766,2024-06-17,CUST01177,Books,Cookbook,39.92,5,0.05,189.62,Central,Bank Transfer,Phone,2,5
ORD005767,2024-08-31,CUST01043,Home,Pillow,197.79,2,0,395.58,East,PayPal,In-Store,4,8
ORD005768,2024-07-22,CUST01577,Home,Blender,370.61,4,0,1482.44,East,PayPal,Mobile App,1,5
ORD005769,2024-04-28,CUST01749,Sports,Yoga Mat,692.23,3,0.2,1661.35,West,PayPal,In-Store,5,2
ORD005770,2024-03-17,CUST00105,Electronics,Camera,1245.31,4,0,4981.24,North,PayPal,Phone,4,3
ORD005771,2024-10-02,CUST00117,Books,Biography,53.83,5,0.1,242.24,East,Debit Card,Phone,2,13
ORD005772,2024-05-10,CUST01673,Sports,Basketball,40.68,5,0,203.4,North,Mobile Money,In-Store,4,12
ORD005773,2024-06-07,CUST00412,Books,Novel,26.98,4,0.15,91.73,South,Debit Card,Phone,5,6
ORD005774,2024-09-23,CUST01643,Home,Pillow,330.87,2,0.1,595.57,South,Debit Card,Web,3,5
ORD005775,2024-05-26,CUST01907,Sports,Basketball,527.67,3,0.2,1266.41,Central,Debit Card,Mobile App,5,12
ORD005776,2024-05-12,CUST00919,Electronics,Headphones,672.97,3,0,2018.91,North,Credit Card,Web,4,1
ORD005777,2024-01-11,CUST00344,Clothing,Hat,140.59,1,0,140.59,West,Mobile Money,Phone,3,14
ORD005778,2024-09-18,CUST01631,Electronics,Headphones,863.05,5,0.15,3667.96,East,PayPal,Web,5,7
ORD005779,2024-01-02,CUST01500,Clothing,Sneakers,107.27,4,0,429.08,Central,PayPal,Mobile App,2,6
ORD005780,2024-07-04,CUST00755,Electronics,Laptop,273.49,5,0,1367.45,South,Mobile Money,In-Store,5,10
ORD005781,2024-07-21,CUST01860,Clothing,Sneakers,20.22,5,0.05,96.05,North,Mobile Money,Mobile App,5,5
ORD005782,2024-09-28,CUST01680,Clothing,Hat,115.33,2,0,230.66,North,Mobile Money,Web,1,2
ORD005783,2024-07-21,CUST00453,Books,Biography,46.5,3,0,139.5,East,Bank Transfer,Phone,1,5
ORD005784,2024-08-21,CUST01754,Sports,Football,400.15,3,0,1200.45,South,Credit Card,Mobile App,4,4
ORD005785,2024-11-02,CUST00355,Clothing,T-Shirt,129.95,2,0,259.9,North,Mobile Money,In-Store,4,2
ORD005786,2024-06-01,CUST00574,Electronics,Camera,370.86,3,0,1112.58,Central,Mobile Money,Phone,2,9
ORD005787,2024-08-20,CUST01799,Sports,Tennis Racket,165.87,2,0.1,298.57,South,Debit Card,Phone,4,9
ORD005788,2024-12-22,CUST01728,Books,Novel,13.76,5,0,68.8,West,Debit Card,In-Store,4,6
ORD005789,2024-03-13,CUST01230,Home,Pillow,271.56,1,0,271.56,Central,Credit Card,In-Store,2,11
ORD005790,2024-04-07,CUST00690,Sports,Bicycle,479.97,2,0,959.94,Central,PayPal,Mobile App,5,1
ORD005791,2024-09-06,CUST01622,Electronics,Smartwatch,612.07,3,0.1,1652.59,Central,PayPal,In-Store,2,6
ORD005792,2024-02-06,CUST00077,Sports,Tennis Racket,98.18,3,0,294.54,South,Bank Transfer,Phone,1,1
ORD005793,2024-05-27,CUST00137,Books,Novel,18.58,4,0,74.32,South,Credit Card,Web,5,1
ORD005794,2024-06-30,CUST00083,Home,Blender,223.41,5,0.05,1061.2,North,Bank Transfer,In-Store,2,9
ORD005795,2024-06-18,CUST01928,Books,Comic,21.48,3,0.15,54.77,Central,Mobile Money,Mobile App,5,3
ORD005796,2024-05-16,CUST00194,Clothing,Hat,17.72,3,0.2,42.53,West,Credit Card,Web,4,6
ORD005797,2024-04-20,CUST01656,Books,Biography,16.81,2,0.1,30.26,West,Bank Transfer,Web,4,8
ORD005798,2024-09-09,CUST00493,Electronics,Headphones,414.22,5,0.15,1760.43,East,Bank Transfer,Mobile App,3,9
ORD005799,2024-08-24,CUST01302,Sports,Bicycle,711.35,3,0,2134.05,South,Credit Card,In-Store,5,8
ORD005800,2024-12-23,CUST01944,Books,Novel,7.19,5,0,35.95,West,Mobile Money,Mobile App,1,8
ORD005801,2024-03-21,CUST01495,Clothing,Jeans,60.67,2,0.1,109.21,East,Debit Card,Mobile App,4,3
ORD005802,2024-08-05,CUST00427,Books,Textbook,52.64,3,0,157.92,East,Bank Transfer,Mobile App,5,8
ORD005803,2024-01-02,CUST01835,Clothing,Socks,105.22,2,0,210.44,West,PayPal,Phone,2,8
ORD005804,2024-11-04,CUST01515,Home,Lamp,110.85,1,0.2,88.68,East,Credit Card,In-Store,5,12
ORD005805,2024-01-23,CUST00248,Clothing,T-Shirt,39.69,4,0,158.76,North,PayPal,In-Store,5,4
ORD005806,2024-10-03,CUST01190,Clothing,T-Shirt,60.9,1,0.1,54.81,Central,Debit Card,In-Store,2,1
ORD005807,2024-09-27,CUST01797,Sports,Dumbbell,563.56,1,0.15,479.03,West,Bank Transfer,In-Store,5,11
ORD005808,2024-06-04,CUST00720,Sports,Dumbbell,311.36,5,0.15,1323.28,South,Mobile Money,Phone,4,7
ORD005809,2024-08-10,CUST01815,Sports,Yoga Mat,384.7,3,0.15,980.99,East,PayPal,Mobile App,5,10
ORD005810,2024-11-04,CUST01647,Clothing,Sneakers,79.12,1,0,79.12,East,Debit Card,Phone,3,14
ORD005811,2024-04-05,CUST00355,Books,Comic,38.54,2,0.2,61.66,North,Mobile Money,Phone,5,1
ORD005812,2024-02-22,CUST01248,Sports,Yoga Mat,156.26,5,0.2,625.04,Central,Mobile Money,Web,5,12
ORD005813,2024-06-11,CUST01022,Home,Chair,302.49,2,0.15,514.23,West,Bank Transfer,Mobile App,5,2
ORD005814,2024-09-21,CUST01977,Clothing,Jacket,17.1,5,0,85.5,South,Mobile Money,Mobile App,4,13
ORD005815,2024-06-28,CUST01498,Clothing,T-Shirt,138.78,3,0.15,353.89,West,Debit Card,In-Store,4,8
ORD005816,2024-08-10,CUST01099,Books,Guide,28.75,1,0.2,23.0,East,Bank Transfer,Mobile App,4,8
ORD005817,2024-11-14,CUST00139,Books,Comic,21.5,4,0.2,68.8,East,Bank Transfer,Phone,5,4
ORD005818,2024-09-18,CUST01081,Electronics,Camera,405.02,4,0.2,1296.06,North,PayPal,In-Store,5,11
ORD005819,2024-09-29,CUST00235,Clothing,Hat,83.36,2,0.05,158.38,Central,Credit Card,Phone,4,6
ORD005820,2024-06-26,CUST00724,Electronics,Tablet,623.95,1,0.15,530.36,East,Credit Card,Web,5,8
ORD005821,2024-09-23,CUST01547,Home,Toaster,255.85,1,0.1,230.26,Central,Mobile Money,Web,4,2
ORD005822,2024-09-06,CUST01030,Home,Toaster,218.19,1,0,218.19,West,Debit Card,Phone,2,1
ORD005823,2024-04-19,CUST00730,Electronics,Camera,319.86,4,0.1,1151.5,West,Debit Card,In-Store,4,3
ORD005824,2024-02-19,CUST01574,Electronics,Headphones,120.42,1,0.2,96.34,West,Mobile Money,Web,5,6
ORD005825,2024-07-26,CUST01613,Home,Chair,143.47,2,0.2,229.55,South,Credit Card,In-Store,5,12
ORD005826,2024-03-08,CUST00355,Books,Novel,37.01,1,0.15,31.46,West,Credit Card,Web,5,14
ORD005827,2024-11-15,CUST00247,Books,Textbook,11.93,4,0,47.72,South,Debit Card,Web,5,13
ORD005828,2024-11-21,CUST00840,Clothing,Jacket,81.22,5,0.2,324.88,East,Debit Card,Web,3,8
ORD005829,2024-07-21,CUST01666,Clothing,T-Shirt,113.2,3,0.2,271.68,North,Credit Card,Phone,4,13
ORD005830,2024-09-10,CUST01743,Books,Novel,40.86,5,0.1,183.87,South,PayPal,Web,4,11
ORD005831,2024-04-07,CUST00219,Home,Table,369.99,3,0.1,998.97,South,Credit Card,Mobile App,2,6
ORD005832,2024-09-12,CUST01686,Home,Blender,16.37,5,0.1,73.66,North,Debit Card,In-Store,3,11
ORD005833,2024-07-29,CUST01813,Electronics,Tablet,453.53,1,0.05,430.85,West,Credit Card,Phone,3,12
ORD005834,2024-10-07,CUST00389,Clothing,Socks,92.22,2,0.05,175.22,North,PayPal,In-Store,4,4
ORD005835,2024-08-27,CUST01600,Sports,Yoga Mat,451.19,1,0.2,360.95,North,Mobile Money,In-Store,5,12
ORD005836,2024-10-01,CUST00363,Home,Pillow,396.9,3,0,1190.7,South,Debit Card,Phone,3,12
ORD005837,2024-10-10,CUST00868,Books,Biography,42.73,2,0,85.46,West,Mobile Money,Mobile App,5,6
ORD005838,2024-05-18,CUST01923,Clothing,Sneakers,92.69,3,0,278.07,North,Bank Transfer,Web,4,7
ORD005839,2024-01-04,CUST01980,Books,Biography,21.34,2,0,42.68,Central,Debit Card,Web,5,7
ORD005840,2024-09-07,CUST01399,Clothing,Socks,48.74,2,0.2,77.98,Central,PayPal,Mobile App,3,6
ORD005841,2024-04-27,CUST00489,Books,Guide,59.85,3,0,179.55,East,Debit Card,In-Store,4,10
ORD005842,2024-09-23,CUST01044,Books,Textbook,58.77,5,0.05,279.16,South,Debit Card,Mobile App,4,6
ORD005843,2024-08-16,CUST00811,Clothing,Jacket,13.68,2,0.05,25.99,Central,Credit Card,Mobile App,3,4
ORD005844,2024-09-01,CUST00696,Sports,Yoga Mat,403.88,1,0,403.88,Central,Mobile Money,Phone,5,12
ORD005845,2024-12-15,CUST01368,Home,Chair,77.62,1,0.2,62.1,South,Credit Card,Web,5,12
ORD005846,2024-05-23,CUST01904,Home,Lamp,259.05,2,0.15,440.38,North,Debit Card,Mobile App,3,11
ORD005847,2024-07-09,CUST01728,Sports,Dumbbell,519.66,5,0,2598.3,South,PayPal,Web,5,13
ORD005848,2024-10-05,CUST00774,Electronics,Smartphone,190.62,4,0,762.48,West,Bank Transfer,In-Store,3,11
ORD005849,2024-11-14,CUST01263,Clothing,Sneakers,132.0,5,0.05,627.0,North,Bank Transfer,Phone,5,9
ORD005850,2024-11-25,CUST00602,Home,Pillow,58.97,2,0.15,100.25,East,PayPal,Mobile App,5,12
ORD005851,2024-09-08,CUST01191,Clothing,Hat,64.58,4,0,258.32,East,Debit Card,Mobile App,5,2
ORD005852,2024-07-22,CUST00820,Sports,Bicycle,444.03,4,0,1776.12,South,Debit Card,In-Store,5,3
ORD005853,2024-05-12,CUST00777,Sports,Football,490.51,1,0,490.51,Central,Debit Card,In-Store,5,10
ORD005854,2024-05-12,CUST00234,Books,Biography,5.31,3,0.15,13.54,North,PayPal,Web,5,14
ORD005855,2024-06-29,CUST00372,Books,Comic,40.36,4,0.05,153.37,West,Mobile Money,In-Store,2,10
ORD005856,2024-02-21,CUST00509,Electronics,Headphones,566.88,2,0,1133.76,East,PayPal,Phone,3,3
ORD005857,2024-08-04,CUST00223,Sports,Basketball,192.4,5,0,962.0,East,Bank Transfer,Mobile App,5,3
ORD005858,2024-07-24,CUST01163,Clothing,T-Shirt,93.15,3,0.05,265.48,West,Mobile Money,Phone,1,12
ORD005859,2024-05-19,CUST01123,Home,Pillow,308.67,1,0,308.67,South,Debit Card,In-Store,4,5
ORD005860,2024-07-15,CUST01513,Electronics,Tablet,603.74,5,0.2,2414.96,South,Bank Transfer,Mobile App,5,6
ORD005861,2024-10-31,CUST00970,Clothing,Hat,24.13,3,0.15,61.53,South,PayPal,Mobile App,4,10
ORD005862,2024-02-11,CUST01410,Electronics,Smartwatch,1404.85,1,0.2,1123.88,Central,Mobile Money,Phone,5,12
ORD005863,2024-08-11,CUST01878,Home,Table,314.78,4,0.1,1133.21,West,Debit Card,Mobile App,5,1
ORD005864,2024-11-11,CUST01715,Books,Novel,34.25,1,0.05,32.54,North,Bank Transfer,Mobile App,3,7
ORD005865,2024-08-27,CUST01462,Sports,Dumbbell,754.81,1,0.1,679.33,North,PayPal,Mobile App,4,12
ORD005866,2024-01-11,CUST00557,Sports,Tennis Racket,545.15,3,0.2,1308.36,North,Bank Transfer,Web,5,10
ORD005867,2024-11-20,CUST01615,Sports,Tennis Racket,253.4,5,0.1,1140.3,North,Credit Card,Phone,3,5
ORD005868,2024-08-15,CUST00608,Clothing,Sneakers,21.19,2,0,42.38,East,Credit Card,Mobile App,3,14
ORD005869,2024-11-25,CUST00448,Clothing,Hat,105.16,5,0.1,473.22,West,Credit Card,Web,5,1
ORD005870,2024-02-14,CUST00239,Clothing,Jacket,73.4,3,0,220.2,North,Credit Card,In-Store,4,11
ORD005871,2024-03-02,CUST01973,Sports,Basketball,219.07,1,0.2,175.26,South,Bank Transfer,In-Store,5,5
ORD005872,2024-07-23,CUST00467,Sports,Tennis Racket,586.36,4,0,2345.44,North,PayPal,Web,5,9
ORD005873,2024-01-28,CUST01385,Electronics,Laptop,852.73,4,0.05,3240.37,South,Bank Transfer,In-Store,3,14
ORD005874,2024-05-22,CUST01701,Books,Cookbook,6.01,2,0,12.02,West,PayPal,Mobile App,4,12
ORD005875,2024-09-13,CUST01092,Sports,Basketball,193.33,3,0.1,521.99,Central,Mobile Money,Phone,3,10
ORD005876,2024-09-22,CUST00579,Electronics,Smartwatch,1091.19,4,0,4364.76,North,Debit Card,Web,4,3
ORD005877,2024-11-04,CUST00419,Clothing,Jacket,89.73,1,0,89.73,West,Credit Card,Phone,5,3
ORD005878,2024-05-18,CUST01620,Books,Textbook,17.42,2,0.05,33.1,South,Mobile Money,Web,5,2
ORD005879,2024-01-30,CUST00962,Clothing,Hat,121.35,5,0.05,576.41,North,Mobile Money,Mobile App,5,14
ORD005880,2024-09-14,CUST00092,Sports,Tennis Racket,238.55,3,0,715.65,North,Bank Transfer,Phone,4,5
ORD005881,2024-05-23,CUST01649,Books,Novel,19.68,5,0.1,88.56,Central,PayPal,Phone,4,12
ORD005882,2024-06-22,CUST01559,Electronics,Laptop,680.21,4,0.1,2448.76,West,Mobile Money,Phone,4,9
ORD005883,2024-11-12,CUST00689,Sports,Yoga Mat,200.04,2,0,400.08,South,Bank Transfer,Mobile App,4,1
ORD005884,2024-11-09,CUST00428,Clothing,Socks,64.7,1,0.2,51.76,South,Mobile Money,Web,5,4
ORD005885,2024-07-09,CUST01801,Sports,Bicycle,597.03,1,0.15,507.48,East,Debit Card,Mobile App,5,14
ORD005886,2024-12-11,CUST00163,Books,Cookbook,15.98,5,0,79.9,West,Credit Card,Phone,3,6
ORD005887,2024-02-29,CUST00081,Sports,Tennis Racket,36.65,3,0.05,104.45,East,Mobile Money,In-Store,4,5
ORD005888,2024-12-19,CUST01543,Home,Blender,137.24,4,0,548.96,South,Mobile Money,Mobile App,4,12
ORD005889,2024-03-14,CUST01661,Sports,Bicycle,609.17,2,0.1,1096.51,South,Debit Card,Mobile App,5,14
ORD005890,2024-01-30,CUST01218,Electronics,Tablet,1453.7,2,0,2907.4,Central,Bank Transfer,Mobile App,3,1
ORD005891,2024-04-20,CUST00095,Home,Pillow,221.79,5,0.15,942.61,North,Debit Card,Mobile App,5,4
ORD005892,2024-04-21,CUST01290,Home,Blender,335.9,5,0.2,1343.6,West,PayPal,Web,5,2
ORD005893,2024-11-12,CUST00050,Clothing,Hat,28.18,5,0,140.9,North,Debit Card,Mobile App,3,8
ORD005894,2024-01-04,CUST01821,Electronics,Camera,464.42,4,0,1857.68,East,Credit Card,Phone,4,12
ORD005895,2024-11-05,CUST00276,Home,Toaster,260.83,1,0,260.83,South,Mobile Money,Phone,3,12
ORD005896,2024-08-09,CUST00180,Home,Toaster,107.22,2,0.2,171.55,South,Bank Transfer,Web,5,12
ORD005897,2024-04-11,CUST01880,Electronics,Camera,1043.52,2,0.1,1878.34,West,Mobile Money,Mobile App,5,12
ORD005898,2024-09-12,CUST00157,Books,Novel,21.45,1,0,21.45,Central,PayPal,In-Store,4,7
ORD005899,2024-09-15,CUST00154,Electronics,Camera,1094.05,5,0,5470.25,North,Mobile Money,In-Store,2,11
ORD005900,2024-11-13,CUST01034,Clothing,Hat,35.81,2,0,71.62,Central,PayPal,Mobile App,4,11
ORD005901,2024-10-13,CUST01061,Clothing,T-Shirt,19.0,1,0.15,16.15,North,Credit Card,Phone,5,3
ORD005902,2024-12-10,CUST01020,Clothing,Jeans,111.83,2,0.15,190.11,East,Mobile Money,Mobile App,5,13
ORD005903,2024-03-04,CUST01939,Electronics,Laptop,956.08,3,0,2868.24,Central,Debit Card,In-Store,1,13
ORD005904,2024-05-29,CUST01225,Home,Table,73.32,2,0.05,139.31,East,Credit Card,Phone,2,9
ORD005905,2024-03-20,CUST00268,Home,Toaster,116.23,4,0,464.92,Central,Debit Card,Web,3,1
ORD005906,2024-02-17,CUST01314,Sports,Football,311.86,1,0.1,280.67,South,Bank Transfer,Phone,1,13
ORD005907,2024-02-16,CUST01531,Sports,Bicycle,651.91,2,0,1303.82,South,PayPal,Mobile App,1,6
ORD005908,2024-02-24,CUST00772,Electronics,Tablet,930.04,4,0,3720.16,South,Mobile Money,In-Store,2,5
ORD005909,2024-08-09,CUST01887,Electronics,Smartwatch,729.39,4,0.2,2334.05,Central,Bank Transfer,Phone,5,2
ORD005910,2024-04-05,CUST00855,Books,Biography,39.86,4,0.15,135.52,South,Credit Card,In-Store,5,3
ORD005911,2024-02-15,CUST00192,Sports,Dumbbell,306.23,5,0.15,1301.48,East,Credit Card,Web,3,12
ORD005912,2024-10-30,CUST00434,Electronics,Smartwatch,1104.83,2,0,2209.66,North,Mobile Money,In-Store,4,2
ORD005913,2024-06-15,CUST00656,Electronics,Headphones,649.68,2,0.2,1039.49,South,Bank Transfer,Web,5,1
ORD005914,2024-07-05,CUST01155,Home,Toaster,365.13,1,0.2,292.1,North,PayPal,Web,4,9
ORD005915,2024-02-14,CUST01877,Home,Pillow,262.77,3,0.15,670.06,North,PayPal,Mobile App,5,13
ORD005916,2024-08-13,CUST01684,Electronics,Tablet,745.08,1,0.1,670.57,West,PayPal,Mobile App,4,7
ORD005917,2024-05-10,CUST00478,Clothing,Jeans,33.16,5,0.2,132.64,South,Debit Card,In-Store,4,9
ORD005918,2024-04-20,CUST00977,Electronics,Smartphone,1040.83,1,0,1040.83,North,Credit Card,Mobile App,4,4
ORD005919,2024-01-13,CUST00960,Clothing,Jacket,85.98,2,0,171.96,East,Credit Card,In-Store,4,8
ORD005920,2024-03-26,CUST00806,Electronics,Smartwatch,1411.22,5,0,7056.1,North,PayPal,Web,4,7
ORD005921,2024-06-04,CUST00230,Electronics,Tablet,375.89,3,0,1127.67,Central,Bank Transfer,Mobile App,4,14
ORD005922,2024-05-26,CUST01283,Home,Table,270.76,4,0.15,920.58,East,Debit Card,Mobile App,5,4
ORD005923,2024-12-07,CUST01881,Electronics,Tablet,1234.14,2,0,2468.28,East,Bank Transfer,Web,4,9
ORD005924,2024-06-24,CUST01789,Electronics,Tablet,1010.83,3,0,3032.49,West,Debit Card,Mobile App,1,6
ORD005925,2024-11-01,CUST00130,Sports,Bicycle,46.05,5,0.2,184.2,Central,PayPal,Mobile App,4,8
ORD005926,2024-11-10,CUST01428,Clothing,Jeans,39.92,2,0.2,63.87,Central,Mobile Money,In-Store,5,6
ORD005927,2024-03-21,CUST00020,Books,Cookbook,23.76,1,0.2,19.01,Central,Credit Card,In-Store,5,4
ORD005928,2024-12-11,CUST01794,Sports,Bicycle,251.75,4,0.2,805.6,South,Mobile Money,In-Store,5,2
ORD005929,2024-06-15,CUST00387,Clothing,Jeans,143.78,3,0.05,409.77,East,Bank Transfer,Web,2,5
ORD005930,2024-05-15,CUST00929,Books,Novel,39.62,1,0,39.62,Central,Bank Transfer,Mobile App,1,5
ORD005931,2024-02-08,CUST01336,Electronics,Laptop,702.08,4,0.2,2246.66,West,Credit Card,Web,5,12
ORD005932,2024-02-26,CUST00904,Electronics,Smartwatch,1101.5,2,0.2,1762.4,South,PayPal,Phone,5,4
ORD005933,2024-05-03,CUST01611,Clothing,T-Shirt,61.53,2,0.15,104.6,West,PayPal,Mobile App,5,2
ORD005934,2024-02-21,CUST01916,Books,Comic,12.22,5,0.05,58.04,South,PayPal,Web,5,11
ORD005935,2024-09-09,CUST00685,Electronics,Laptop,245.35,5,0,1226.75,Central,Credit Card,Mobile App,5,6
ORD005936,2024-08-30,CUST00548,Electronics,Camera,115.41,2,0.1,207.74,North,Bank Transfer,Phone,5,6
ORD005937,2024-03-10,CUST00710,Books,Guide,33.42,3,0.2,80.21,North,Bank Transfer,Web,5,12
ORD005938,2024-06-03,CUST01786,Clothing,Sneakers,53.51,1,0.15,45.48,Central,Bank Transfer,In-Store,5,2
ORD005939,2024-09-08,CUST01212,Books,Guide,17.79,3,0,53.37,South,Mobile Money,Phone,4,10
ORD005940,2024-06-26,CUST00165,Clothing,Hat,104.04,2,0,208.08,East,Mobile Money,Web,4,13
ORD005941,2024-04-28,CUST00449,Home,Table,348.97,2,0.15,593.25,East,Bank Transfer,In-Store,2,9
ORD005942,2024-03-14,CUST01058,Electronics,Tablet,1361.07,5,0.1,6124.82,West,PayPal,In-Store,4,4
ORD005943,2024-05-14,CUST00024,Clothing,Socks,78.95,2,0,157.9,South,Bank Transfer,Web,4,4
ORD005944,2024-11-06,CUST00238,Electronics,Laptop,840.2,1,0,840.2,East,Credit Card,Phone,2,6
ORD005945,2024-02-06,CUST01857,Home,Toaster,195.25,4,0,781.0,South,PayPal,In-Store,5,12
ORD005946,2024-06-03,CUST01908,Home,Chair,376.54,3,0,1129.62,West,PayPal,In-Store,5,1
ORD005947,2024-09-27,CUST01144,Sports,Basketball,718.44,5,0,3592.2,North,Mobile Money,Web,4,4
ORD005948,2024-09-20,CUST01584,Books,Guide,9.69,3,0.15,24.71,North,Mobile Money,Mobile App,5,13
ORD005949,2024-06-27,CUST00292,Clothing,Sneakers,27.09,4,0,108.36,Central,PayPal,Phone,3,14
ORD005950,2024-03-31,CUST01961,Sports,Dumbbell,187.47,5,0.05,890.48,South,Debit Card,Mobile App,2,13
ORD005951,2024-05-13,CUST01806,Clothing,Jeans,77.4,3,0.1,208.98,South,Mobile Money,In-Store,3,1
ORD005952,2024-11-11,CUST00752,Clothing,Sneakers,59.36,5,0,296.8,Central,Credit Card,Mobile App,3,4
ORD005953,2024-06-30,CUST01477,Clothing,T-Shirt,14.08,1,0.1,12.67,Central,Credit Card,In-Store,4,12
ORD005954,2024-12-29,CUST00462,Electronics,Tablet,391.69,5,0.1,1762.6,West,PayPal,Web,3,10
ORD005955,2024-09-30,CUST01864,Sports,Yoga Mat,532.21,4,0,2128.84,North,Debit Card,Mobile App,5,5
ORD005956,2024-05-25,CUST00195,Electronics,Headphones,267.19,1,0.15,227.11,South,Debit Card,In-Store,5,5
ORD005957,2024-01-31,CUST01573,Books,Textbook,48.8,2,0.05,92.72,East,PayPal,In-Store,3,13
ORD005958,2024-05-15,CUST01800,Books,Textbook,20.99,5,0,104.95,East,Mobile Money,Phone,2,11
ORD005959,2024-10-16,CUST01540,Electronics,Smartwatch,131.95,4,0,527.8,South,Bank Transfer,Phone,2,7
ORD005960,2024-02-23,CUST00218,Home,Chair,219.99,3,0.15,560.97,Central,Credit Card,Mobile App,5,13
ORD005961,2024-07-10,CUST01755,Books,Comic,22.44,4,0,89.76,Central,Bank Transfer,Mobile App,4,6
ORD005962,2024-08-31,CUST01635,Electronics,Headphones,672.67,2,0,1345.34,South,Mobile Money,In-Store,5,14
ORD005963,2024-02-27,CUST00599,Clothing,Jacket,115.8,2,0.05,220.02,West,Debit Card,Web,3,8
ORD005964,2024-09-28,CUST00043,Electronics,Camera,1302.76,5,0,6513.8,East,Debit Card,Phone,3,4
ORD005965,2024-07-02,CUST01931,Clothing,Jeans,19.27,2,0.05,36.61,West,PayPal,Phone,4,5
ORD005966,2024-04-26,CUST00295,Home,Toaster,92.03,4,0.05,349.71,North,Mobile Money,Web,3,9
ORD005967,2024-08-21,CUST01599,Clothing,Jacket,16.47,5,0.1,74.12,North,Bank Transfer,Mobile App,5,13
ORD005968,2024-12-18,CUST00974,Sports,Basketball,227.89,5,0.15,968.53,Central,Debit Card,In-Store,5,4
ORD005969,2024-07-18,CUST00216,Sports,Bicycle,650.75,3,0.2,1561.8,East,PayPal,Mobile App,4,12
ORD005970,2024-02-11,CUST01104,Books,Textbook,50.71,4,0.2,162.27,Central,Debit Card,Phone,5,12
ORD005971,2024-10-25,CUST00794,Books,Novel,9.94,4,0,39.76,West,Debit Card,Mobile App,2,13
ORD005972,2024-08-17,CUST01208,Clothing,T-Shirt,108.27,4,0.15,368.12,East,Credit Card,In-Store,5,5
ORD005973,2024-05-23,CUST01827,Books,Biography,45.54,1,0.2,36.43,South,Mobile Money,Phone,4,10
ORD005974,2024-08-23,CUST01623,Books,Cookbook,10.57,4,0,42.28,East,Debit Card,Phone,4,11
ORD005975,2024-10-28,CUST01943,Electronics,Headphones,370.14,1,0.05,351.63,South,Debit Card,Mobile App,4,11
ORD005976,2024-09-08,CUST01361,Sports,Tennis Racket,702.76,4,0.1,2529.94,East,Mobile Money,Mobile App,5,10
ORD005977,2024-02-22,CUST00291,Clothing,T-Shirt,25.18,4,0.1,90.65,West,Bank Transfer,Phone,5,8
ORD005978,2024-06-29,CUST01632,Clothing,Jacket,113.58,1,0,113.58,Central,Mobile Money,Mobile App,5,5
ORD005979,2024-11-13,CUST01263,Home,Blender,216.48,1,0,216.48,East,Mobile Money,Mobile App,3,10
ORD005980,2024-07-29,CUST01860,Clothing,Socks,65.81,1,0.05,62.52,Central,Credit Card,Phone,5,10
ORD005981,2024-11-27,CUST00875,Clothing,Hat,65.12,4,0,260.48,West,Mobile Money,Phone,5,4
ORD005982,2024-08-31,CUST00024,Sports,Dumbbell,320.83,3,0,962.49,North,Mobile Money,In-Store,3,6
ORD005983,2024-02-28,CUST01953,Electronics,Tablet,63.12,5,0,315.6,Central,Debit Card,Web,5,2
ORD005984,2024-10-05,CUST00010,Electronics,Headphones,510.2,2,0.2,816.32,West,Bank Transfer,Web,5,8
ORD005985,2024-10-01,CUST00254,Books,Guide,55.6,5,0.15,236.3,Central,Debit Card,In-Store,5,7
ORD005986,2024-10-09,CUST00269,Electronics,Headphones,668.27,1,0,668.27,Central,Credit Card,Mobile App,4,3
ORD005987,2024-02-12,CUST00847,Clothing,Socks,52.13,4,0.05,198.09,East,Credit Card,Phone,5,12
ORD005988,2024-07-25,CUST01020,Home,Toaster,181.67,4,0,726.68,North,PayPal,Mobile App,4,9
ORD005989,2024-04-11,CUST01380,Sports,Basketball,173.76,5,0,868.8,Central,PayPal,Web,5,10
ORD005990,2024-02-09,CUST01570,Sports,Bicycle,112.36,4,0.1,404.5,East,Bank Transfer,In-Store,4,8
ORD005991,2024-06-10,CUST01956,Books,Comic,14.21,2,0.2,22.74,East,Credit Card,Phone,5,1
ORD005992,2024-11-13,CUST00549,Home,Table,195.36,1,0.2,156.29,West,PayPal,Mobile App,3,10
ORD005993,2024-02-26,CUST01723,Books,Biography,44.43,3,0.05,126.63,North,Mobile Money,Phone,4,9
ORD005994,2024-01-24,CUST00163,Electronics,Headphones,386.84,1,0.15,328.81,West,Bank Transfer,Phone,2,8
ORD005995,2024-04-01,CUST00051,Books,Biography,56.78,1,0,56.78,South,Mobile Money,In-Store,3,13
ORD005996,2024-06-24,CUST00289,Clothing,Jeans,81.63,2,0,163.26,North,Bank Transfer,In-Store,3,2
ORD005997,2024-11-20,CUST00303,Clothing,Jacket,146.05,4,0,584.2,North,Debit Card,In-Store,4,5
ORD005998,2024-10-18,CUST00683,Electronics,Smartwatch,416.22,1,0,416.22,East,PayPal,Mobile App,5,6
ORD005999,2024-07-31,CUST01148,Home,Lamp,186.19,4,0,744.76,South,Mobile Money,In-Store,5,14
ORD006000,2024-03-31,CUST01048,Sports,Yoga Mat,40.37,5,0.15,171.57,Central,Mobile Money,In-Store,5,11
ORD006001,2024-02-20,CUST00403,Books,Textbook,8.27,2,0.15,14.06,North,Mobile Money,Web,4,5
ORD006002,2024-10-22,CUST00928,Clothing,Jeans,81.43,3,0.1,219.86,North,Bank Transfer,Web,4,7
ORD006003,2024-10-09,CUST00457,Sports,Tennis Racket,588.72,5,0,2943.6,West,Credit Card,Web,4,5
ORD006004,2024-02-23,CUST00865,Home,Toaster,37.65,1,0.15,32.0,East,Mobile Money,Web,4,7
ORD006005,2024-01-14,CUST00206,Sports,Tennis Racket,384.28,3,0.1,1037.56,South,Mobile Money,Phone,3,10
ORD006006,2024-09-12,CUST01473,Electronics,Tablet,327.09,5,0.15,1390.13,Central,Bank Transfer,In-Store,4,4
ORD006007,2024-11-24,CUST00471,Home,Chair,396.1,5,0.05,1881.47,Central,Mobile Money,Phone,5,4
ORD006008,2024-02-16,CUST01954,Clothing,Hat,10.45,1,0,10.45,South,Debit Card,Phone,3,12
ORD006009,2024-01-05,CUST01569,Sports,Yoga Mat,515.82,1,0.2,412.66,South,Debit Card,Mobile App,5,1
ORD006010,2024-07-05,CUST00357,Electronics,Camera,1312.75,5,0.05,6235.56,South,Debit Card,In-Store,4,9
ORD006011,2024-03-26,CUST00131,Books,Cookbook,8.68,2,0,17.36,East,Mobile Money,In-Store,5,7
ORD006012,2024-03-27,CUST00174,Books,Comic,52.2,4,0,208.8,East,Credit Card,In-Store,5,7
ORD006013,2024-05-23,CUST00238,Electronics,Headphones,1397.36,1,0,1397.36,Central,Mobile Money,Mobile App,3,5
ORD006014,2024-05-20,CUST00671,Books,Guide,43.52,1,0.05,41.34,South,Credit Card,Web,1,13
ORD006015,2024-08-17,CUST00431,Home,Blender,215.47,3,0,646.41,East,Credit Card,Phone,3,10
ORD006016,2024-04-03,CUST01472,Books,Comic,19.45,2,0.2,31.12,North,Credit Card,In-Store,5,1
ORD006017,2024-11-10,CUST00092,Sports,Bicycle,607.87,2,0,1215.74,Central,Debit Card,Mobile App,4,2
ORD006018,2024-12-07,CUST01434,Clothing,Jeans,132.98,1,0,132.98,North,Debit Card,Phone,3,1
ORD006019,2024-07-29,CUST00937,Books,Textbook,39.07,2,0,78.14,South,PayPal,In-Store,2,2
ORD006020,2024-08-14,CUST00299,Clothing,Hat,61.68,1,0.1,55.51,Central,PayPal,In-Store,4,9
ORD006021,2024-07-13,CUST00082,Books,Biography,39.34,2,0,78.68,South,Mobile Money,Phone,5,4
ORD006022,2024-07-04,CUST01874,Home,Toaster,371.64,4,0.2,1189.25,North,Debit Card,Web,5,7
ORD006023,2024-02-23,CUST01686,Sports,Yoga Mat,745.33,2,0,1490.66,Central,PayPal,Mobile App,1,2
ORD006024,2024-10-10,CUST01257,Books,Novel,23.38,4,0.05,88.84,West,Credit Card,Mobile App,4,5
ORD006025,2024-03-16,CUST01403,Electronics,Laptop,1496.2,2,0.1,2693.16,Central,Credit Card,Web,4,5
ORD006026,2024-04-02,CUST01270,Clothing,Jeans,87.13,3,0.15,222.18,West,PayPal,In-Store,4,5
ORD006027,2024-05-13,CUST01814,Home,Lamp,325.33,3,0,975.99,East,Bank Transfer,Web,4,7
ORD006028,2024-10-07,CUST01082,Sports,Football,258.62,5,0.2,1034.48,Central,Bank Transfer,In-Store,5,10
ORD006029,2024-01-20,CUST00795,Sports,Yoga Mat,618.6,1,0.05,587.67,Central,Credit Card,In-Store,2,10
ORD006030,2024-10-16,CUST01265,Home,Lamp,147.97,2,0,295.94,North,Debit Card,Web,4,13
ORD006031,2024-09-14,CUST00676,Books,Biography,32.43,1,0.1,29.19,South,Credit Card,Mobile App,5,10
ORD006032,2024-08-26,CUST00708,Clothing,Jeans,38.4,4,0.2,122.88,South,Bank Transfer,Phone,5,10
ORD006033,2024-12-27,CUST01919,Clothing,Jacket,42.77,3,0,128.31,West,Bank Transfer,Web,5,13
ORD006034,2024-12-25,CUST01551,Clothing,Jeans,62.33,2,0,124.66,Central,Bank Transfer,In-Store,4,13
ORD006035,2024-09-05,CUST00281,Electronics,Tablet,1148.97,4,0,4595.88,North,Debit Card,Web,3,2
ORD006036,2024-09-20,CUST00032,Home,Table,265.78,3,0.15,677.74,South,PayPal,Phone,5,12
ORD006037,2024-09-30,CUST00008,Electronics,Laptop,1034.11,1,0.05,982.4,West,Credit Card,Mobile App,2,8
ORD006038,2024-01-08,CUST01299,Books,Guide,36.93,4,0,147.72,East,Credit Card,In-Store,5,11
ORD006039,2024-01-30,CUST00499,Books,Novel,29.58,4,0,118.32,South,PayPal,Web,3,5
ORD006040,2024-10-11,CUST00870,Home,Lamp,54.5,1,0.05,51.77,South,PayPal,Mobile App,3,7
ORD006041,2024-03-21,CUST00515,Electronics,Tablet,538.82,1,0,538.82,South,Credit Card,Mobile App,4,9
ORD006042,2024-08-12,CUST00602,Books,Cookbook,52.95,4,0.05,201.21,West,Bank Transfer,Mobile App,3,7
ORD006043,2024-10-18,CUST01524,Clothing,Jeans,116.91,2,0,233.82,North,Mobile Money,In-Store,3,4
ORD006044,2024-12-18,CUST01939,Electronics,Smartwatch,1353.0,5,0,6765.0,North,Credit Card,In-Store,4,7
ORD006045,2024-11-17,CUST00976,Electronics,Smartwatch,730.94,1,0.2,584.75,South,Bank Transfer,Mobile App,5,5
ORD006046,2024-06-05,CUST01604,Books,Biography,34.6,2,0,69.2,West,PayPal,Mobile App,5,6
ORD006047,2024-03-13,CUST01296,Electronics,Smartwatch,1223.95,2,0,2447.9,South,Bank Transfer,Phone,5,14
ORD006048,2024-12-09,CUST01683,Sports,Dumbbell,684.24,3,0.15,1744.81,West,Debit Card,Mobile App,5,4
ORD006049,2024-03-25,CUST01330,Books,Textbook,19.06,5,0.15,81.01,North,Debit Card,Mobile App,5,3
ORD006050,2024-07-25,CUST01323,Home,Lamp,371.72,1,0.1,334.55,East,Mobile Money,Web,4,6
ORD006051,2024-05-09,CUST00056,Books,Cookbook,49.72,2,0.05,94.47,East,Mobile Money,In-Store,5,11
ORD006052,2024-10-25,CUST00567,Sports,Basketball,318.24,4,0.15,1082.02,South,Bank Transfer,Web,3,3
ORD006053,2024-07-19,CUST01228,Home,Toaster,373.35,2,0,746.7,West,PayPal,Phone,3,7
ORD006054,2024-03-16,CUST00592,Electronics,Tablet,1112.33,1,0,1112.33,South,Mobile Money,In-Store,3,7
ORD006055,2024-05-11,CUST00505,Clothing,Sneakers,19.85,4,0,79.4,North,Credit Card,Phone,4,3
ORD006056,2024-01-06,CUST00732,Home,Blender,361.41,4,0.15,1228.79,South,Credit Card,Mobile App,5,10
ORD006057,2024-07-11,CUST01479,Books,Cookbook,16.54,3,0.05,47.14,Central,Debit Card,Phone,4,8
ORD006058,2024-03-27,CUST00639,Books,Textbook,21.78,2,0,43.56,North,Debit Card,Phone,4,11
ORD006059,2024-08-06,CUST00327,Books,Novel,12.35,5,0,61.75,East,Bank Transfer,Phone,5,8
ORD006060,2024-09-15,CUST00639,Sports,Tennis Racket,488.24,3,0.15,1245.01,North,Mobile Money,Web,3,3
ORD006061,2024-01-06,CUST00076,Books,Comic,27.09,1,0.15,23.03,Central,Mobile Money,Phone,4,14
ORD006062,2024-09-14,CUST01067,Clothing,Jeans,55.31,5,0.05,262.72,North,Credit Card,Phone,5,14
ORD006063,2024-07-19,CUST01289,Clothing,Jacket,74.42,4,0,297.68,Central,Mobile Money,In-Store,4,2
ORD006064,2024-03-06,CUST01494,Clothing,T-Shirt,57.08,1,0,57.08,West,Bank Transfer,Phone,4,13
ORD006065,2024-08-03,CUST00769,Home,Blender,310.01,1,0,310.01,South,Credit Card,Mobile App,5,11
ORD006066,2024-07-23,CUST00500,Clothing,Jeans,63.24,4,0,252.96,Central,Credit Card,Mobile App,4,13
ORD006067,2024-03-11,CUST00672,Books,Cookbook,37.61,4,0.15,127.87,East,Debit Card,In-Store,5,11
ORD006068,2024-07-03,CUST01159,Electronics,Smartphone,903.16,1,0,903.16,West,Debit Card,In-Store,4,14
ORD006069,2024-01-21,CUST01696,Sports,Yoga Mat,127.6,1,0,127.6,East,Credit Card,Web,2,12
ORD006070,2024-07-10,CUST00091,Books,Guide,25.97,4,0,103.88,Central,PayPal,Mobile App,4,11
ORD006071,2024-06-21,CUST01283,Home,Chair,237.99,5,0,1189.95,Central,Debit Card,Mobile App,5,3
ORD006072,2024-07-29,CUST00800,Home,Blender,36.59,1,0,36.59,West,Credit Card,Mobile App,4,14
ORD006073,2024-02-17,CUST01037,Sports,Tennis Racket,540.39,2,0.1,972.7,Central,Mobile Money,In-Store,3,7
ORD006074,2024-02-26,CUST01915,Sports,Bicycle,685.05,4,0.1,2466.18,East,PayPal,Mobile App,5,7
ORD006075,2024-10-12,CUST01943,Electronics,Camera,1182.51,3,0,3547.53,West,Mobile Money,In-Store,3,5
ORD006076,2024-01-27,CUST01317,Sports,Basketball,240.54,3,0,721.62,South,Mobile Money,Phone,3,9
ORD006077,2024-02-03,CUST00674,Home,Table,323.51,4,0.15,1099.93,East,Mobile Money,Web,3,7
ORD006078,2024-01-30,CUST01048,Electronics,Smartwatch,1471.13,3,0.15,3751.38,West,Mobile Money,Phone,5,1
ORD006079,2024-11-14,CUST00197,Electronics,Headphones,1402.27,2,0.15,2383.86,East,Mobile Money,Mobile App,5,1
ORD006080,2024-08-21,CUST01497,Books,Comic,55.65,1,0,55.65,South,Mobile Money,Mobile App,4,1
ORD006081,2024-10-26,CUST01721,Electronics,Smartwatch,1351.63,4,0.1,4865.87,East,Debit Card,Web,3,8
ORD006082,2024-10-24,CUST01119,Home,Table,266.17,3,0.1,718.66,Central,PayPal,Mobile App,5,13
ORD006083,2024-04-25,CUST00047,Sports,Dumbbell,458.39,3,0.2,1100.14,West,Bank Transfer,In-Store,5,2
ORD006084,2024-06-26,CUST01664,Home,Table,194.51,5,0,972.55,West,Debit Card,Web,5,6
ORD006085,2024-11-25,CUST00165,Books,Guide,29.86,5,0.05,141.83,East,Mobile Money,Web,2,4
ORD006086,2024-03-23,CUST01788,Electronics,Smartphone,1484.11,2,0.2,2374.58,West,Debit Card,Web,5,7
ORD006087,2024-10-22,CUST01072,Sports,Yoga Mat,627.31,4,0,2509.24,West,Mobile Money,In-Store,4,10
ORD006088,2024-09-30,CUST00165,Books,Comic,59.18,4,0,236.72,West,PayPal,Mobile App,5,5
ORD006089,2024-11-12,CUST01292,Electronics,Smartwatch,676.78,5,0.15,2876.32,East,Credit Card,Web,5,13
ORD006090,2024-05-24,CUST00120,Books,Comic,28.05,2,0.2,44.88,West,Credit Card,Mobile App,5,2
ORD006091,2024-04-03,CUST00851,Electronics,Smartwatch,196.89,4,0.2,630.05,Central,Mobile Money,Phone,5,3
ORD006092,2024-03-30,CUST00365,Books,Cookbook,43.32,2,0,86.64,West,Debit Card,Phone,5,4
ORD006093,2024-06-04,CUST01192,Electronics,Smartwatch,648.92,5,0,3244.6,Central,Credit Card,Mobile App,3,1
ORD006094,2024-03-21,CUST00247,Electronics,Headphones,735.45,5,0.05,3493.39,East,Mobile Money,Web,4,11
ORD006095,2024-03-21,CUST01940,Home,Pillow,289.71,1,0,289.71,Central,Debit Card,In-Store,4,11
ORD006096,2024-07-16,CUST01405,Home,Table,45.26,4,0,181.04,North,PayPal,Web,1,1
ORD006097,2024-03-25,CUST01853,Books,Guide,43.23,4,0,172.92,South,Credit Card,Web,4,5
ORD006098,2024-09-30,CUST00688,Home,Table,195.73,5,0.05,929.72,Central,Debit Card,Mobile App,5,3
ORD006099,2024-07-16,CUST00710,Clothing,Socks,146.7,1,0.2,117.36,Central,Mobile Money,Phone,5,5
ORD006100,2024-09-16,CUST00006,Electronics,Tablet,444.6,1,0,444.6,South,PayPal,Mobile App,4,1
ORD006101,2024-03-29,CUST01024,Books,Guide,56.15,4,0.2,179.68,North,PayPal,Phone,3,7
ORD006102,2024-12-09,CUST01638,Sports,Dumbbell,520.77,1,0.15,442.65,West,Bank Transfer,Phone,5,3
ORD006103,2024-03-16,CUST00544,Electronics,Laptop,1435.68,4,0,5742.72,West,PayPal,Mobile App,3,7
ORD006104,2024-12-11,CUST00197,Home,Toaster,249.55,1,0.15,212.12,West,Mobile Money,In-Store,5,9
ORD006105,2024-03-24,CUST01966,Electronics,Smartphone,661.79,4,0.15,2250.09,South,Credit Card,Phone,4,14
ORD006106,2024-01-11,CUST00745,Electronics,Camera,89.98,1,0,89.98,North,Bank Transfer,Phone,5,14
ORD006107,2024-04-09,CUST01085,Clothing,Hat,90.31,4,0.1,325.12,Central,Credit Card,In-Store,5,7
ORD006108,2024-05-13,CUST00619,Electronics,Camera,1477.2,5,0,7386.0,North,Mobile Money,In-Store,4,4
ORD006109,2024-08-27,CUST00772,Home,Table,124.77,1,0.15,106.05,West,Mobile Money,Web,5,14
ORD006110,2024-04-30,CUST00370,Sports,Dumbbell,164.94,2,0,329.88,Central,PayPal,Web,4,2
ORD006111,2024-04-09,CUST00210,Sports,Dumbbell,651.77,1,0,651.77,West,PayPal,Web,2,9
ORD006112,2024-01-18,CUST00680,Books,Textbook,25.82,4,0.15,87.79,North,Credit Card,Mobile App,5,14
ORD006113,2024-01-10,CUST01284,Sports,Tennis Racket,186.89,1,0.1,168.2,Central,Credit Card,Phone,3,11
ORD006114,2024-05-04,CUST00265,Books,Textbook,38.05,1,0.1,34.25,North,Credit Card,In-Store,1,10
ORD006115,2024-02-10,CUST00899,Electronics,Tablet,282.11,2,0,564.22,West,PayPal,Phone,5,8
ORD006116,2024-07-18,CUST01491,Clothing,Jeans,48.45,2,0.1,87.21,North,Debit Card,In-Store,5,2
ORD006117,2024-10-24,CUST01287,Electronics,Laptop,1411.93,5,0,7059.65,South,Debit Card,Mobile App,5,5
ORD006118,2024-05-14,CUST01521,Sports,Basketball,558.65,3,0,1675.95,West,Mobile Money,Web,1,14
ORD006119,2024-01-27,CUST01005,Home,Toaster,257.38,2,0,514.76,West,PayPal,Phone,5,2
ORD006120,2024-06-27,CUST00692,Sports,Basketball,603.98,5,0,3019.9,Central,Credit Card,In-Store,5,4
ORD006121,2024-05-23,CUST01508,Clothing,T-Shirt,121.34,4,0,485.36,North,PayPal,Web,4,9
ORD006122,2024-07-30,CUST01957,Clothing,T-Shirt,83.8,1,0.1,75.42,West,Bank Transfer,Web,2,9
ORD006123,2024-06-06,CUST00402,Books,Novel,15.98,2,0.1,28.76,South,PayPal,Mobile App,4,1
ORD006124,2024-07-05,CUST00767,Home,Blender,37.78,2,0.05,71.78,Central,Debit Card,In-Store,4,8
ORD006125,2024-11-30,CUST00322,Electronics,Headphones,1105.23,4,0.2,3536.74,Central,Credit Card,In-Store,5,12
ORD006126,2024-02-06,CUST01820,Books,Guide,36.68,5,0.1,165.06,North,Mobile Money,Mobile App,5,2
ORD006127,2024-02-06,CUST00190,Clothing,Sneakers,17.17,4,0.15,58.38,West,Mobile Money,Mobile App,5,14
ORD006128,2024-01-20,CUST00856,Books,Novel,13.31,3,0,39.93,South,Credit Card,Web,5,9
ORD006129,2024-10-23,CUST01453,Clothing,T-Shirt,86.94,2,0,173.88,South,Credit Card,Mobile App,2,9
ORD006130,2024-12-12,CUST01805,Home,Lamp,316.09,2,0,632.18,Central,Bank Transfer,Mobile App,2,4
ORD006131,2024-10-28,CUST01163,Electronics,Headphones,1241.96,1,0,1241.96,Central,Bank Transfer,Phone,4,14
ORD006132,2024-04-17,CUST01993,Clothing,Hat,73.06,4,0,292.24,North,PayPal,Mobile App,5,14
ORD006133,2024-01-12,CUST00015,Clothing,Hat,75.66,4,0.1,272.38,North,Mobile Money,Phone,5,10
ORD006134,2024-01-18,CUST00948,Books,Comic,13.65,4,0.05,51.87,Central,PayPal,Mobile App,4,6
ORD006135,2024-09-25,CUST00632,Clothing,Hat,96.48,1,0,96.48,North,Debit Card,Web,3,14
ORD006136,2024-12-10,CUST01657,Books,Guide,40.68,3,0.1,109.84,North,Bank Transfer,In-Store,4,5
ORD006137,2024-05-10,CUST00764,Home,Chair,273.37,2,0,546.74,Central,Bank Transfer,In-Store,1,13
ORD006138,2024-03-18,CUST00212,Home,Lamp,18.58,5,0.1,83.61,West,Credit Card,Web,4,9
ORD006139,2024-06-22,CUST01293,Books,Comic,34.45,2,0,68.9,Central,Mobile Money,In-Store,4,11
ORD006140,2024-03-09,CUST00694,Books,Guide,5.61,4,0.15,19.07,East,Mobile Money,Phone,5,8
ORD006141,2024-08-18,CUST01100,Home,Chair,379.2,5,0,1896.0,South,PayPal,Mobile App,5,3
ORD006142,2024-12-05,CUST01625,Home,Blender,216.76,1,0,216.76,West,Debit Card,Web,5,10
ORD006143,2024-05-25,CUST01574,Sports,Tennis Racket,698.84,4,0,2795.36,South,Credit Card,Phone,4,9
ORD006144,2024-05-27,CUST01461,Electronics,Camera,550.19,1,0.05,522.68,Central,Credit Card,Phone,4,1
ORD006145,2024-07-11,CUST01180,Home,Table,146.36,5,0.15,622.03,South,Debit Card,Web,4,7
ORD006146,2024-02-28,CUST00557,Books,Novel,51.76,5,0,258.8,Central,PayPal,Mobile App,4,6
ORD006147,2024-11-02,CUST00784,Clothing,Jacket,130.17,4,0,520.68,East,Mobile Money,Mobile App,3,12
ORD006148,2024-04-08,CUST01340,Sports,Football,620.9,4,0,2483.6,Central,Bank Transfer,Mobile App,3,3
ORD006149,2024-07-03,CUST01998,Home,Chair,141.83,5,0.15,602.78,North,Debit Card,Mobile App,5,4
ORD006150,2024-05-17,CUST00502,Electronics,Camera,1402.83,5,0,7014.15,South,PayPal,Phone,3,10
ORD006151,2024-09-11,CUST01623,Clothing,Jacket,59.84,4,0.1,215.42,South,Mobile Money,Phone,4,8
ORD006152,2024-03-02,CUST01124,Clothing,T-Shirt,53.12,5,0.05,252.32,East,Debit Card,Phone,4,14
ORD006153,2024-06-10,CUST01903,Electronics,Camera,595.09,5,0.05,2826.68,East,PayPal,Mobile App,4,13
ORD006154,2024-04-14,CUST00998,Sports,Basketball,426.34,1,0.2,341.07,West,Bank Transfer,Phone,5,5
ORD006155,2024-08-01,CUST01957,Home,Pillow,117.55,3,0,352.65,Central,Bank Transfer,In-Store,4,3
ORD006156,2024-10-24,CUST01779,Home,Chair,77.19,2,0.05,146.66,Central,Credit Card,Web,3,2
ORD006157,2024-10-05,CUST01493,Sports,Dumbbell,156.39,2,0.1,281.5,North,Debit Card,Web,5,12
ORD006158,2024-03-25,CUST01100,Electronics,Tablet,1451.13,3,0.05,4135.72,West,Credit Card,Phone,4,12
ORD006159,2024-10-24,CUST01746,Electronics,Laptop,840.36,4,0,3361.44,South,Mobile Money,In-Store,2,1
ORD006160,2024-07-03,CUST00155,Books,Cookbook,23.29,5,0,116.45,Central,PayPal,Web,5,5
ORD006161,2024-03-02,CUST01084,Books,Biography,18.27,1,0,18.27,East,Bank Transfer,Phone,4,14
ORD006162,2024-09-26,CUST00833,Home,Lamp,164.31,2,0,328.62,South,Debit Card,Phone,3,7
ORD006163,2024-02-17,CUST01176,Electronics,Smartphone,373.45,2,0.2,597.52,South,Credit Card,Web,5,14
ORD006164,2024-05-06,CUST01435,Sports,Basketball,767.12,5,0,3835.6,East,Credit Card,Web,1,3
ORD006165,2024-09-23,CUST00942,Books,Novel,38.57,3,0.15,98.35,Central,Mobile Money,Web,3,12
ORD006166,2024-10-29,CUST01182,Home,Blender,69.13,2,0,138.26,West,Mobile Money,In-Store,3,12
ORD006167,2024-05-20,CUST00319,Home,Chair,115.53,4,0.2,369.7,Central,PayPal,In-Store,4,7
ORD006168,2024-01-22,CUST00015,Clothing,Sneakers,39.09,2,0,78.18,East,Mobile Money,Web,3,7
ORD006169,2024-05-06,CUST01703,Books,Textbook,17.96,2,0,35.92,North,Credit Card,Mobile App,5,11
ORD006170,2024-01-07,CUST00223,Sports,Bicycle,646.93,5,0,3234.65,North,Debit Card,In-Store,5,3
ORD006171,2024-10-01,CUST01345,Electronics,Headphones,1012.49,5,0,5062.45,East,Credit Card,In-Store,4,7
ORD006172,2024-01-23,CUST01294,Home,Blender,333.08,2,0.05,632.85,East,Debit Card,Phone,4,4
ORD006173,2024-07-10,CUST01762,Books,Guide,25.21,3,0,75.63,East,PayPal,In-Store,5,7
ORD006174,2024-06-02,CUST01893,Clothing,Jeans,31.33,5,0.15,133.15,West,Mobile Money,Web,5,1
ORD006175,2024-10-21,CUST01880,Sports,Dumbbell,259.36,5,0,1296.8,North,Debit Card,Phone,5,2
ORD006176,2024-02-21,CUST01115,Sports,Basketball,311.35,1,0,311.35,East,Bank Transfer,In-Store,3,1
ORD006177,2024-07-24,CUST00016,Electronics,Tablet,1432.77,5,0.2,5731.08,Central,PayPal,Phone,4,10
ORD006178,2024-06-09,CUST01525,Home,Table,273.08,5,0.2,1092.32,Central,Mobile Money,Phone,5,6
ORD006179,2024-05-05,CUST00093,Home,Blender,366.9,1,0,366.9,North,PayPal,Mobile App,3,3
ORD006180,2024-02-15,CUST00989,Sports,Football,708.21,1,0.15,601.98,West,Debit Card,In-Store,5,3
ORD006181,2024-03-10,CUST00087,Electronics,Laptop,264.3,1,0.05,251.08,Central,PayPal,Mobile App,5,5
ORD006182,2024-02-13,CUST01122,Clothing,Jeans,13.42,2,0,26.84,East,Mobile Money,Phone,4,12
ORD006183,2024-05-02,CUST00306,Sports,Dumbbell,184.58,1,0.15,156.89,South,Credit Card,Phone,5,4
ORD006184,2024-02-05,CUST00956,Home,Blender,53.33,2,0.05,101.33,East,Bank Transfer,Phone,4,9
ORD006185,2024-06-13,CUST01779,Sports,Yoga Mat,182.91,3,0,548.73,South,PayPal,In-Store,4,11
ORD006186,2024-02-23,CUST00509,Sports,Tennis Racket,285.65,3,0,856.95,West,Credit Card,In-Store,5,4
ORD006187,2024-01-02,CUST01050,Sports,Dumbbell,119.18,3,0,357.54,East,Bank Transfer,Phone,5,12
ORD006188,2024-06-02,CUST00743,Electronics,Headphones,1284.11,1,0,1284.11,North,Bank Transfer,Phone,5,10
ORD006189,2024-09-05,CUST00100,Clothing,Jeans,119.37,3,0.15,304.39,North,PayPal,In-Store,5,1
ORD006190,2024-10-20,CUST00591,Sports,Tennis Racket,20.78,4,0,83.12,East,PayPal,In-Store,3,1
ORD006191,2024-07-18,CUST00989,Home,Pillow,269.23,2,0.1,484.61,North,PayPal,Phone,3,7
ORD006192,2024-07-21,CUST01864,Sports,Football,494.44,3,0.2,1186.66,East,Credit Card,In-Store,5,2
ORD006193,2024-08-22,CUST00537,Sports,Basketball,235.63,1,0,235.63,West,Credit Card,Web,4,5
ORD006194,2024-04-13,CUST00502,Clothing,Hat,57.54,2,0.15,97.82,West,Bank Transfer,Mobile App,5,5
ORD006195,2024-05-17,CUST01541,Electronics,Smartphone,1320.66,1,0,1320.66,Central,Bank Transfer,Web,3,11
ORD006196,2024-06-05,CUST00437,Home,Blender,25.13,3,0,75.39,North,Bank Transfer,Phone,4,7
ORD006197,2024-07-11,CUST00766,Books,Textbook,22.04,1,0.05,20.94,East,Mobile Money,Phone,5,4
ORD006198,2024-05-31,CUST00382,Sports,Football,223.54,3,0.15,570.03,South,Debit Card,Web,4,10
ORD006199,2024-01-24,CUST00241,Clothing,T-Shirt,107.73,1,0.15,91.57,North,Debit Card,Phone,5,8
ORD006200,2024-01-18,CUST01518,Clothing,Socks,145.36,5,0,726.8,West,Bank Transfer,Web,5,14
ORD006201,2024-12-21,CUST01766,Sports,Bicycle,334.3,4,0,1337.2,West,Mobile Money,In-Store,5,4
ORD006202,2024-10-04,CUST01841,Clothing,T-Shirt,70.7,1,0.1,63.63,Central,Credit Card,Mobile App,3,8
ORD006203,2024-05-17,CUST00625,Clothing,Jacket,94.89,1,0,94.89,South,Bank Transfer,Mobile App,2,5
ORD006204,2024-09-01,CUST01056,Books,Cookbook,33.42,5,0,167.1,East,Debit Card,In-Store,4,14
ORD006205,2024-09-21,CUST01678,Clothing,Sneakers,34.91,3,0.15,89.02,East,Debit Card,In-Store,2,9
ORD006206,2024-04-14,CUST00461,Home,Toaster,174.09,1,0,174.09,North,Debit Card,Web,3,2
ORD006207,2024-07-23,CUST00227,Sports,Basketball,316.11,5,0.2,1264.44,West,Debit Card,In-Store,3,6
ORD006208,2024-11-16,CUST01691,Home,Table,151.26,3,0,453.78,West,Mobile Money,Web,4,5
ORD006209,2024-06-05,CUST01013,Clothing,Sneakers,120.79,2,0,241.58,West,Credit Card,In-Store,3,11
ORD006210,2024-11-19,CUST01320,Electronics,Laptop,73.01,1,0,73.01,West,PayPal,Web,5,4
ORD006211,2024-09-26,CUST01934,Home,Pillow,241.78,3,0.2,580.27,West,PayPal,Mobile App,5,6
ORD006212,2024-08-14,CUST01197,Clothing,Sneakers,57.43,2,0,114.86,North,Credit Card,In-Store,4,13
ORD006213,2024-06-25,CUST01832,Clothing,Sneakers,34.49,3,0.05,98.3,South,Mobile Money,Mobile App,4,5
ORD006214,2024-11-12,CUST01557,Clothing,Jacket,86.53,5,0,432.65,North,Credit Card,Mobile App,2,5
ORD006215,2024-03-08,CUST00770,Clothing,T-Shirt,137.92,1,0.2,110.34,North,Mobile Money,Phone,5,3
ORD006216,2024-08-29,CUST00228,Home,Pillow,239.14,4,0.1,860.9,North,Debit Card,In-Store,3,9
ORD006217,2024-09-05,CUST01844,Home,Chair,50.98,2,0.2,81.57,South,Credit Card,In-Store,4,1
ORD006218,2024-12-09,CUST00886,Home,Blender,229.45,5,0.2,917.8,West,Credit Card,Phone,3,2
ORD006219,2024-09-14,CUST01845,Books,Cookbook,58.53,5,0.15,248.75,Central,Bank Transfer,Web,5,11
ORD006220,2024-03-05,CUST01218,Clothing,Sneakers,132.23,5,0.15,561.98,East,Credit Card,In-Store,5,6
ORD006221,2024-04-18,CUST00095,Home,Lamp,242.36,2,0.2,387.78,Central,Bank Transfer,Phone,4,1
ORD006222,2024-03-28,CUST01120,Clothing,Hat,32.61,3,0.2,78.26,East,Debit Card,Phone,5,1
ORD006223,2024-06-05,CUST01934,Home,Toaster,186.63,2,0,373.26,West,Debit Card,In-Store,5,7
ORD006224,2024-06-22,CUST00511,Home,Blender,114.14,4,0.2,365.25,North,Credit Card,Web,5,2
ORD006225,2024-11-16,CUST00720,Home,Chair,337.42,1,0.2,269.94,Central,PayPal,Web,5,3
ORD006226,2024-07-29,CUST01041,Clothing,Sneakers,121.7,5,0.1,547.65,Central,Debit Card,Mobile App,4,3
ORD006227,2024-10-26,CUST00339,Clothing,Jacket,24.16,2,0.15,41.07,South,PayPal,In-Store,4,10
ORD006228,2024-08-28,CUST01350,Home,Table,188.09,2,0,376.18,North,Credit Card,Web,4,13
ORD006229,2024-09-03,CUST01047,Clothing,Jeans,48.95,1,0.2,39.16,North,PayPal,Web,4,5
ORD006230,2024-12-28,CUST00561,Clothing,Jeans,71.45,4,0,285.8,East,Credit Card,Phone,3,13
ORD006231,2024-06-22,CUST00538,Clothing,Socks,37.13,1,0.05,35.27,Central,Mobile Money,Phone,4,6
ORD006232,2024-10-15,CUST00801,Books,Cookbook,9.97,3,0.15,25.42,East,PayPal,Web,3,13
ORD006233,2024-03-19,CUST00444,Books,Textbook,48.07,4,0,192.28,West,Credit Card,Web,2,8
ORD006234,2024-12-11,CUST01972,Electronics,Tablet,1410.53,2,0,2821.06,East,PayPal,Mobile App,2,2
ORD006235,2024-07-15,CUST00596,Sports,Dumbbell,570.82,3,0,1712.46,North,Bank Transfer,Web,3,13
ORD006236,2024-06-15,CUST01061,Home,Table,344.45,1,0.1,310.0,North,Bank Transfer,In-Store,5,13
ORD006237,2024-11-11,CUST00220,Clothing,T-Shirt,119.37,4,0.2,381.98,Central,Bank Transfer,Web,5,14
ORD006238,2024-06-17,CUST01425,Sports,Dumbbell,481.01,5,0.05,2284.8,North,Debit Card,Web,5,2
ORD006239,2024-09-22,CUST00683,Sports,Dumbbell,37.19,5,0.05,176.65,West,PayPal,Web,5,7
ORD006240,2024-08-29,CUST01179,Books,Novel,28.3,3,0.05,80.65,Central,Mobile Money,Phone,1,8
ORD006241,2024-04-01,CUST01977,Sports,Tennis Racket,277.29,4,0.1,998.24,Central,PayPal,Mobile App,1,11
ORD006242,2024-01-31,CUST01764,Sports,Yoga Mat,385.12,3,0.2,924.29,East,PayPal,Web,3,11
ORD006243,2024-06-23,CUST01113,Home,Lamp,168.6,5,0.1,758.7,Central,Credit Card,Web,2,7
ORD006244,2024-01-29,CUST00657,Books,Cookbook,31.95,3,0.1,86.27,North,PayPal,Phone,4,14
ORD006245,2024-07-13,CUST00595,Books,Biography,25.6,1,0.15,21.76,North,Debit Card,Mobile App,5,2
ORD006246,2024-07-16,CUST01256,Clothing,Socks,50.21,2,0.15,85.36,West,Bank Transfer,In-Store,5,8
ORD006247,2024-06-29,CUST00094,Electronics,Smartphone,1229.09,5,0.2,4916.36,North,Mobile Money,In-Store,5,6
ORD006248,2024-02-01,CUST01064,Electronics,Camera,261.49,3,0.15,666.8,West,Bank Transfer,Mobile App,4,1
ORD006249,2024-08-26,CUST01689,Clothing,Hat,26.14,3,0.15,66.66,North,PayPal,Web,5,10
ORD006250,2024-10-15,CUST00309,Books,Guide,53.22,4,0,212.88,East,Bank Transfer,In-Store,5,4
ORD006251,2024-10-16,CUST00737,Books,Biography,14.25,1,0.15,12.11,South,Debit Card,Phone,5,3
ORD006252,2024-07-22,CUST01987,Books,Textbook,48.85,1,0.05,46.41,East,Bank Transfer,Web,4,6
ORD006253,2024-08-21,CUST00496,Sports,Dumbbell,186.84,1,0,186.84,West,PayPal,In-Store,3,13
ORD006254,2024-01-03,CUST01149,Electronics,Smartwatch,1163.57,5,0,5817.85,South,Bank Transfer,In-Store,5,9
ORD006255,2024-10-23,CUST01000,Electronics,Headphones,1388.57,1,0,1388.57,South,Bank Transfer,In-Store,4,3
ORD006256,2024-02-05,CUST01941,Books,Guide,39.11,1,0.1,35.2,South,Mobile Money,Web,4,1
ORD006257,2024-09-28,CUST01141,Home,Blender,71.27,2,0.15,121.16,South,Debit Card,Phone,5,10
ORD006258,2024-01-20,CUST00648,Books,Novel,47.19,4,0.05,179.32,South,PayPal,Mobile App,5,5
ORD006259,2024-10-20,CUST00293,Home,Chair,48.6,2,0.1,87.48,North,Credit Card,Mobile App,3,7
ORD006260,2024-10-28,CUST01496,Books,Guide,51.94,1,0,51.94,East,PayPal,Mobile App,3,8
ORD006261,2024-09-20,CUST01934,Electronics,Smartwatch,796.64,1,0.15,677.14,Central,Credit Card,Mobile App,5,13
ORD006262,2024-06-03,CUST01603,Home,Chair,26.29,4,0,105.16,Central,Debit Card,Web,5,6
ORD006263,2024-09-09,CUST01405,Home,Table,24.59,5,0,122.95,Central,Bank Transfer,Phone,4,9
ORD006264,2024-09-16,CUST01437,Home,Toaster,52.27,4,0,209.08,East,Mobile Money,Phone,4,5
ORD006265,2024-10-02,CUST00521,Sports,Basketball,153.17,2,0.2,245.07,South,PayPal,Web,5,5
ORD006266,2024-12-24,CUST00600,Books,Comic,57.79,1,0.15,49.12,South,Mobile Money,In-Store,5,14
ORD006267,2024-07-27,CUST00174,Sports,Tennis Racket,720.34,3,0,2161.02,South,PayPal,In-Store,4,1
ORD006268,2024-02-21,CUST01305,Electronics,Laptop,677.79,1,0.2,542.23,East,Credit Card,Web,4,2
ORD006269,2024-02-21,CUST01921,Books,Novel,30.1,2,0.15,51.17,West,Bank Transfer,Mobile App,2,7
ORD006270,2024-04-02,CUST00321,Clothing,T-Shirt,62.73,3,0.05,178.78,North,Mobile Money,Mobile App,5,2
ORD006271,2024-05-23,CUST00373,Home,Lamp,325.04,5,0,1625.2,Central,PayPal,In-Store,3,1
ORD006272,2024-03-16,CUST01656,Home,Blender,345.53,4,0,1382.12,West,Credit Card,Phone,5,3
ORD006273,2024-09-08,CUST00140,Home,Blender,364.37,2,0.2,582.99,Central,Bank Transfer,Phone,5,1
ORD006274,2024-01-09,CUST00577,Books,Novel,21.98,4,0,87.92,East,PayPal,Phone,3,2
ORD006275,2024-09-01,CUST01431,Sports,Tennis Racket,79.41,4,0.15,269.99,South,Credit Card,In-Store,4,3
ORD006276,2024-10-12,CUST01769,Electronics,Laptop,453.73,4,0.15,1542.68,South,Mobile Money,Phone,5,14
ORD006277,2024-09-10,CUST01061,Home,Toaster,65.77,5,0,328.85,South,Bank Transfer,In-Store,2,3
ORD006278,2024-05-15,CUST01003,Books,Novel,51.78,2,0.15,88.03,North,Mobile Money,In-Store,3,11
ORD006279,2024-12-21,CUST01668,Sports,Basketball,120.0,2,0,240.0,North,Mobile Money,In-Store,4,1
ORD006280,2024-03-24,CUST00545,Electronics,Tablet,1282.9,5,0,6414.5,South,PayPal,In-Store,3,7
ORD006281,2024-09-03,CUST01026,Home,Blender,367.86,2,0.1,662.15,North,Credit Card,Mobile App,2,12
ORD006282,2024-07-01,CUST01255,Electronics,Headphones,350.66,3,0.05,999.38,West,Bank Transfer,In-Store,4,10
ORD006283,2024-08-02,CUST01352,Books,Comic,54.2,4,0,216.8,West,Mobile Money,Phone,3,7
ORD006284,2024-06-03,CUST00212,Books,Comic,58.03,1,0,58.03,West,Bank Transfer,In-Store,5,1
ORD006285,2024-02-26,CUST01437,Clothing,Jeans,52.25,2,0,104.5,East,PayPal,Mobile App,4,12
ORD006286,2024-11-20,CUST00628,Clothing,Socks,49.72,3,0.15,126.79,West,Credit Card,Web,3,1
ORD006287,2024-01-22,CUST00685,Home,Toaster,212.77,3,0.1,574.48,Central,Credit Card,Mobile App,5,7
ORD006288,2024-01-30,CUST01365,Home,Lamp,308.99,4,0.1,1112.36,North,Bank Transfer,Mobile App,3,8
ORD006289,2024-01-17,CUST00940,Books,Comic,16.25,4,0.1,58.5,Central,Debit Card,In-Store,1,2
ORD006290,2024-10-29,CUST01348,Electronics,Smartwatch,121.69,3,0,365.07,South,PayPal,In-Store,3,6
ORD006291,2024-03-05,CUST01245,Electronics,Smartphone,1370.59,3,0,4111.77,East,Debit Card,Mobile App,5,12
ORD006292,2024-06-13,CUST00392,Electronics,Camera,1032.6,3,0.1,2788.02,North,Debit Card,Web,1,6
ORD006293,2024-07-07,CUST00355,Home,Toaster,152.36,5,0.2,609.44,East,Credit Card,Phone,5,2
ORD006294,2024-01-24,CUST00177,Books,Biography,23.59,2,0.05,44.82,North,Mobile Money,Web,2,4
ORD006295,2024-12-21,CUST01101,Clothing,Hat,16.19,2,0,32.38,South,Mobile Money,Web,4,5
ORD006296,2024-10-23,CUST00145,Home,Pillow,287.87,1,0.05,273.48,West,PayPal,Web,3,5
ORD006297,2024-05-30,CUST00837,Sports,Football,702.27,1,0.2,561.82,Central,Mobile Money,Mobile App,5,7
ORD006298,2024-03-29,CUST00428,Electronics,Laptop,765.75,4,0,3063.0,Central,PayPal,In-Store,2,1
ORD006299,2024-07-22,CUST00459,Clothing,Jacket,55.61,5,0.1,250.24,North,Debit Card,Web,5,3
ORD006300,2024-04-04,CUST00523,Electronics,Smartphone,1214.81,1,0.15,1032.59,West,Mobile Money,Phone,4,3
ORD006301,2024-02-10,CUST01214,Sports,Football,768.81,4,0,3075.24,East,PayPal,Web,3,13
ORD006302,2024-02-27,CUST00020,Books,Novel,9.23,3,0.05,26.31,East,Bank Transfer,In-Store,4,10
ORD006303,2024-04-22,CUST00872,Sports,Yoga Mat,221.07,4,0,884.28,North,Credit Card,Phone,4,5
ORD006304,2024-04-30,CUST01422,Sports,Football,738.71,2,0,1477.42,South,Mobile Money,In-Store,3,2
ORD006305,2024-01-02,CUST00717,Books,Comic,11.11,1,0.15,9.44,West,PayPal,Mobile App,5,6
ORD006306,2024-08-06,CUST01988,Home,Table,211.6,2,0.1,380.88,West,Credit Card,Mobile App,4,4
ORD006307,2024-01-03,CUST00422,Home,Toaster,202.3,1,0,202.3,North,Bank Transfer,Web,4,8
ORD006308,2024-07-16,CUST00509,Clothing,Hat,45.02,5,0,225.1,West,Mobile Money,Phone,5,8
ORD006309,2024-11-04,CUST01534,Clothing,T-Shirt,137.79,2,0.2,220.46,South,Bank Transfer,Phone,5,4
ORD006310,2024-09-07,CUST01370,Clothing,Hat,90.83,3,0,272.49,North,Debit Card,Web,1,5
ORD006311,2024-04-26,CUST00331,Clothing,Socks,60.2,2,0.1,108.36,West,Debit Card,Mobile App,4,13
ORD006312,2024-07-07,CUST01556,Sports,Tennis Racket,113.91,3,0.05,324.64,West,Credit Card,In-Store,5,1
ORD006313,2024-08-23,CUST00039,Clothing,Hat,102.08,3,0,306.24,West,PayPal,Web,4,4
ORD006314,2024-10-28,CUST00550,Clothing,Jacket,79.94,2,0.1,143.89,East,Debit Card,Mobile App,5,6
ORD006315,2024-10-30,CUST01638,Electronics,Headphones,842.14,3,0,2526.42,South,Bank Transfer,Phone,3,1
ORD006316,2024-10-04,CUST00472,Books,Guide,12.97,4,0,51.88,Central,Credit Card,Mobile App,5,10
ORD006317,2024-12-02,CUST00727,Home,Blender,370.11,5,0.15,1572.97,East,PayPal,Phone,5,12
ORD006318,2024-09-15,CUST00790,Electronics,Smartphone,1012.46,5,0.05,4809.18,East,Bank Transfer,Mobile App,5,8
ORD006319,2024-11-19,CUST01313,Sports,Tennis Racket,704.09,5,0,3520.45,West,PayPal,In-Store,3,5
ORD006320,2024-06-26,CUST01950,Sports,Basketball,379.27,1,0.1,341.34,North,Bank Transfer,In-Store,4,2
ORD006321,2024-03-23,CUST00245,Clothing,Sneakers,51.65,4,0.05,196.27,Central,Bank Transfer,In-Store,4,14
ORD006322,2024-05-10,CUST01428,Home,Lamp,297.54,1,0.2,238.03,North,Bank Transfer,Mobile App,5,4
ORD006323,2024-08-29,CUST00723,Electronics,Camera,907.71,4,0,3630.84,Central,Bank Transfer,Mobile App,4,11
ORD006324,2024-03-01,CUST01039,Sports,Yoga Mat,556.33,2,0.05,1057.03,North,PayPal,In-Store,4,6
ORD006325,2024-11-07,CUST00238,Sports,Football,781.56,5,0.2,3126.24,South,Credit Card,Phone,5,5
ORD006326,2024-04-27,CUST00255,Home,Blender,372.95,4,0.2,1193.44,Central,Debit Card,Phone,5,1
ORD006327,2024-08-20,CUST01344,Home,Blender,31.26,2,0,62.52,South,PayPal,Web,5,7
ORD006328,2024-04-22,CUST00754,Sports,Basketball,106.55,2,0,213.1,Central,Credit Card,Mobile App,5,13
ORD006329,2024-06-18,CUST01626,Sports,Bicycle,533.6,5,0.15,2267.8,West,Debit Card,In-Store,3,6
ORD006330,2024-10-16,CUST00478,Clothing,Jacket,14.38,3,0.1,38.83,East,Bank Transfer,Web,4,13
ORD006331,2024-07-02,CUST00348,Sports,Bicycle,507.16,5,0,2535.8,Central,Debit Card,Phone,3,8
ORD006332,2024-10-09,CUST01148,Electronics,Smartphone,579.22,5,0.2,2316.88,East,PayPal,In-Store,4,3
ORD006333,2024-08-19,CUST01721,Clothing,T-Shirt,55.0,5,0.15,233.75,Central,Credit Card,Mobile App,5,10
ORD006334,2024-08-17,CUST01336,Sports,Bicycle,557.32,5,0.05,2647.27,East,Debit Card,Phone,3,1
ORD006335,2024-01-02,CUST00903,Books,Guide,16.85,2,0,33.7,North,Bank Transfer,In-Store,4,6
ORD006336,2024-11-28,CUST00805,Books,Biography,15.39,5,0,76.95,West,Debit Card,Web,5,6
ORD006337,2024-10-12,CUST00421,Books,Guide,51.61,4,0,206.44,West,PayPal,Phone,5,1
ORD006338,2024-05-04,CUST01058,Clothing,Socks,12.28,4,0.05,46.66,West,Credit Card,Mobile App,5,7
ORD006339,2024-09-14,CUST01973,Sports,Dumbbell,665.69,4,0,2662.76,North,PayPal,Mobile App,3,13
ORD006340,2024-10-06,CUST00382,Electronics,Smartwatch,958.87,4,0,3835.48,Central,Bank Transfer,Phone,3,7
ORD006341,2024-01-30,CUST01798,Electronics,Headphones,277.49,3,0.05,790.85,East,Credit Card,Web,1,13
ORD006342,2024-09-27,CUST01722,Home,Toaster,377.79,5,0,1888.95,South,PayPal,Web,4,8
ORD006343,2024-05-12,CUST01731,Electronics,Smartwatch,902.98,5,0.05,4289.15,North,Bank Transfer,Phone,3,1
ORD006344,2024-12-20,CUST00148,Books,Comic,57.17,3,0,171.51,South,PayPal,Mobile App,4,13
ORD006345,2024-06-17,CUST00374,Home,Blender,55.96,3,0.2,134.3,East,Credit Card,Mobile App,5,8
ORD006346,2024-07-04,CUST00235,Sports,Bicycle,587.24,1,0,587.24,South,Credit Card,Mobile App,4,10
ORD006347,2024-11-13,CUST01408,Home,Chair,57.83,4,0.15,196.62,North,PayPal,Mobile App,4,3
ORD006348,2024-10-08,CUST00060,Clothing,Jacket,55.84,1,0.2,44.67,West,Credit Card,Mobile App,5,8
ORD006349,2024-10-14,CUST00787,Books,Biography,49.43,1,0.15,42.02,North,Mobile Money,Web,5,6
ORD006350,2024-02-18,CUST00470,Electronics,Camera,658.68,1,0,658.68,South,Bank Transfer,In-Store,2,1
ORD006351,2024-08-20,CUST00560,Electronics,Camera,476.18,3,0,1428.54,South,Bank Transfer,Mobile App,4,6
ORD006352,2024-05-28,CUST00719,Clothing,T-Shirt,73.63,2,0.2,117.81,East,Debit Card,Mobile App,5,5
ORD006353,2024-05-30,CUST01687,Electronics,Laptop,409.83,3,0,1229.49,North,Debit Card,Phone,5,12
ORD006354,2024-10-03,CUST00672,Sports,Tennis Racket,123.93,4,0,495.72,South,Mobile Money,Mobile App,4,9
ORD006355,2024-09-13,CUST00836,Clothing,Socks,101.0,5,0.05,479.75,North,Mobile Money,In-Store,4,6
ORD006356,2024-01-27,CUST01746,Books,Cookbook,39.61,3,0.05,112.89,South,Credit Card,In-Store,5,8
ORD006357,2024-02-23,CUST01295,Sports,Bicycle,480.0,3,0.1,1296.0,South,Bank Transfer,In-Store,3,14
ORD006358,2024-11-11,CUST00949,Home,Pillow,313.06,5,0,1565.3,Central,PayPal,In-Store,3,8
ORD006359,2024-03-27,CUST00479,Sports,Yoga Mat,215.35,1,0.15,183.05,North,Mobile Money,Phone,5,2
ORD006360,2024-01-17,CUST01383,Home,Pillow,163.68,3,0.15,417.38,South,Bank Transfer,Phone,5,1
ORD006361,2024-11-11,CUST00065,Electronics,Laptop,786.1,4,0.05,2987.18,Central,Credit Card,Web,5,12
ORD006362,2024-01-23,CUST00007,Clothing,Sneakers,83.92,1,0,83.92,Central,PayPal,In-Store,3,12
ORD006363,2024-12-10,CUST00832,Home,Table,136.63,2,0.2,218.61,West,Debit Card,Web,3,14
ORD006364,2024-02-14,CUST00559,Electronics,Smartwatch,1036.42,3,0,3109.26,East,Debit Card,Phone,1,6
ORD006365,2024-06-23,CUST00615,Sports,Bicycle,749.97,1,0.05,712.47,West,Debit Card,Web,4,14
ORD006366,2024-09-23,CUST01882,Electronics,Laptop,823.02,5,0.1,3703.59,West,Mobile Money,In-Store,4,12
ORD006367,2024-03-22,CUST00756,Electronics,Tablet,397.94,4,0,1591.76,East,Mobile Money,Mobile App,3,2
ORD006368,2024-10-12,CUST00092,Home,Toaster,104.18,3,0.1,281.29,West,Debit Card,Mobile App,2,8
ORD006369,2024-11-07,CUST00486,Books,Guide,51.81,5,0.15,220.19,West,Mobile Money,Phone,5,4
ORD006370,2024-06-12,CUST00396,Electronics,Laptop,63.56,2,0.2,101.7,West,PayPal,Mobile App,5,4
ORD006371,2024-02-04,CUST01177,Home,Toaster,135.77,3,0.15,346.21,East,Credit Card,Web,5,8
ORD006372,2024-04-26,CUST01583,Home,Blender,350.32,4,0,1401.28,Central,Bank Transfer,Web,4,2
ORD006373,2024-07-12,CUST01564,Sports,Tennis Racket,132.67,1,0.05,126.04,North,PayPal,In-Store,5,6
ORD006374,2024-01-24,CUST00755,Sports,Bicycle,514.18,4,0.2,1645.38,South,Mobile Money,Phone,4,7
ORD006375,2024-05-07,CUST00765,Sports,Bicycle,798.37,4,0.15,2714.46,East,Bank Transfer,Phone,3,7
ORD006376,2024-11-20,CUST01952,Electronics,Headphones,1187.95,2,0.1,2138.31,West,Debit Card,Mobile App,4,9
ORD006377,2024-07-25,CUST01516,Electronics,Tablet,710.81,2,0,1421.62,West,Debit Card,Phone,5,11
ORD006378,2024-04-27,CUST01073,Books,Cookbook,39.68,2,0.05,75.39,Central,Credit Card,In-Store,3,3
ORD006379,2024-07-20,CUST01292,Books,Cookbook,22.85,3,0,68.55,West,Bank Transfer,In-Store,5,9
ORD006380,2024-02-06,CUST01375,Sports,Tennis Racket,631.01,2,0,1262.02,South,Debit Card,Web,4,5
ORD006381,2024-04-17,CUST01416,Home,Chair,51.56,5,0,257.8,Central,PayPal,Phone,3,5
ORD006382,2024-03-27,CUST01755,Home,Pillow,20.44,3,0.05,58.25,East,PayPal,Web,3,7
ORD006383,2024-05-27,CUST00998,Clothing,T-Shirt,69.47,4,0.2,222.3,North,Credit Card,Web,5,4
ORD006384,2024-08-13,CUST00257,Clothing,Sneakers,92.07,3,0.2,220.97,North,Debit Card,Web,4,7
ORD006385,2024-12-21,CUST01572,Books,Novel,25.62,5,0,128.1,East,Mobile Money,Web,5,13
ORD006386,2024-11-17,CUST01026,Clothing,Socks,88.28,5,0,441.4,Central,Bank Transfer,Web,4,8
ORD006387,2024-06-17,CUST01970,Clothing,Jacket,31.05,1,0.05,29.5,Central,Mobile Money,Phone,3,3
ORD006388,2024-07-19,CUST00463,Clothing,Sneakers,126.84,4,0.2,405.89,East,Bank Transfer,In-Store,5,14
ORD006389,2024-02-15,CUST01464,Sports,Bicycle,769.24,4,0,3076.96,North,Credit Card,In-Store,5,13
ORD006390,2024-12-30,CUST00797,Sports,Yoga Mat,611.91,5,0,3059.55,East,Credit Card,Phone,3,8
ORD006391,2024-02-03,CUST01956,Sports,Basketball,768.12,2,0.05,1459.43,East,Debit Card,Phone,5,2
ORD006392,2024-12-06,CUST01035,Books,Novel,33.23,4,0,132.92,South,Mobile Money,Mobile App,4,1
ORD006393,2024-08-24,CUST00449,Electronics,Headphones,420.15,3,0,1260.45,South,PayPal,Web,2,12
ORD006394,2024-02-16,CUST01727,Sports,Bicycle,338.27,3,0.1,913.33,North,PayPal,Mobile App,3,7
ORD006395,2024-02-28,CUST00504,Clothing,Jacket,99.86,4,0.1,359.5,Central,Debit Card,Web,4,6
ORD006396,2024-07-13,CUST00578,Sports,Football,749.79,4,0.15,2549.29,North,PayPal,Phone,4,7
ORD006397,2024-12-17,CUST01440,Electronics,Laptop,1267.03,1,0.05,1203.68,North,Bank Transfer,In-Store,5,12
ORD006398,2024-11-09,CUST00305,Sports,Football,638.51,1,0.1,574.66,Central,Bank Transfer,Phone,3,6
ORD006399,2024-07-01,CUST00158,Clothing,Sneakers,148.72,1,0,148.72,Central,Credit Card,Phone,1,9
ORD006400,2024-04-13,CUST00154,Home,Lamp,384.87,4,0,1539.48,South,PayPal,Web,4,5
ORD006401,2024-09-26,CUST01386,Clothing,Socks,102.4,4,0,409.6,North,Debit Card,In-Store,5,2
ORD006402,2024-11-30,CUST01280,Home,Pillow,76.57,2,0,153.14,South,Debit Card,Phone,5,4
ORD006403,2024-04-30,CUST01673,Electronics,Laptop,1040.16,1,0.2,832.13,Central,Bank Transfer,Phone,5,10
ORD006404,2024-08-11,CUST01524,Home,Blender,102.47,4,0,409.88,East,Credit Card,Web,5,9
ORD006405,2024-03-05,CUST00692,Sports,Yoga Mat,308.55,1,0.05,293.12,Central,PayPal,Web,5,4
ORD006406,2024-02-10,CUST00485,Books,Biography,19.42,3,0.15,49.52,North,Bank Transfer,In-Store,4,12
ORD006407,2024-07-10,CUST01964,Home,Table,74.98,2,0.2,119.97,Central,PayPal,Mobile App,4,3
ORD006408,2024-02-16,CUST01541,Sports,Yoga Mat,798.51,1,0,798.51,West,Debit Card,Mobile App,5,6
ORD006409,2024-04-18,CUST01900,Home,Toaster,313.07,1,0,313.07,South,Credit Card,In-Store,5,7
ORD006410,2024-03-04,CUST01433,Electronics,Camera,1356.44,1,0,1356.44,South,Mobile Money,Mobile App,4,4
ORD006411,2024-09-18,CUST01949,Books,Biography,44.43,5,0,222.15,North,Debit Card,In-Store,3,12
ORD006412,2024-03-01,CUST01058,Clothing,Socks,139.4,1,0.2,111.52,Central,Credit Card,Mobile App,3,11
ORD006413,2024-04-22,CUST01232,Electronics,Smartwatch,749.0,5,0,3745.0,North,Debit Card,Web,3,11
ORD006414,2024-01-11,CUST01759,Sports,Tennis Racket,754.36,4,0.2,2413.95,Central,Debit Card,Phone,4,11
ORD006415,2024-04-30,CUST00651,Sports,Bicycle,112.22,1,0,112.22,Central,Mobile Money,Mobile App,3,9
ORD006416,2024-07-04,CUST01075,Clothing,Jacket,80.77,5,0,403.85,West,Mobile Money,Phone,5,9
ORD006417,2024-01-27,CUST00582,Electronics,Headphones,641.39,4,0.1,2309.0,West,PayPal,In-Store,3,3
ORD006418,2024-11-20,CUST00557,Clothing,Socks,58.21,5,0.1,261.94,Central,PayPal,Web,5,12
ORD006419,2024-03-15,CUST01654,Sports,Basketball,555.39,4,0,2221.56,West,PayPal,In-Store,4,3
ORD006420,2024-01-19,CUST00950,Clothing,Socks,46.91,5,0.1,211.1,West,Bank Transfer,Mobile App,2,14
ORD006421,2024-02-25,CUST01276,Books,Textbook,40.61,5,0.2,162.44,West,PayPal,Phone,4,7
ORD006422,2024-05-06,CUST01104,Sports,Bicycle,758.99,3,0,2276.97,East,PayPal,In-Store,5,6
ORD006423,2024-03-29,CUST00390,Clothing,Sneakers,73.65,2,0.15,125.2,South,PayPal,In-Store,5,11
ORD006424,2024-08-30,CUST01705,Books,Novel,32.87,1,0,32.87,Central,Mobile Money,Phone,4,13
ORD006425,2024-07-10,CUST00550,Electronics,Camera,472.5,4,0.05,1795.5,Central,Credit Card,In-Store,4,8
ORD006426,2024-02-19,CUST00030,Electronics,Laptop,750.92,4,0,3003.68,South,Debit Card,Mobile App,3,14
ORD006427,2024-09-23,CUST00721,Home,Toaster,175.85,4,0,703.4,South,Debit Card,In-Store,3,1
ORD006428,2024-01-10,CUST00556,Sports,Bicycle,254.7,2,0.05,483.93,Central,Bank Transfer,In-Store,5,9
ORD006429,2024-09-10,CUST00901,Books,Guide,46.93,5,0,234.65,East,Mobile Money,Phone,3,9
ORD006430,2024-12-23,CUST01302,Clothing,Sneakers,101.19,4,0.1,364.28,North,Bank Transfer,Phone,4,4
ORD006431,2024-01-18,CUST00564,Electronics,Smartphone,664.77,5,0.15,2825.27,West,Mobile Money,In-Store,5,4
ORD006432,2024-12-15,CUST00657,Clothing,Jacket,140.63,5,0.15,597.68,East,PayPal,Web,5,2
ORD006433,2024-04-26,CUST01571,Clothing,Jeans,37.26,3,0.2,89.42,West,Debit Card,Phone,5,12
ORD006434,2024-09-13,CUST00730,Home,Toaster,377.52,2,0,755.04,South,PayPal,Web,5,13
ORD006435,2024-06-18,CUST01730,Clothing,Sneakers,135.21,1,0,135.21,East,Debit Card,Phone,5,4
ORD006436,2024-12-25,CUST01066,Clothing,Jeans,138.79,1,0.05,131.85,East,Mobile Money,Phone,5,9
ORD006437,2024-05-28,CUST01536,Sports,Yoga Mat,346.66,1,0,346.66,North,Credit Card,Phone,2,7
ORD006438,2024-06-04,CUST01599,Sports,Basketball,386.53,4,0,1546.12,Central,Bank Transfer,Web,1,5
ORD006439,2024-05-11,CUST01866,Sports,Dumbbell,652.21,4,0.15,2217.51,North,Bank Transfer,Mobile App,3,8
ORD006440,2024-04-09,CUST01209,Electronics,Camera,565.94,1,0.2,452.75,East,Bank Transfer,Mobile App,5,12
ORD006441,2024-12-23,CUST00430,Sports,Tennis Racket,616.07,4,0.05,2341.07,Central,PayPal,Phone,3,4
ORD006442,2024-12-20,CUST00824,Home,Blender,297.5,5,0.2,1190.0,Central,Debit Card,In-Store,5,5
ORD006443,2024-08-23,CUST01709,Books,Textbook,51.08,3,0,153.24,West,Debit Card,Phone,2,5
ORD006444,2024-11-29,CUST01106,Books,Cookbook,55.79,1,0.15,47.42,North,Mobile Money,Web,5,3
ORD006445,2024-12-16,CUST00221,Clothing,Jeans,69.35,5,0,346.75,East,PayPal,In-Store,2,13
ORD006446,2024-10-29,CUST01360,Clothing,Jeans,71.45,5,0.15,303.66,North,PayPal,Web,5,5
ORD006447,2024-04-20,CUST00399,Home,Toaster,220.34,4,0,881.36,South,Debit Card,In-Store,4,10
ORD006448,2024-08-19,CUST00695,Electronics,Headphones,401.36,5,0.05,1906.46,East,Bank Transfer,In-Store,3,1
ORD006449,2024-12-16,CUST00996,Electronics,Tablet,267.43,1,0.2,213.94,Central,Bank Transfer,In-Store,5,8
ORD006450,2024-08-01,CUST01991,Books,Guide,5.25,5,0.05,24.94,West,Mobile Money,Mobile App,5,14
ORD006451,2024-12-10,CUST00796,Sports,Tennis Racket,597.73,4,0.1,2151.83,North,Mobile Money,Web,5,12
ORD006452,2024-11-18,CUST00034,Sports,Dumbbell,594.07,5,0.1,2673.31,West,Bank Transfer,Mobile App,3,12
ORD006453,2024-04-06,CUST00267,Clothing,Hat,19.85,1,0,19.85,East,Credit Card,Mobile App,4,2
ORD006454,2024-12-27,CUST01588,Sports,Yoga Mat,636.39,2,0.15,1081.86,West,Mobile Money,In-Store,5,14
ORD006455,2024-04-01,CUST01320,Home,Table,173.3,2,0.15,294.61,East,Credit Card,In-Store,3,5
ORD006456,2024-12-04,CUST01788,Books,Biography,45.51,5,0.2,182.04,Central,Credit Card,In-Store,4,10
ORD006457,2024-01-15,CUST01168,Home,Table,199.47,2,0,398.94,South,Debit Card,In-Store,2,13
ORD006458,2024-03-30,CUST00583,Clothing,Socks,73.39,1,0,73.39,South,Bank Transfer,Web,5,13
ORD006459,2024-04-01,CUST01245,Electronics,Smartphone,1370.0,4,0.2,4384.0,South,Bank Transfer,In-Store,5,14
ORD006460,2024-08-02,CUST00457,Electronics,Camera,1201.42,4,0.1,4325.11,Central,PayPal,Mobile App,3,11
ORD006461,2024-03-18,CUST00281,Books,Comic,51.29,1,0,51.29,North,PayPal,Web,1,6
ORD006462,2024-05-17,CUST00073,Books,Novel,14.75,2,0,29.5,South,Debit Card,Web,4,4
ORD006463,2024-07-17,CUST00022,Clothing,Sneakers,84.83,1,0,84.83,Central,Mobile Money,In-Store,4,3
ORD006464,2024-07-06,CUST01285,Sports,Basketball,457.08,3,0,1371.24,Central,Debit Card,Mobile App,1,13
ORD006465,2024-12-02,CUST01810,Electronics,Laptop,1048.8,5,0,5244.0,East,PayPal,Web,2,4
ORD006466,2024-09-19,CUST01345,Electronics,Camera,606.07,1,0,606.07,West,Credit Card,In-Store,4,2
ORD006467,2024-07-14,CUST00202,Sports,Basketball,337.89,1,0.2,270.31,East,Credit Card,Web,4,9
ORD006468,2024-12-09,CUST00339,Clothing,Jeans,33.82,1,0,33.82,Central,PayPal,Web,5,2
ORD006469,2024-03-21,CUST01544,Electronics,Smartphone,404.83,2,0.15,688.21,North,Debit Card,Mobile App,5,12
ORD006470,2024-05-24,CUST01014,Sports,Yoga Mat,742.64,5,0,3713.2,South,PayPal,Web,5,3
ORD006471,2024-07-19,CUST00108,Clothing,T-Shirt,109.85,5,0,549.25,North,Bank Transfer,In-Store,5,4
ORD006472,2024-09-14,CUST01357,Clothing,T-Shirt,10.01,5,0.05,47.55,South,Bank Transfer,Web,4,13
ORD006473,2024-03-02,CUST01268,Home,Pillow,348.01,3,0.2,835.22,East,Credit Card,Phone,5,10
ORD006474,2024-12-06,CUST01670,Sports,Football,398.7,2,0,797.4,North,Credit Card,In-Store,2,5
ORD006475,2024-08-16,CUST00161,Clothing,Socks,25.96,4,0.15,88.26,East,Credit Card,Web,5,5
ORD006476,2024-05-14,CUST00780,Sports,Tennis Racket,127.0,1,0.05,120.65,South,Credit Card,Web,4,10
ORD006477,2024-08-09,CUST00298,Sports,Basketball,512.86,4,0,2051.44,Central,Debit Card,Phone,5,3
ORD006478,2024-11-22,CUST00719,Home,Pillow,295.89,2,0,591.78,West,Mobile Money,Web,3,13
ORD006479,2024-08-25,CUST01953,Books,Biography,57.04,1,0,57.04,Central,PayPal,In-Store,5,12
ORD006480,2024-08-18,CUST01634,Electronics,Laptop,381.01,3,0.1,1028.73,South,Debit Card,Mobile App,2,5
ORD006481,2024-04-11,CUST01139,Sports,Dumbbell,648.55,4,0.15,2205.07,West,Bank Transfer,Phone,2,9
ORD006482,2024-12-10,CUST00280,Books,Novel,36.59,1,0.15,31.1,South,Bank Transfer,In-Store,5,5
ORD006483,2024-02-17,CUST00800,Electronics,Tablet,70.29,4,0.2,224.93,Central,PayPal,In-Store,5,11
ORD006484,2024-11-30,CUST00702,Electronics,Laptop,512.94,4,0.15,1744.0,Central,PayPal,Web,3,10
ORD006485,2024-11-26,CUST01113,Electronics,Headphones,69.06,3,0.2,165.74,South,Mobile Money,Web,5,5
ORD006486,2024-11-09,CUST01387,Books,Novel,23.78,4,0,95.12,North,Mobile Money,Mobile App,5,10
ORD006487,2024-06-09,CUST00457,Electronics,Smartphone,630.31,5,0,3151.55,East,PayPal,Mobile App,5,4
ORD006488,2024-11-22,CUST01232,Sports,Yoga Mat,658.16,1,0.1,592.34,West,Bank Transfer,Mobile App,2,4
ORD006489,2024-01-26,CUST01409,Electronics,Laptop,1472.85,2,0.2,2356.56,South,Credit Card,In-Store,5,7
ORD006490,2024-05-12,CUST00698,Home,Table,251.53,1,0,251.53,Central,PayPal,Phone,3,6
ORD006491,2024-05-11,CUST01590,Sports,Yoga Mat,81.6,4,0.15,277.44,Central,PayPal,Web,5,5
ORD006492,2024-12-26,CUST01154,Home,Pillow,398.69,3,0.2,956.86,South,Credit Card,In-Store,5,5
ORD006493,2024-04-03,CUST00432,Home,Table,119.09,5,0,595.45,North,Credit Card,Phone,5,12
ORD006494,2024-05-18,CUST00377,Sports,Yoga Mat,744.68,5,0,3723.4,Central,Debit Card,Mobile App,5,10
ORD006495,2024-05-31,CUST01947,Sports,Yoga Mat,540.42,4,0.2,1729.34,Central,Mobile Money,Mobile App,4,1
ORD006496,2024-10-17,CUST01783,Home,Toaster,345.33,3,0,1035.99,East,Mobile Money,Phone,5,12
ORD006497,2024-10-10,CUST01037,Home,Lamp,354.41,2,0.1,637.94,North,Credit Card,In-Store,5,12
ORD006498,2024-03-02,CUST01033,Sports,Basketball,291.24,2,0,582.48,Central,PayPal,Phone,5,3
ORD006499,2024-07-08,CUST01717,Clothing,T-Shirt,144.63,4,0.05,549.59,East,Mobile Money,Mobile App,5,11
ORD006500,2024-12-13,CUST00415,Books,Textbook,5.03,3,0.2,12.07,East,Bank Transfer,Web,5,2
ORD006501,2024-12-07,CUST00748,Home,Blender,331.47,1,0.05,314.9,East,Mobile Money,In-Store,5,14
ORD006502,2024-06-23,CUST00299,Electronics,Tablet,1400.98,4,0,5603.92,Central,Debit Card,Phone,4,13
ORD006503,2024-12-24,CUST00805,Clothing,Jacket,115.65,4,0,462.6,North,Mobile Money,In-Store,2,7
ORD006504,2024-01-07,CUST00499,Books,Comic,54.61,4,0,218.44,West,PayPal,In-Store,4,9
ORD006505,2024-08-04,CUST00838,Books,Novel,29.62,1,0,29.62,West,Bank Transfer,Phone,4,10
ORD006506,2024-10-26,CUST01903,Clothing,Hat,133.95,2,0,267.9,South,Debit Card,In-Store,4,5
ORD006507,2024-06-10,CUST00852,Clothing,Sneakers,94.08,2,0.1,169.34,South,Bank Transfer,Mobile App,2,8
ORD006508,2024-09-12,CUST00458,Sports,Yoga Mat,366.3,3,0,1098.9,South,Mobile Money,Web,5,2
ORD006509,2024-07-15,CUST00093,Electronics,Headphones,1425.65,4,0.05,5417.47,East,Debit Card,In-Store,5,12
ORD006510,2024-12-19,CUST00205,Home,Lamp,93.89,5,0.2,375.56,West,PayPal,In-Store,5,10
ORD006511,2024-12-13,CUST01048,Sports,Bicycle,730.4,1,0.15,620.84,East,Mobile Money,In-Store,5,9
ORD006512,2024-07-08,CUST01847,Books,Biography,5.34,5,0.15,22.7,West,PayPal,Phone,5,13
ORD006513,2024-03-27,CUST00267,Electronics,Smartphone,1285.33,2,0.15,2185.06,Central,Mobile Money,Phone,5,3
ORD006514,2024-03-13,CUST00459,Clothing,Sneakers,23.79,5,0.15,101.11,West,Mobile Money,In-Store,3,7
ORD006515,2024-07-12,CUST01590,Books,Biography,17.74,5,0,88.7,North,Mobile Money,Mobile App,5,8
ORD006516,2024-07-10,CUST00845,Books,Textbook,55.99,2,0.05,106.38,North,PayPal,Phone,5,12
ORD006517,2024-03-01,CUST00058,Books,Biography,24.39,4,0.15,82.93,South,Debit Card,Phone,5,2
ORD006518,2024-05-10,CUST00695,Clothing,Jeans,45.76,5,0.15,194.48,West,Debit Card,In-Store,5,12
ORD006519,2024-05-18,CUST01861,Home,Toaster,394.22,4,0.05,1498.04,South,Mobile Money,Web,4,5
ORD006520,2024-06-23,CUST00980,Sports,Bicycle,77.01,5,0.1,346.54,Central,Credit Card,Mobile App,5,4
ORD006521,2024-04-23,CUST01534,Sports,Bicycle,613.63,4,0,2454.52,North,PayPal,Phone,4,13
ORD006522,2024-05-07,CUST01710,Books,Biography,5.52,2,0.2,8.83,North,Bank Transfer,In-Store,5,2
ORD006523,2024-07-22,CUST01413,Sports,Tennis Racket,175.42,4,0,701.68,South,PayPal,In-Store,4,7
ORD006524,2024-10-04,CUST01205,Sports,Football,69.54,2,0,139.08,West,PayPal,Phone,5,4
ORD006525,2024-01-29,CUST01577,Sports,Bicycle,531.63,1,0,531.63,East,Credit Card,Phone,5,2
ORD006526,2024-01-02,CUST00672,Books,Biography,39.98,1,0,39.98,East,Bank Transfer,In-Store,4,4
ORD006527,2024-09-20,CUST01055,Sports,Dumbbell,88.76,1,0,88.76,Central,Credit Card,In-Store,5,14
ORD006528,2024-12-29,CUST00738,Books,Comic,59.75,5,0.1,268.87,Central,PayPal,Web,5,3
ORD006529,2024-04-20,CUST01226,Home,Toaster,108.87,4,0,435.48,South,Mobile Money,Mobile App,4,6
ORD006530,2024-10-04,CUST01800,Home,Table,279.22,3,0.2,670.13,Central,Credit Card,In-Store,5,14
ORD006531,2024-11-03,CUST00811,Books,Textbook,40.86,1,0.1,36.77,North,PayPal,In-Store,3,13
ORD006532,2024-11-23,CUST00468,Books,Guide,33.47,3,0,100.41,West,Debit Card,Web,4,6
ORD006533,2024-04-10,CUST01265,Electronics,Smartphone,799.46,1,0.05,759.49,Central,Mobile Money,Mobile App,5,2
ORD006534,2024-10-13,CUST00811,Books,Textbook,15.82,2,0.2,25.31,Central,Debit Card,Phone,5,10
ORD006535,2024-02-28,CUST00070,Home,Blender,30.27,1,0.2,24.22,South,PayPal,Mobile App,4,2
ORD006536,2024-06-13,CUST00254,Books,Textbook,38.52,2,0.15,65.48,South,PayPal,Mobile App,5,4
ORD006537,2024-06-14,CUST01264,Home,Blender,49.05,2,0,98.1,South,Credit Card,Mobile App,4,11
ORD006538,2024-09-28,CUST01570,Sports,Dumbbell,22.03,5,0,110.15,South,Bank Transfer,Phone,4,1
ORD006539,2024-12-18,CUST01564,Clothing,Jacket,61.81,3,0.2,148.34,South,Credit Card,Web,4,8
ORD006540,2024-01-16,CUST01967,Books,Guide,37.15,1,0.05,35.29,Central,Mobile Money,Web,1,9
ORD006541,2024-11-25,CUST01657,Sports,Dumbbell,382.6,3,0,1147.8,Central,Debit Card,In-Store,5,6
ORD006542,2024-07-04,CUST01318,Books,Novel,27.36,1,0.2,21.89,West,Debit Card,Mobile App,5,7
ORD006543,2024-12-22,CUST01729,Electronics,Headphones,1034.4,1,0,1034.4,South,Debit Card,Mobile App,4,2
ORD006544,2024-03-22,CUST00580,Clothing,Jeans,13.01,4,0.05,49.44,West,Debit Card,Web,4,9
ORD006545,2024-06-24,CUST01484,Electronics,Headphones,912.24,1,0,912.24,East,Debit Card,Web,1,7
ORD006546,2024-09-26,CUST00563,Clothing,Hat,110.67,3,0.15,282.21,South,PayPal,In-Store,5,14
ORD006547,2024-10-12,CUST01198,Electronics,Camera,161.3,4,0.1,580.68,South,Credit Card,Web,5,5
ORD006548,2024-09-27,CUST00398,Clothing,Socks,62.85,5,0,314.25,East,Mobile Money,Phone,4,8
ORD006549,2024-04-16,CUST00054,Books,Guide,26.96,2,0.1,48.53,West,Debit Card,Phone,2,1
ORD006550,2024-08-09,CUST00551,Clothing,Hat,144.03,4,0,576.12,South,Bank Transfer,In-Store,5,1
ORD006551,2024-08-18,CUST00545,Sports,Tennis Racket,684.83,3,0.15,1746.32,East,PayPal,In-Store,2,3
ORD006552,2024-09-02,CUST00353,Sports,Basketball,306.43,5,0.1,1378.93,North,Credit Card,In-Store,4,4
ORD006553,2024-08-21,CUST01210,Sports,Football,291.71,3,0.15,743.86,East,Bank Transfer,Mobile App,5,1
ORD006554,2024-01-26,CUST00059,Electronics,Smartwatch,1153.02,4,0.2,3689.66,West,PayPal,Mobile App,5,10
ORD006555,2024-07-03,CUST00925,Clothing,Socks,108.44,5,0.1,487.98,West,Credit Card,Web,5,14
ORD006556,2024-05-02,CUST00843,Home,Chair,199.45,5,0.1,897.52,East,PayPal,In-Store,4,11
ORD006557,2024-01-05,CUST00752,Clothing,Socks,115.15,5,0.15,489.39,South,Mobile Money,Mobile App,5,5
ORD006558,2024-09-14,CUST01599,Books,Guide,9.37,4,0.05,35.61,West,Bank Transfer,Web,1,6
ORD006559,2024-03-28,CUST00382,Home,Table,148.99,2,0.1,268.18,East,Bank Transfer,Web,4,5
ORD006560,2024-10-19,CUST01333,Sports,Football,455.58,3,0,1366.74,Central,Bank Transfer,Mobile App,3,2
ORD006561,2024-09-23,CUST01232,Electronics,Tablet,805.83,4,0.05,3062.15,East,Mobile Money,Web,4,9
ORD006562,2024-05-13,CUST01022,Home,Lamp,162.91,4,0,651.64,Central,Mobile Money,In-Store,2,13
ORD006563,2024-03-07,CUST00366,Electronics,Laptop,524.01,4,0,2096.04,East,Mobile Money,Mobile App,4,1
ORD006564,2024-07-31,CUST00477,Clothing,Jacket,137.04,4,0.1,493.34,East,Mobile Money,Phone,3,7
ORD006565,2024-01-15,CUST00298,Books,Biography,54.58,4,0.2,174.66,North,Credit Card,Mobile App,4,5
ORD006566,2024-09-04,CUST01960,Home,Toaster,180.36,3,0,541.08,Central,PayPal,In-Store,4,12
ORD006567,2024-10-31,CUST00417,Electronics,Smartwatch,1033.66,1,0.1,930.29,South,Mobile Money,Phone,4,3
ORD006568,2024-04-22,CUST00057,Sports,Tennis Racket,512.45,5,0,2562.25,East,Bank Transfer,Phone,4,1
ORD006569,2024-01-11,CUST01451,Clothing,Jeans,41.62,5,0.1,187.29,South,Debit Card,Phone,3,13
ORD006570,2024-10-03,CUST01471,Clothing,Jeans,48.17,4,0,192.68,North,Credit Card,Phone,5,3
ORD006571,2024-08-16,CUST01032,Home,Toaster,165.36,5,0.2,661.44,East,Credit Card,Web,5,5
ORD006572,2024-04-13,CUST00647,Books,Biography,30.61,1,0.05,29.08,Central,Debit Card,Web,2,10
ORD006573,2024-07-20,CUST00228,Books,Textbook,40.79,4,0.1,146.84,North,Bank Transfer,Web,5,10
ORD006574,2024-12-30,CUST00076,Clothing,Hat,42.27,3,0.2,101.45,South,Mobile Money,Web,5,11
ORD006575,2024-10-04,CUST00952,Sports,Basketball,279.65,5,0.15,1188.51,East,Debit Card,In-Store,5,11
ORD006576,2024-06-10,CUST01124,Home,Lamp,342.73,5,0.2,1370.92,East,Debit Card,Web,5,5
ORD006577,2024-09-14,CUST01897,Sports,Yoga Mat,510.25,5,0,2551.25,West,PayPal,Phone,4,8
ORD006578,2024-10-13,CUST00639,Home,Chair,303.77,4,0.05,1154.33,East,Debit Card,Mobile App,4,11
ORD006579,2024-04-13,CUST00386,Home,Lamp,394.24,2,0.15,670.21,South,Mobile Money,In-Store,5,14
ORD006580,2024-05-26,CUST01970,Electronics,Smartwatch,190.17,3,0,570.51,North,Debit Card,Web,4,9
ORD006581,2024-11-08,CUST01171,Home,Chair,321.55,2,0,643.1,South,Credit Card,In-Store,4,8
ORD006582,2024-05-21,CUST01694,Sports,Dumbbell,657.36,3,0.15,1676.27,South,Bank Transfer,Phone,5,2
ORD006583,2024-12-11,CUST00917,Clothing,T-Shirt,120.55,3,0,361.65,North,Credit Card,Web,5,10
ORD006584,2024-07-09,CUST00135,Electronics,Headphones,278.85,3,0.05,794.72,South,Debit Card,In-Store,3,7
ORD006585,2024-03-19,CUST01951,Clothing,Jacket,50.66,4,0.05,192.51,South,Credit Card,Phone,5,7
ORD006586,2024-11-22,CUST01015,Home,Table,156.33,4,0.15,531.52,North,Debit Card,Phone,5,1
ORD006587,2024-07-10,CUST01801,Books,Novel,8.69,1,0.1,7.82,East,Mobile Money,In-Store,5,4
ORD006588,2024-12-24,CUST00523,Sports,Tennis Racket,762.67,2,0,1525.34,South,Mobile Money,Web,4,2
ORD006589,2024-12-22,CUST01266,Books,Guide,47.38,5,0,236.9,North,Credit Card,Phone,4,14
ORD006590,2024-06-17,CUST01035,Sports,Football,410.96,4,0.2,1315.07,North,PayPal,Web,5,9
ORD006591,2024-09-22,CUST01032,Books,Textbook,17.97,2,0.05,34.14,West,Credit Card,In-Store,3,8
ORD006592,2024-02-24,CUST00101,Electronics,Tablet,1294.14,2,0.2,2070.62,North,PayPal,Phone,2,12
ORD006593,2024-12-01,CUST00888,Electronics,Smartwatch,1144.73,1,0.05,1087.49,Central,PayPal,Web,3,13
ORD006594,2024-08-01,CUST01794,Electronics,Smartphone,1356.74,1,0.1,1221.07,North,PayPal,Phone,5,14
ORD006595,2024-08-23,CUST00356,Clothing,Hat,21.52,2,0.2,34.43,South,Mobile Money,Mobile App,5,8
ORD006596,2024-05-20,CUST00191,Books,Textbook,54.57,1,0.15,46.38,South,Mobile Money,Web,5,12
ORD006597,2024-03-06,CUST01205,Home,Blender,363.01,2,0.1,653.42,South,Debit Card,Phone,4,3
ORD006598,2024-03-13,CUST00516,Electronics,Laptop,1488.1,2,0,2976.2,Central,Mobile Money,Phone,5,4
ORD006599,2024-03-08,CUST00225,Electronics,Smartphone,1072.04,5,0.05,5092.19,North,Bank Transfer,Web,5,4
ORD006600,2024-06-17,CUST01209,Electronics,Smartwatch,616.41,5,0.1,2773.85,North,Debit Card,In-Store,3,9
ORD006601,2024-05-24,CUST01882,Clothing,Socks,69.96,4,0.15,237.86,Central,Bank Transfer,Mobile App,5,5
ORD006602,2024-09-23,CUST00232,Home,Pillow,253.57,1,0.1,228.21,South,Debit Card,Web,4,13
ORD006603,2024-09-22,CUST01562,Books,Textbook,15.87,2,0.1,28.57,South,Bank Transfer,Mobile App,3,12
ORD006604,2024-08-29,CUST01890,Books,Comic,21.84,2,0.1,39.31,East,PayPal,In-Store,1,1
ORD006605,2024-04-08,CUST00231,Home,Pillow,129.47,3,0,388.41,South,Mobile Money,Web,3,13
ORD006606,2024-11-24,CUST01258,Books,Novel,48.81,2,0.15,82.98,North,PayPal,Web,4,1
ORD006607,2024-09-20,CUST01016,Books,Novel,30.96,5,0.05,147.06,East,Debit Card,Phone,4,1
ORD006608,2024-06-04,CUST01243,Electronics,Tablet,1258.68,3,0.2,3020.83,East,Debit Card,Phone,4,14
ORD006609,2024-03-26,CUST01739,Home,Chair,194.42,4,0,777.68,Central,PayPal,Mobile App,5,8
ORD006610,2024-03-02,CUST00326,Clothing,Jacket,53.72,5,0.05,255.17,West,Bank Transfer,In-Store,3,2
ORD006611,2024-11-01,CUST01793,Home,Pillow,356.74,2,0.05,677.81,North,Credit Card,Web,3,13
ORD006612,2024-04-30,CUST01525,Clothing,Jacket,110.59,5,0,552.95,North,Debit Card,Phone,5,1
ORD006613,2024-12-27,CUST00046,Sports,Tennis Racket,296.61,5,0.2,1186.44,West,PayPal,Web,5,2
ORD006614,2024-09-12,CUST00267,Clothing,Sneakers,47.73,5,0.05,226.72,West,Debit Card,Phone,4,7
ORD006615,2024-06-18,CUST01171,Sports,Basketball,225.06,1,0,225.06,Central,Debit Card,Web,5,9
ORD006616,2024-05-25,CUST00671,Electronics,Tablet,1017.46,4,0.1,3662.86,North,PayPal,Web,5,6
ORD006617,2024-02-01,CUST00677,Sports,Yoga Mat,491.95,4,0.2,1574.24,West,Debit Card,Phone,4,1
ORD006618,2024-01-30,CUST01228,Books,Novel,5.98,3,0,17.94,North,Mobile Money,Web,5,10
ORD006619,2024-08-24,CUST01529,Home,Chair,184.72,5,0,923.6,East,Credit Card,In-Store,4,8
ORD006620,2024-12-14,CUST00743,Sports,Dumbbell,303.54,2,0,607.08,East,PayPal,Web,5,7
ORD006621,2024-03-07,CUST00482,Home,Chair,302.01,5,0.1,1359.05,West,Mobile Money,Web,4,1
ORD006622,2024-10-09,CUST01130,Sports,Dumbbell,216.67,1,0.2,173.34,South,Bank Transfer,Phone,5,12
ORD006623,2024-10-04,CUST01686,Home,Blender,372.16,5,0.15,1581.68,South,Debit Card,Web,5,11
ORD006624,2024-08-30,CUST00834,Books,Comic,43.15,3,0.2,103.56,North,Mobile Money,In-Store,5,14
ORD006625,2024-01-04,CUST01735,Sports,Yoga Mat,98.22,2,0.2,157.15,Central,Debit Card,Mobile App,2,3
ORD006626,2024-08-03,CUST01000,Electronics,Headphones,473.84,2,0,947.68,South,Bank Transfer,Mobile App,4,7
ORD006627,2024-01-15,CUST01031,Electronics,Smartwatch,959.13,1,0.15,815.26,South,Bank Transfer,Phone,4,4
ORD006628,2024-11-01,CUST01509,Sports,Bicycle,23.56,4,0,94.24,South,Bank Transfer,Web,5,4
ORD006629,2024-08-08,CUST01604,Electronics,Tablet,205.59,2,0,411.18,Central,Credit Card,Phone,3,8
ORD006630,2024-08-27,CUST00869,Clothing,Hat,143.99,2,0,287.98,South,Mobile Money,Web,4,3
ORD006631,2024-06-16,CUST00100,Clothing,T-Shirt,55.55,2,0,111.1,North,Credit Card,Web,2,9
ORD006632,2024-09-02,CUST01078,Electronics,Smartphone,1380.86,2,0,2761.72,Central,Credit Card,Web,3,11
ORD006633,2024-04-11,CUST01552,Clothing,Jeans,22.22,3,0.15,56.66,West,PayPal,Mobile App,5,14
ORD006634,2024-11-23,CUST00366,Electronics,Laptop,162.28,4,0.2,519.3,North,PayPal,Web,4,1
ORD006635,2024-08-24,CUST01034,Sports,Tennis Racket,82.38,5,0.15,350.12,North,Bank Transfer,In-Store,3,11
ORD006636,2024-06-14,CUST01434,Electronics,Laptop,1458.91,1,0.2,1167.13,East,Credit Card,Mobile App,2,14
ORD006637,2024-02-08,CUST00342,Clothing,Socks,129.53,1,0.2,103.62,Central,Mobile Money,In-Store,3,1
ORD006638,2024-10-16,CUST00994,Sports,Basketball,328.32,1,0,328.32,South,Bank Transfer,Web,2,8
ORD006639,2024-09-09,CUST01992,Sports,Tennis Racket,93.87,5,0,469.35,North,Bank Transfer,Web,5,1
ORD006640,2024-07-14,CUST01028,Home,Table,57.67,1,0,57.67,North,Mobile Money,In-Store,5,13
ORD006641,2024-04-26,CUST00606,Books,Novel,7.32,3,0.1,19.76,Central,Debit Card,In-Store,5,10
ORD006642,2024-04-04,CUST01777,Electronics,Smartphone,727.98,2,0.05,1383.16,West,Bank Transfer,Web,3,6
ORD006643,2024-06-21,CUST01585,Clothing,Jeans,105.59,3,0.05,300.93,Central,Credit Card,Phone,1,9
ORD006644,2024-07-12,CUST00554,Clothing,Jacket,112.37,2,0.15,191.03,North,PayPal,In-Store,5,9
ORD006645,2024-08-18,CUST00965,Sports,Football,98.28,3,0,294.84,North,Mobile Money,Phone,4,6
ORD006646,2024-08-24,CUST01743,Books,Biography,59.83,4,0,239.32,West,Credit Card,Web,2,5
ORD006647,2024-12-26,CUST00480,Clothing,T-Shirt,44.98,4,0,179.92,Central,Mobile Money,Mobile App,5,14
ORD006648,2024-01-11,CUST00957,Sports,Football,271.07,4,0.1,975.85,Central,Mobile Money,Web,1,7
ORD006649,2024-05-05,CUST00956,Sports,Football,68.44,5,0,342.2,East,PayPal,Web,3,12
ORD006650,2024-06-02,CUST00486,Books,Comic,58.07,1,0,58.07,Central,PayPal,In-Store,5,7
ORD006651,2024-04-20,CUST00705,Sports,Basketball,331.91,2,0.05,630.63,North,Bank Transfer,Web,4,12
ORD006652,2024-05-23,CUST01789,Clothing,Hat,133.22,2,0,266.44,Central,PayPal,Web,5,6
ORD006653,2024-08-24,CUST01389,Home,Chair,235.92,5,0,1179.6,West,Credit Card,Mobile App,4,6
ORD006654,2024-07-19,CUST00166,Sports,Tennis Racket,491.73,4,0,1966.92,South,Credit Card,Web,1,4
ORD006655,2024-12-03,CUST00945,Books,Cookbook,29.47,5,0.05,139.98,Central,Bank Transfer,Mobile App,4,10
ORD006656,2024-03-13,CUST01136,Clothing,T-Shirt,90.4,4,0.05,343.52,East,Credit Card,Web,5,10
ORD006657,2024-10-26,CUST00557,Electronics,Headphones,1419.1,3,0,4257.3,West,Mobile Money,Phone,5,1
ORD006658,2024-04-03,CUST01518,Home,Lamp,175.27,5,0,876.35,East,Debit Card,Phone,5,4
ORD006659,2024-12-03,CUST01810,Books,Guide,35.73,1,0.05,33.94,North,Bank Transfer,Web,1,3
ORD006660,2024-08-17,CUST00391,Home,Lamp,172.97,1,0.05,164.32,West,Bank Transfer,Phone,5,13
ORD006661,2024-04-24,CUST00399,Clothing,T-Shirt,89.55,1,0,89.55,North,Credit Card,Mobile App,5,6
ORD006662,2024-01-11,CUST00764,Electronics,Smartwatch,1474.87,3,0.05,4203.38,East,Credit Card,Mobile App,3,4
ORD006663,2024-05-18,CUST00247,Electronics,Smartphone,1181.36,3,0.15,3012.47,East,Mobile Money,In-Store,5,1
ORD006664,2024-09-04,CUST01055,Clothing,Sneakers,23.87,1,0,23.87,South,Bank Transfer,Mobile App,3,7
ORD006665,2024-01-18,CUST01616,Sports,Basketball,664.69,1,0,664.69,North,PayPal,Mobile App,2,7
ORD006666,2024-08-29,CUST01459,Clothing,T-Shirt,77.73,4,0.15,264.28,West,PayPal,Phone,5,2
ORD006667,2024-07-07,CUST00056,Sports,Dumbbell,710.39,4,0,2841.56,West,Bank Transfer,Phone,1,4
ORD006668,2024-11-25,CUST00535,Books,Comic,56.6,5,0.05,268.85,Central,Debit Card,Mobile App,5,2
ORD006669,2024-09-09,CUST00161,Home,Lamp,57.39,5,0,286.95,South,PayPal,Phone,4,2
ORD006670,2024-07-28,CUST00227,Sports,Football,481.0,2,0.15,817.7,West,Mobile Money,In-Store,5,9
ORD006671,2024-05-02,CUST01709,Sports,Football,430.14,5,0.2,1720.56,West,Credit Card,Phone,5,2
ORD006672,2024-12-18,CUST00924,Books,Novel,12.27,3,0,36.81,East,Bank Transfer,In-Store,2,10
ORD006673,2024-03-22,CUST01828,Clothing,Hat,26.34,4,0.1,94.82,West,PayPal,Web,5,13
ORD006674,2024-04-16,CUST00375,Sports,Basketball,230.38,3,0,691.14,Central,Bank Transfer,In-Store,3,12
ORD006675,2024-09-18,CUST00222,Home,Toaster,243.83,1,0,243.83,West,PayPal,Phone,4,7
ORD006676,2024-04-09,CUST01040,Clothing,Jacket,78.58,1,0.2,62.86,North,Bank Transfer,Phone,5,13
ORD006677,2024-04-14,CUST01403,Sports,Basketball,145.99,1,0.05,138.69,West,PayPal,In-Store,4,4
ORD006678,2024-10-31,CUST01076,Books,Novel,10.81,2,0.05,20.54,Central,Mobile Money,Mobile App,4,3
ORD006679,2024-11-08,CUST00449,Home,Toaster,369.28,4,0,1477.12,East,Bank Transfer,Phone,5,8
ORD006680,2024-11-15,CUST00877,Books,Novel,10.32,1,0,10.32,South,PayPal,In-Store,4,4
ORD006681,2024-10-06,CUST01582,Electronics,Laptop,1375.26,4,0,5501.04,West,PayPal,Mobile App,5,3
ORD006682,2024-05-13,CUST01724,Books,Novel,43.05,4,0.1,154.98,West,PayPal,Phone,4,6
ORD006683,2024-10-23,CUST00128,Sports,Yoga Mat,45.35,2,0.15,77.09,South,Mobile Money,In-Store,3,10
ORD006684,2024-09-10,CUST00327,Books,Textbook,28.34,3,0.05,80.77,North,Debit Card,In-Store,5,10
ORD006685,2024-06-03,CUST00721,Sports,Bicycle,683.4,4,0.15,2323.56,West,Debit Card,Web,3,11
ORD006686,2024-05-06,CUST00776,Clothing,T-Shirt,107.37,5,0,536.85,Central,Debit Card,Web,4,3
ORD006687,2024-03-31,CUST00034,Sports,Basketball,469.87,4,0.05,1785.51,West,Credit Card,Web,3,4
ORD006688,2024-07-27,CUST01539,Home,Lamp,328.2,2,0,656.4,Central,PayPal,In-Store,4,10
ORD006689,2024-09-03,CUST01005,Clothing,Sneakers,88.47,4,0.05,336.19,South,Debit Card,In-Store,3,6
ORD006690,2024-07-06,CUST01558,Books,Novel,57.29,5,0,286.45,West,Bank Transfer,In-Store,3,8
ORD006691,2024-02-05,CUST00357,Clothing,Sneakers,106.17,1,0,106.17,Central,Credit Card,Phone,5,8
ORD006692,2024-05-26,CUST00380,Electronics,Headphones,180.72,5,0.1,813.24,Central,Debit Card,Phone,3,4
ORD006693,2024-03-26,CUST01348,Clothing,Jacket,79.02,1,0,79.02,East,PayPal,In-Store,4,8
ORD006694,2024-02-15,CUST00088,Electronics,Smartphone,121.99,4,0,487.96,Central,Credit Card,Phone,4,13
ORD006695,2024-11-20,CUST01308,Sports,Basketball,230.57,2,0.1,415.03,West,Mobile Money,Phone,4,6
ORD006696,2024-10-01,CUST00208,Clothing,Jeans,141.63,5,0.1,637.34,Central,Mobile Money,In-Store,3,10
ORD006697,2024-02-29,CUST01327,Sports,Football,302.79,5,0,1513.95,East,Bank Transfer,Mobile App,4,5
ORD006698,2024-09-27,CUST01723,Books,Comic,42.55,1,0,42.55,South,PayPal,Phone,4,8
ORD006699,2024-08-04,CUST01106,Electronics,Camera,76.08,1,0.2,60.86,East,Mobile Money,Mobile App,5,9
ORD006700,2024-09-12,CUST01906,Electronics,Laptop,1152.84,4,0,4611.36,West,Debit Card,Web,5,9
ORD006701,2024-02-03,CUST00629,Home,Lamp,230.99,2,0.05,438.88,North,PayPal,In-Store,4,7
ORD006702,2024-01-11,CUST00975,Home,Toaster,210.33,3,0.1,567.89,East,Debit Card,In-Store,5,1
ORD006703,2024-05-29,CUST00488,Electronics,Laptop,708.73,3,0,2126.19,East,Mobile Money,Web,4,5
ORD006704,2024-02-08,CUST01501,Electronics,Smartphone,1437.71,4,0,5750.84,East,Debit Card,Mobile App,5,9
ORD006705,2024-10-27,CUST00255,Books,Cookbook,55.95,5,0,279.75,South,Debit Card,Web,3,12
ORD006706,2024-11-30,CUST00114,Electronics,Camera,852.34,4,0,3409.36,West,PayPal,Mobile App,5,13
ORD006707,2024-03-26,CUST01353,Clothing,Sneakers,33.03,3,0,99.09,West,Mobile Money,Web,5,12
ORD006708,2024-05-22,CUST00299,Clothing,Jacket,62.78,2,0.1,113.0,East,Mobile Money,Mobile App,3,14
ORD006709,2024-03-17,CUST00507,Clothing,Jeans,136.39,3,0.05,388.71,South,Debit Card,In-Store,4,12
ORD006710,2024-12-17,CUST00370,Clothing,Jeans,98.59,1,0.2,78.87,South,Debit Card,Phone,5,6
ORD006711,2024-04-19,CUST00558,Books,Novel,32.44,3,0.1,87.59,North,Mobile Money,Mobile App,3,1
ORD006712,2024-09-20,CUST01472,Sports,Tennis Racket,645.39,1,0.15,548.58,Central,Debit Card,In-Store,5,12
ORD006713,2024-08-11,CUST00730,Clothing,Jacket,25.32,2,0.1,45.58,Central,Mobile Money,In-Store,5,3
ORD006714,2024-01-16,CUST00452,Clothing,Hat,107.44,2,0,214.88,Central,Mobile Money,In-Store,5,10
ORD006715,2024-11-08,CUST00907,Sports,Football,657.76,5,0,3288.8,West,Bank Transfer,In-Store,3,14
ORD006716,2024-10-31,CUST00560,Electronics,Tablet,1412.17,3,0,4236.51,East,Debit Card,Phone,3,4
ORD006717,2024-04-28,CUST01641,Books,Textbook,28.56,2,0,57.12,East,Bank Transfer,Mobile App,3,4
ORD006718,2024-11-19,CUST01774,Books,Guide,24.41,4,0.15,82.99,South,Mobile Money,In-Store,5,2
ORD006719,2024-07-18,CUST00234,Clothing,Hat,37.43,1,0,37.43,South,Mobile Money,In-Store,3,6
ORD006720,2024-06-29,CUST00072,Books,Guide,45.83,4,0.05,174.15,East,Mobile Money,Web,5,14
ORD006721,2024-10-03,CUST00472,Books,Novel,24.89,1,0.15,21.16,South,Debit Card,In-Store,4,7
ORD006722,2024-01-09,CUST00687,Clothing,Socks,101.48,3,0,304.44,Central,PayPal,Web,2,13
ORD006723,2024-02-09,CUST00904,Electronics,Camera,1109.0,3,0,3327.0,South,Debit Card,Web,5,11
ORD006724,2024-10-03,CUST01741,Clothing,Jeans,14.49,4,0,57.96,South,Mobile Money,Web,5,13
ORD006725,2024-11-25,CUST00472,Books,Cookbook,26.66,5,0.15,113.3,North,Mobile Money,Web,5,10
ORD006726,2024-07-27,CUST01890,Sports,Dumbbell,649.21,5,0.1,2921.44,Central,Bank Transfer,Phone,5,6
ORD006727,2024-11-15,CUST00680,Books,Cookbook,57.07,5,0,285.35,Central,Credit Card,Web,4,1
ORD006728,2024-11-28,CUST01763,Clothing,Hat,141.02,3,0.1,380.75,South,PayPal,Web,3,14
ORD006729,2024-04-07,CUST01473,Sports,Basketball,134.18,4,0,536.72,West,Bank Transfer,In-Store,2,14
ORD006730,2024-12-22,CUST01729,Sports,Bicycle,329.12,2,0,658.24,South,Credit Card,Phone,5,14
ORD006731,2024-12-19,CUST01871,Home,Chair,92.6,2,0.1,166.68,Central,Credit Card,Web,5,11
ORD006732,2024-06-22,CUST01534,Sports,Dumbbell,316.53,1,0,316.53,West,PayPal,In-Store,2,7
ORD006733,2024-07-31,CUST01899,Home,Toaster,351.86,2,0.1,633.35,Central,Mobile Money,Mobile App,5,7
ORD006734,2024-05-24,CUST00408,Sports,Football,60.39,1,0,60.39,South,Debit Card,Phone,4,1
ORD006735,2024-12-03,CUST01154,Electronics,Smartwatch,780.74,5,0,3903.7,North,Debit Card,In-Store,3,10
ORD006736,2024-04-18,CUST01084,Books,Textbook,11.47,1,0,11.47,Central,Debit Card,Web,4,13
ORD006737,2024-05-19,CUST01797,Clothing,Hat,108.48,3,0.2,260.35,South,Debit Card,Phone,4,2
ORD006738,2024-11-14,CUST00304,Books,Novel,47.02,1,0.15,39.97,Central,Bank Transfer,Mobile App,5,12
ORD006739,2024-02-19,CUST01551,Sports,Basketball,73.49,1,0,73.49,North,Credit Card,Phone,5,1
ORD006740,2024-09-03,CUST00577,Sports,Dumbbell,650.12,3,0.1,1755.32,South,Credit Card,Phone,4,11
ORD006741,2024-05-03,CUST00068,Books,Guide,27.3,4,0.15,92.82,North,Bank Transfer,In-Store,3,6
ORD006742,2024-03-09,CUST00786,Clothing,T-Shirt,93.56,3,0,280.68,East,Debit Card,Mobile App,5,8
ORD006743,2024-12-21,CUST01390,Electronics,Tablet,1338.59,4,0.2,4283.49,East,Credit Card,Phone,4,7
ORD006744,2024-08-22,CUST00763,Clothing,Jeans,41.95,2,0.2,67.12,North,Bank Transfer,In-Store,5,5
ORD006745,2024-12-06,CUST01530,Home,Toaster,100.52,4,0.2,321.66,Central,Debit Card,Phone,5,1
ORD006746,2024-12-30,CUST01508,Electronics,Headphones,168.49,5,0.05,800.33,North,Mobile Money,Mobile App,4,8
ORD006747,2024-07-09,CUST01087,Clothing,Jeans,127.7,3,0.05,363.94,South,Mobile Money,Mobile App,4,10
ORD006748,2024-04-18,CUST01259,Electronics,Headphones,1245.27,1,0.2,996.22,Central,Bank Transfer,Web,5,1
ORD006749,2024-09-23,CUST01378,Clothing,Hat,54.98,4,0.1,197.93,South,Debit Card,In-Store,2,9
ORD006750,2024-03-08,CUST00598,Books,Textbook,16.79,2,0.15,28.54,South,Debit Card,Phone,4,5
ORD006751,2024-03-13,CUST00012,Electronics,Laptop,226.34,3,0.2,543.22,East,Mobile Money,Phone,4,13
ORD006752,2024-07-25,CUST01307,Home,Blender,189.02,1,0.15,160.67,South,PayPal,Web,3,8
ORD006753,2024-10-04,CUST01264,Home,Chair,131.19,1,0,131.19,Central,Bank Transfer,Mobile App,3,12
ORD006754,2024-11-05,CUST00799,Sports,Football,214.17,1,0.05,203.46,West,Bank Transfer,Web,4,13
ORD006755,2024-05-29,CUST00708,Clothing,Sneakers,103.09,5,0.05,489.68,North,Credit Card,Phone,5,14
ORD006756,2024-03-16,CUST01960,Books,Guide,57.39,4,0,229.56,West,Bank Transfer,In-Store,3,13
ORD006757,2024-08-07,CUST01884,Sports,Dumbbell,314.88,3,0.2,755.71,West,PayPal,Web,5,3
ORD006758,2024-06-01,CUST01998,Sports,Basketball,389.04,4,0.15,1322.74,East,Bank Transfer,Mobile App,5,6
ORD006759,2024-05-30,CUST01369,Home,Table,195.11,2,0,390.22,Central,Debit Card,Web,5,1
ORD006760,2024-05-06,CUST01844,Electronics,Smartphone,761.03,4,0.1,2739.71,South,Bank Transfer,Web,4,4
ORD006761,2024-01-24,CUST00860,Books,Textbook,42.14,2,0.2,67.42,East,Debit Card,In-Store,5,3
ORD006762,2024-08-31,CUST01629,Electronics,Camera,764.13,1,0,764.13,West,Mobile Money,Mobile App,2,1
ORD006763,2024-01-20,CUST00412,Electronics,Smartphone,1096.12,1,0,1096.12,North,Mobile Money,Phone,3,10
ORD006764,2024-02-15,CUST01806,Electronics,Camera,90.52,1,0,90.52,South,Debit Card,Mobile App,5,9
ORD006765,2024-06-22,CUST00021,Sports,Yoga Mat,68.62,5,0.1,308.79,West,Debit Card,Phone,4,2
ORD006766,2024-11-01,CUST00584,Sports,Football,59.62,2,0,119.24,East,Bank Transfer,Web,4,7
ORD006767,2024-12-27,CUST00288,Books,Biography,54.08,4,0,216.32,Central,Credit Card,Phone,5,6
ORD006768,2024-06-12,CUST00513,Electronics,Headphones,554.69,2,0.05,1053.91,West,Debit Card,Phone,5,1
ORD006769,2024-06-04,CUST00296,Home,Chair,317.16,1,0.2,253.73,South,Bank Transfer,Phone,3,8
ORD006770,2024-10-17,CUST00556,Sports,Dumbbell,642.16,1,0,642.16,East,Credit Card,Phone,4,11
ORD006771,2024-05-02,CUST01055,Sports,Basketball,648.42,4,0.05,2464.0,North,Debit Card,Mobile App,4,6
ORD006772,2024-01-24,CUST00317,Home,Pillow,379.68,2,0.05,721.39,North,Debit Card,Phone,5,7
ORD006773,2024-09-12,CUST00505,Electronics,Smartphone,975.04,1,0.15,828.78,West,Debit Card,Phone,2,7
ORD006774,2024-11-07,CUST00892,Sports,Football,208.71,4,0.2,667.87,North,Mobile Money,Web,5,5
ORD006775,2024-06-20,CUST00485,Books,Guide,28.74,1,0,28.74,North,Bank Transfer,In-Store,4,10
ORD006776,2024-11-30,CUST00175,Clothing,Jacket,47.56,5,0,237.8,East,Bank Transfer,Web,4,3
ORD006777,2024-08-01,CUST00286,Sports,Dumbbell,495.42,5,0,2477.1,East,PayPal,In-Store,4,8
ORD006778,2024-06-25,CUST01961,Home,Lamp,253.69,3,0.15,646.91,North,Bank Transfer,Web,5,7
ORD006779,2024-01-07,CUST00181,Books,Novel,17.77,2,0,35.54,West,Credit Card,Phone,4,10
ORD006780,2024-07-12,CUST00662,Clothing,T-Shirt,44.35,2,0,88.7,South,Bank Transfer,Web,3,5
ORD006781,2024-05-22,CUST00767,Clothing,Jeans,34.91,4,0,139.64,Central,Credit Card,Phone,3,5
ORD006782,2024-06-17,CUST01302,Sports,Yoga Mat,344.33,1,0.2,275.46,Central,Mobile Money,Web,5,6
ORD006783,2024-11-29,CUST01291,Sports,Football,302.08,4,0,1208.32,West,Bank Transfer,In-Store,5,10
ORD006784,2024-01-15,CUST01371,Electronics,Headphones,998.05,5,0.15,4241.71,Central,Credit Card,Mobile App,5,6
ORD006785,2024-11-11,CUST00340,Books,Novel,26.61,2,0.15,45.24,South,PayPal,Phone,5,2
ORD006786,2024-06-27,CUST01671,Home,Blender,34.8,4,0.05,132.24,East,Credit Card,Web,4,13
ORD006787,2024-08-18,CUST01881,Electronics,Smartphone,1270.84,5,0.15,5401.07,West,PayPal,Phone,5,1
ORD006788,2024-07-25,CUST00143,Home,Pillow,229.36,1,0,229.36,South,PayPal,Phone,3,7
ORD006789,2024-02-02,CUST00762,Clothing,Jacket,67.71,5,0,338.55,North,Mobile Money,Mobile App,2,9
ORD006790,2024-05-20,CUST00312,Electronics,Smartphone,603.89,1,0.2,483.11,Central,PayPal,Phone,4,5
ORD006791,2024-04-17,CUST01081,Books,Cookbook,31.77,3,0,95.31,North,Bank Transfer,In-Store,4,13
ORD006792,2024-07-11,CUST00690,Sports,Football,520.26,3,0.15,1326.66,Central,Credit Card,Web,4,12
ORD006793,2024-02-17,CUST00547,Clothing,Sneakers,143.64,2,0.1,258.55,North,Credit Card,Mobile App,4,2
ORD006794,2024-09-14,CUST01031,Clothing,Hat,15.69,3,0.1,42.36,East,Credit Card,Mobile App,5,7
ORD006795,2024-04-23,CUST00618,Clothing,Sneakers,98.22,2,0,196.44,Central,PayPal,Phone,5,1
ORD006796,2024-11-15,CUST01833,Books,Cookbook,8.79,5,0,43.95,South,Credit Card,Mobile App,3,9
ORD006797,2024-03-03,CUST00638,Home,Chair,66.56,5,0,332.8,South,Debit Card,Web,5,2
ORD006798,2024-08-19,CUST01785,Home,Table,201.01,5,0.15,854.29,North,PayPal,Mobile App,5,2
ORD006799,2024-04-27,CUST01786,Clothing,T-Shirt,63.03,1,0,63.03,East,Debit Card,Mobile App,4,9
ORD006800,2024-11-01,CUST01155,Home,Table,339.06,1,0,339.06,South,Bank Transfer,Phone,4,12
ORD006801,2024-08-12,CUST01840,Sports,Tennis Racket,230.87,1,0,230.87,North,PayPal,Phone,3,7
ORD006802,2024-10-26,CUST01707,Home,Chair,185.11,1,0,185.11,North,Bank Transfer,Phone,3,1
ORD006803,2024-03-16,CUST00303,Books,Guide,50.95,5,0,254.75,East,Credit Card,Web,5,2
ORD006804,2024-07-31,CUST00071,Books,Textbook,51.35,1,0,51.35,West,Debit Card,Mobile App,4,9
ORD006805,2024-11-26,CUST00066,Electronics,Smartwatch,722.43,3,0.15,1842.2,West,Mobile Money,Mobile App,5,2
ORD006806,2024-08-02,CUST00718,Sports,Tennis Racket,504.32,1,0.05,479.1,North,PayPal,Phone,5,6
ORD006807,2024-03-17,CUST01822,Home,Chair,122.63,1,0,122.63,West,Credit Card,Phone,4,2
ORD006808,2024-04-29,CUST01752,Books,Textbook,49.04,4,0,196.16,Central,PayPal,In-Store,4,4
ORD006809,2024-02-07,CUST01210,Electronics,Camera,959.75,4,0,3839.0,Central,Credit Card,In-Store,4,13
ORD006810,2024-10-22,CUST01904,Clothing,Socks,131.65,5,0,658.25,South,Credit Card,Web,3,5
ORD006811,2024-07-30,CUST01130,Home,Toaster,70.74,5,0,353.7,Central,Mobile Money,Phone,5,11
ORD006812,2024-10-01,CUST00075,Electronics,Headphones,1242.19,1,0,1242.19,North,Credit Card,Web,4,14
ORD006813,2024-08-14,CUST01431,Sports,Basketball,66.7,4,0,266.8,West,Mobile Money,In-Store,4,6
ORD006814,2024-03-25,CUST00391,Books,Novel,38.46,3,0.05,109.61,East,Credit Card,Mobile App,4,9
ORD006815,2024-12-13,CUST01350,Books,Comic,8.95,4,0.05,34.01,South,Mobile Money,Mobile App,5,13
ORD006816,2024-01-15,CUST00392,Books,Textbook,23.95,5,0.2,95.8,East,Bank Transfer,Mobile App,5,2
ORD006817,2024-01-24,CUST01226,Clothing,T-Shirt,107.7,1,0.15,91.54,Central,Credit Card,Mobile App,2,10
ORD006818,2024-08-09,CUST01402,Sports,Tennis Racket,161.76,3,0.1,436.75,North,Credit Card,Web,2,4
ORD006819,2024-12-18,CUST01831,Home,Toaster,25.11,4,0.2,80.35,Central,Credit Card,Mobile App,3,1
ORD006820,2024-09-18,CUST00738,Home,Pillow,146.46,5,0,732.3,Central,Mobile Money,Mobile App,4,9
ORD006821,2024-07-19,CUST00233,Home,Table,111.2,3,0.2,266.88,Central,Mobile Money,Phone,5,3
ORD006822,2024-08-15,CUST00403,Clothing,Socks,105.09,1,0,105.09,West,PayPal,Phone,3,13
ORD006823,2024-10-02,CUST01454,Electronics,Smartwatch,151.16,1,0.15,128.49,North,Mobile Money,Phone,5,9
ORD006824,2024-07-29,CUST01419,Clothing,Jeans,117.93,5,0,589.65,East,Mobile Money,In-Store,2,13
ORD006825,2024-02-01,CUST01913,Home,Table,187.56,2,0,375.12,South,Mobile Money,Phone,5,9
ORD006826,2024-06-12,CUST00146,Sports,Bicycle,365.88,2,0.05,695.17,East,Bank Transfer,Web,4,3
ORD006827,2024-07-26,CUST01602,Home,Table,65.6,1,0.15,55.76,Central,Mobile Money,In-Store,4,5
ORD006828,2024-11-27,CUST01917,Books,Comic,5.53,3,0.1,14.93,West,Bank Transfer,In-Store,4,10
ORD006829,2024-06-18,CUST00347,Clothing,Sneakers,122.31,3,0,366.93,Central,Debit Card,Mobile App,5,5
ORD006830,2024-10-25,CUST01477,Electronics,Smartphone,323.07,5,0.15,1373.05,North,Debit Card,Mobile App,5,12
ORD006831,2024-06-09,CUST00220,Sports,Yoga Mat,171.76,4,0,687.04,North,Debit Card,Mobile App,5,10
ORD006832,2024-12-19,CUST00127,Home,Lamp,133.81,2,0.15,227.48,Central,PayPal,Web,5,2
ORD006833,2024-11-20,CUST01162,Books,Biography,50.41,3,0.1,136.11,South,Bank Transfer,Mobile App,5,3
ORD006834,2024-01-04,CUST00874,Home,Toaster,157.49,1,0,157.49,West,Credit Card,Mobile App,4,5
ORD006835,2024-11-07,CUST00612,Sports,Football,77.15,4,0.1,277.74,West,Bank Transfer,Phone,3,8
ORD006836,2024-07-18,CUST00428,Books,Textbook,38.44,4,0,153.76,North,Mobile Money,Mobile App,4,2
ORD006837,2024-12-13,CUST00991,Books,Cookbook,14.66,5,0.15,62.31,Central,Credit Card,Web,5,7
ORD006838,2024-03-31,CUST01945,Sports,Bicycle,217.29,4,0,869.16,South,PayPal,In-Store,4,11
ORD006839,2024-08-23,CUST00179,Books,Biography,15.49,3,0.1,41.82,North,Debit Card,In-Store,3,5
ORD006840,2024-05-20,CUST01625,Sports,Basketball,264.53,4,0.05,1005.21,East,PayPal,Mobile App,3,2
ORD006841,2024-07-10,CUST00160,Clothing,Jeans,137.26,1,0.2,109.81,South,Mobile Money,Mobile App,5,4
ORD006842,2024-01-18,CUST00882,Clothing,Socks,111.48,5,0.15,473.79,North,Bank Transfer,In-Store,5,7
ORD006843,2024-09-27,CUST01685,Books,Comic,6.84,2,0,13.68,North,Credit Card,Phone,5,10
ORD006844,2024-01-12,CUST00521,Sports,Tennis Racket,396.92,4,0.1,1428.91,Central,Credit Card,In-Store,4,12
ORD006845,2024-07-02,CUST00333,Clothing,Sneakers,73.23,1,0,73.23,West,PayPal,Web,5,8
ORD006846,2024-01-19,CUST01640,Clothing,Sneakers,21.59,2,0,43.18,West,Debit Card,Mobile App,3,14
ORD006847,2024-11-24,CUST01509,Clothing,Jeans,64.22,5,0,321.1,Central,Mobile Money,Web,5,13
ORD006848,2024-08-03,CUST01635,Electronics,Laptop,357.59,4,0,1430.36,Central,Mobile Money,Phone,4,2
ORD006849,2024-10-31,CUST00138,Sports,Dumbbell,480.08,4,0.2,1536.26,West,Debit Card,Phone,5,7
ORD006850,2024-10-06,CUST01360,Books,Novel,46.67,1,0.05,44.34,East,Bank Transfer,Phone,3,1
ORD006851,2024-03-11,CUST01368,Electronics,Headphones,362.05,2,0,724.1,South,Credit Card,In-Store,4,2
ORD006852,2024-07-25,CUST00940,Sports,Dumbbell,713.89,1,0.1,642.5,South,Credit Card,Phone,5,8
ORD006853,2024-10-10,CUST00296,Clothing,Jacket,144.91,5,0,724.55,West,Mobile Money,Phone,5,12
ORD006854,2024-06-14,CUST00714,Electronics,Headphones,775.32,3,0,2325.96,North,Debit Card,Web,3,7
ORD006855,2024-08-31,CUST00963,Electronics,Smartphone,1117.75,5,0.2,4471.0,North,Credit Card,In-Store,5,5
ORD006856,2024-09-04,CUST01436,Sports,Bicycle,684.18,5,0.05,3249.86,East,Bank Transfer,Mobile App,2,13
ORD006857,2024-07-02,CUST00479,Books,Cookbook,48.89,2,0.15,83.11,South,Bank Transfer,Web,5,10
ORD006858,2024-09-13,CUST01678,Books,Guide,41.6,2,0.05,79.04,East,Debit Card,Web,4,6
ORD006859,2024-07-19,CUST00015,Electronics,Laptop,1369.01,2,0.15,2327.32,Central,Credit Card,Mobile App,3,9
ORD006860,2024-06-28,CUST01161,Clothing,Sneakers,78.2,4,0.15,265.88,Central,Debit Card,Phone,4,7
ORD006861,2024-06-06,CUST00332,Books,Textbook,56.58,2,0.05,107.5,West,Mobile Money,Phone,5,8
ORD006862,2024-04-13,CUST00281,Clothing,T-Shirt,22.18,2,0.2,35.49,West,Bank Transfer,In-Store,4,4
ORD006863,2024-12-24,CUST01532,Home,Lamp,399.15,4,0,1596.6,West,Debit Card,Phone,5,7
ORD006864,2024-08-10,CUST00646,Books,Comic,31.45,3,0.1,84.91,West,PayPal,Web,1,4
ORD006865,2024-01-23,CUST01256,Electronics,Camera,83.82,4,0.05,318.52,West,Debit Card,In-Store,5,6
ORD006866,2024-07-29,CUST01213,Electronics,Smartphone,1473.39,3,0.2,3536.14,North,Credit Card,In-Store,2,13
ORD006867,2024-08-07,CUST01773,Sports,Football,333.76,1,0,333.76,Central,PayPal,Web,4,4
ORD006868,2024-03-28,CUST00973,Books,Textbook,42.52,2,0.05,80.79,East,Credit Card,In-Store,5,12
ORD006869,2024-08-02,CUST00325,Home,Chair,74.3,2,0.15,126.31,West,Bank Transfer,In-Store,2,7
ORD006870,2024-09-21,CUST00926,Clothing,Jacket,130.04,4,0.15,442.14,East,Bank Transfer,In-Store,4,12
ORD006871,2024-03-14,CUST00038,Home,Toaster,201.08,1,0.2,160.86,West,Credit Card,Web,4,12
ORD006872,2024-08-18,CUST00218,Home,Blender,132.71,1,0.05,126.07,East,Bank Transfer,Phone,5,8
ORD006873,2024-01-12,CUST01015,Sports,Yoga Mat,545.23,3,0.15,1390.34,East,Credit Card,In-Store,5,13
ORD006874,2024-05-12,CUST00771,Home,Lamp,189.72,4,0.05,720.94,South,Bank Transfer,Mobile App,3,2
ORD006875,2024-06-08,CUST00565,Home,Toaster,322.14,5,0.05,1530.17,North,PayPal,Mobile App,3,7
ORD006876,2024-02-08,CUST01729,Home,Table,301.6,1,0.1,271.44,West,Credit Card,Web,5,11
ORD006877,2024-06-18,CUST00865,Clothing,Socks,29.32,4,0.15,99.69,West,Bank Transfer,Mobile App,5,7
ORD006878,2024-02-19,CUST01614,Books,Textbook,21.63,3,0.15,55.16,Central,Credit Card,In-Store,5,9
ORD006879,2024-11-28,CUST00783,Electronics,Smartwatch,935.0,4,0,3740.0,North,PayPal,Phone,5,10
ORD006880,2024-02-09,CUST00456,Clothing,Socks,144.62,1,0.15,122.93,West,Bank Transfer,Phone,5,13
ORD006881,2024-03-29,CUST00970,Home,Blender,120.98,1,0,120.98,West,Mobile Money,Web,5,11
ORD006882,2024-02-06,CUST01157,Home,Table,133.7,4,0.2,427.84,East,Credit Card,Mobile App,5,10
ORD006883,2024-07-27,CUST01500,Electronics,Tablet,103.29,1,0.1,92.96,Central,Debit Card,In-Store,2,12
ORD006884,2024-08-27,CUST00447,Home,Pillow,200.42,3,0,601.26,North,Bank Transfer,Web,1,12
ORD006885,2024-12-01,CUST00687,Clothing,Socks,18.94,3,0.2,45.46,South,PayPal,Mobile App,5,11
ORD006886,2024-08-05,CUST01428,Clothing,Socks,147.47,1,0,147.47,South,Credit Card,Phone,4,9
ORD006887,2024-11-10,CUST00312,Home,Blender,173.78,1,0.2,139.02,Central,Bank Transfer,In-Store,2,13
ORD006888,2024-03-01,CUST00060,Home,Lamp,41.9,1,0.15,35.62,North,PayPal,Web,5,3
ORD006889,2024-05-10,CUST00950,Books,Novel,52.38,3,0,157.14,West,Credit Card,In-Store,5,2
ORD006890,2024-09-23,CUST00833,Electronics,Tablet,1380.22,2,0.2,2208.35,East,Mobile Money,Web,5,13
ORD006891,2024-12-21,CUST00780,Sports,Football,572.11,3,0.1,1544.7,North,PayPal,Web,3,12
ORD006892,2024-02-18,CUST00996,Sports,Yoga Mat,668.4,4,0,2673.6,South,Bank Transfer,Web,5,2
ORD006893,2024-10-12,CUST01937,Clothing,Jeans,39.24,3,0,117.72,South,Mobile Money,Phone,4,9
ORD006894,2024-10-05,CUST01972,Electronics,Smartphone,932.08,3,0,2796.24,Central,Bank Transfer,Phone,3,6
ORD006895,2024-01-30,CUST00286,Clothing,Sneakers,58.53,4,0,234.12,Central,PayPal,In-Store,3,14
ORD006896,2024-10-04,CUST00191,Clothing,Jeans,97.04,1,0.15,82.48,West,Credit Card,Phone,3,3
ORD006897,2024-11-22,CUST00399,Sports,Bicycle,212.0,3,0.15,540.6,West,Credit Card,In-Store,5,13
ORD006898,2024-09-10,CUST01301,Electronics,Laptop,1358.91,1,0,1358.91,Central,Debit Card,Web,3,13
ORD006899,2024-07-16,CUST01421,Clothing,T-Shirt,96.74,5,0.1,435.33,West,Mobile Money,In-Store,1,8
ORD006900,2024-03-11,CUST00386,Electronics,Tablet,575.06,3,0.05,1638.92,Central,PayPal,Phone,5,7
ORD006901,2024-05-24,CUST00936,Home,Blender,341.27,5,0,1706.35,Central,PayPal,Web,5,10
ORD006902,2024-01-15,CUST01222,Home,Lamp,246.9,5,0.2,987.6,Central,Credit Card,In-Store,5,7
ORD006903,2024-07-26,CUST00275,Electronics,Smartphone,1241.07,4,0.2,3971.42,East,Credit Card,Web,5,4
ORD006904,2024-08-27,CUST00490,Electronics,Tablet,1286.48,1,0.1,1157.83,South,Credit Card,Mobile App,5,5
ORD006905,2024-11-15,CUST01134,Books,Biography,55.86,4,0.15,189.92,Central,Mobile Money,Web,5,7
ORD006906,2024-12-04,CUST00016,Home,Lamp,36.8,1,0.1,33.12,West,Debit Card,Phone,5,8
ORD006907,2024-06-28,CUST01729,Clothing,Jeans,49.73,5,0,248.65,West,Credit Card,Mobile App,2,5
ORD006908,2024-02-09,CUST00109,Clothing,Jacket,121.02,1,0.05,114.97,South,PayPal,Phone,4,11
ORD006909,2024-04-22,CUST01327,Electronics,Tablet,1329.64,2,0.15,2260.39,East,Bank Transfer,In-Store,5,4
ORD006910,2024-04-16,CUST01144,Books,Comic,31.99,1,0.05,30.39,East,Debit Card,Mobile App,4,9
ORD006911,2024-12-16,CUST00477,Books,Guide,16.28,5,0.15,69.19,East,Credit Card,Web,5,13
ORD006912,2024-02-21,CUST00725,Home,Chair,152.08,3,0.2,364.99,North,Mobile Money,In-Store,5,4
ORD006913,2024-07-25,CUST00758,Clothing,T-Shirt,58.34,1,0.2,46.67,North,PayPal,Mobile App,5,7
ORD006914,2024-05-06,CUST00508,Sports,Basketball,375.75,3,0.05,1070.89,North,Credit Card,Mobile App,5,11
ORD006915,2024-08-30,CUST00753,Clothing,Jacket,130.59,1,0,130.59,East,Debit Card,Phone,4,8
ORD006916,2024-02-03,CUST00271,Clothing,T-Shirt,109.08,3,0,327.24,North,Bank Transfer,Mobile App,2,14
ORD006917,2024-01-04,CUST01015,Books,Guide,38.08,2,0.05,72.35,North,Mobile Money,Mobile App,4,14
ORD006918,2024-02-17,CUST00493,Sports,Tennis Racket,309.27,1,0,309.27,Central,Bank Transfer,Phone,1,13
ORD006919,2024-06-19,CUST00206,Sports,Tennis Racket,751.97,4,0,3007.88,South,Debit Card,Web,4,11
ORD006920,2024-06-09,CUST01943,Books,Comic,25.84,4,0,103.36,West,Credit Card,Phone,3,5
ORD006921,2024-07-05,CUST00059,Clothing,Jeans,61.4,2,0.1,110.52,South,Credit Card,Mobile App,2,2
ORD006922,2024-04-08,CUST00162,Sports,Football,253.93,2,0.15,431.68,East,PayPal,In-Store,5,1
ORD006923,2024-06-24,CUST00515,Clothing,Jeans,76.76,3,0,230.28,South,Debit Card,In-Store,3,6
ORD006924,2024-11-15,CUST01291,Sports,Basketball,699.83,4,0,2799.32,North,Mobile Money,In-Store,3,5
ORD006925,2024-03-24,CUST01372,Electronics,Camera,203.03,5,0.05,964.39,West,Bank Transfer,Mobile App,4,3
ORD006926,2024-03-25,CUST01515,Sports,Yoga Mat,272.04,5,0,1360.2,North,Mobile Money,Phone,5,13
ORD006927,2024-10-23,CUST01861,Electronics,Tablet,1059.85,1,0.15,900.87,South,Mobile Money,Phone,5,1
ORD006928,2024-02-14,CUST00542,Electronics,Headphones,260.03,3,0.15,663.08,West,PayPal,In-Store,5,13
ORD006929,2024-05-07,CUST01996,Electronics,Laptop,137.61,3,0.15,350.91,South,Debit Card,Mobile App,5,12
ORD006930,2024-03-20,CUST00609,Books,Comic,37.07,2,0,74.14,East,PayPal,Web,4,4
ORD006931,2024-08-05,CUST01963,Sports,Tennis Racket,720.5,3,0.05,2053.42,Central,Bank Transfer,In-Store,4,3
ORD006932,2024-08-30,CUST00607,Clothing,Jeans,128.79,2,0.15,218.94,South,Debit Card,Phone,5,13
ORD006933,2024-05-03,CUST00250,Books,Novel,25.92,5,0,129.6,East,PayPal,In-Store,5,12
ORD006934,2024-04-27,CUST00744,Books,Textbook,26.44,3,0,79.32,East,PayPal,In-Store,4,10
ORD006935,2024-02-01,CUST00549,Sports,Football,592.62,5,0.1,2666.79,West,Mobile Money,In-Store,3,5
ORD006936,2024-04-18,CUST01555,Sports,Tennis Racket,292.55,5,0,1462.75,North,Credit Card,Web,5,4
ORD006937,2024-02-11,CUST00215,Electronics,Smartwatch,1239.37,2,0.15,2106.93,West,Credit Card,Phone,5,7
ORD006938,2024-04-15,CUST00205,Clothing,Jacket,142.39,5,0.05,676.35,North,Debit Card,Mobile App,5,4
ORD006939,2024-09-13,CUST00114,Electronics,Smartphone,683.75,2,0.15,1162.38,West,PayPal,Phone,3,2
ORD006940,2024-05-20,CUST01787,Electronics,Tablet,420.86,3,0,1262.58,Central,Credit Card,Web,5,9
ORD006941,2024-02-09,CUST00428,Books,Biography,27.58,5,0.15,117.22,Central,Debit Card,Phone,4,3
ORD006942,2024-07-16,CUST00880,Clothing,Jeans,117.88,5,0,589.4,Central,PayPal,In-Store,3,10
ORD006943,2024-03-14,CUST00616,Home,Blender,371.79,5,0.2,1487.16,Central,Bank Transfer,In-Store,2,1
ORD006944,2024-02-14,CUST01355,Books,Textbook,13.27,4,0.1,47.77,Central,Credit Card,Phone,4,8
ORD006945,2024-04-17,CUST00082,Clothing,Sneakers,94.84,3,0,284.52,Central,Bank Transfer,Phone,5,7
ORD006946,2024-01-18,CUST00143,Clothing,Sneakers,147.79,2,0,295.58,South,Credit Card,Web,4,14
ORD006947,2024-09-19,CUST00299,Sports,Yoga Mat,55.68,3,0.1,150.34,West,Debit Card,In-Store,3,9
ORD006948,2024-09-20,CUST01035,Home,Toaster,252.55,1,0.05,239.92,West,Bank Transfer,Phone,5,4
ORD006949,2024-07-21,CUST01421,Home,Lamp,399.35,2,0.1,718.83,West,Mobile Money,Phone,5,1
ORD006950,2024-10-16,CUST01920,Clothing,Sneakers,134.51,2,0.05,255.57,West,Debit Card,Web,5,4
ORD006951,2024-10-22,CUST00828,Books,Biography,53.45,5,0.1,240.52,East,Credit Card,Web,3,3
ORD006952,2024-04-10,CUST00557,Clothing,Jacket,77.64,2,0,155.28,Central,Mobile Money,Web,4,9
ORD006953,2024-03-13,CUST01385,Clothing,Jacket,16.82,2,0.05,31.96,South,Mobile Money,In-Store,4,5
ORD006954,2024-09-07,CUST01298,Electronics,Tablet,831.25,4,0.2,2660.0,East,PayPal,In-Store,5,2
ORD006955,2024-01-03,CUST01685,Sports,Tennis Racket,197.39,5,0.2,789.56,Central,Bank Transfer,Web,5,10
ORD006956,2024-05-25,CUST01079,Clothing,Jeans,12.76,5,0.05,60.61,North,Mobile Money,In-Store,3,14
ORD006957,2024-02-03,CUST01565,Home,Chair,328.67,2,0.1,591.61,East,PayPal,Mobile App,4,6
ORD006958,2024-10-05,CUST01629,Electronics,Laptop,1150.77,2,0,2301.54,West,Debit Card,Phone,4,14
ORD006959,2024-08-30,CUST00408,Books,Novel,41.42,4,0.1,149.11,South,Debit Card,Web,2,14
ORD006960,2024-01-21,CUST01776,Home,Toaster,312.65,4,0,1250.6,Central,Debit Card,In-Store,3,9
ORD006961,2024-07-15,CUST01032,Books,Biography,58.78,2,0.15,99.93,Central,Bank Transfer,Mobile App,2,4
ORD006962,2024-06-11,CUST01919,Books,Textbook,45.47,1,0.05,43.2,North,Bank Transfer,In-Store,1,12
ORD006963,2024-01-07,CUST00799,Books,Novel,34.39,5,0.1,154.75,Central,PayPal,Web,4,14
ORD006964,2024-10-16,CUST00411,Clothing,T-Shirt,91.96,3,0,275.88,North,Mobile Money,In-Store,4,7
ORD006965,2024-07-12,CUST01716,Sports,Bicycle,323.46,2,0.1,582.23,North,Credit Card,Phone,3,9
ORD006966,2024-11-13,CUST00870,Electronics,Smartphone,704.63,5,0,3523.15,East,PayPal,Mobile App,2,4
ORD006967,2024-01-18,CUST00207,Sports,Football,339.27,2,0.05,644.61,East,Credit Card,In-Store,3,7
ORD006968,2024-12-11,CUST00823,Clothing,Jeans,43.16,2,0.1,77.69,West,Debit Card,Web,3,1
ORD006969,2024-09-08,CUST01514,Clothing,Sneakers,29.67,3,0.15,75.66,Central,PayPal,Web,5,12
ORD006970,2024-09-07,CUST00752,Sports,Yoga Mat,779.34,2,0,1558.68,South,Bank Transfer,Web,3,11
ORD006971,2024-01-11,CUST01861,Electronics,Smartphone,558.53,2,0.15,949.5,West,Credit Card,Mobile App,5,10
ORD006972,2024-01-02,CUST00422,Clothing,Socks,31.74,2,0.2,50.78,North,Mobile Money,Mobile App,5,11
ORD006973,2024-05-13,CUST01243,Books,Novel,51.23,4,0.2,163.94,East,Mobile Money,Web,3,3
ORD006974,2024-12-05,CUST01730,Home,Pillow,325.11,5,0.1,1462.99,South,Debit Card,Mobile App,4,13
ORD006975,2024-04-11,CUST01461,Electronics,Camera,661.49,1,0.2,529.19,Central,Bank Transfer,Mobile App,3,11
ORD006976,2024-05-29,CUST01759,Home,Blender,107.61,1,0,107.61,South,Credit Card,In-Store,5,4
ORD006977,2024-03-23,CUST00846,Electronics,Smartwatch,1218.84,3,0,3656.52,North,Mobile Money,Phone,4,9
ORD006978,2024-05-07,CUST00449,Electronics,Smartphone,1248.54,5,0.1,5618.43,East,PayPal,In-Store,3,3
ORD006979,2024-09-01,CUST01059,Clothing,Socks,38.78,1,0.15,32.96,North,Mobile Money,Mobile App,5,13
ORD006980,2024-07-31,CUST00885,Electronics,Camera,447.69,2,0.05,850.61,East,Mobile Money,Web,4,8
ORD006981,2024-07-28,CUST00642,Books,Textbook,8.72,3,0,26.16,North,Debit Card,Web,3,5
ORD006982,2024-03-02,CUST00540,Clothing,T-Shirt,136.96,4,0.15,465.66,North,Credit Card,Phone,3,5
ORD006983,2024-01-13,CUST00522,Home,Table,380.75,2,0,761.5,North,Debit Card,In-Store,4,5
ORD006984,2024-07-27,CUST01604,Home,Lamp,159.5,5,0,797.5,West,Credit Card,Mobile App,3,4
ORD006985,2024-04-30,CUST00375,Sports,Bicycle,387.35,5,0.2,1549.4,South,Debit Card,Mobile App,5,12
ORD006986,2024-10-09,CUST00760,Books,Biography,29.17,1,0.1,26.25,South,PayPal,Mobile App,4,6
ORD006987,2024-12-28,CUST01093,Electronics,Headphones,137.01,2,0.2,219.22,North,Debit Card,Web,4,6
ORD006988,2024-10-22,CUST01764,Home,Table,398.58,3,0.1,1076.17,North,Bank Transfer,Phone,4,2
ORD006989,2024-10-11,CUST00055,Clothing,T-Shirt,116.33,4,0,465.32,East,Credit Card,Web,4,12
ORD006990,2024-01-26,CUST01431,Clothing,T-Shirt,102.48,4,0,409.92,North,Mobile Money,Web,4,1
ORD006991,2024-05-16,CUST01762,Clothing,Socks,90.01,4,0.05,342.04,Central,Mobile Money,Phone,5,9
ORD006992,2024-08-11,CUST01479,Electronics,Smartphone,462.06,2,0,924.12,Central,Debit Card,In-Store,5,9
ORD006993,2024-01-16,CUST00901,Clothing,Jacket,60.86,3,0.1,164.32,East,Mobile Money,Web,4,8
ORD006994,2024-09-24,CUST00771,Books,Novel,22.59,4,0,90.36,East,Debit Card,Mobile App,4,3
ORD006995,2024-09-30,CUST00207,Home,Blender,241.09,2,0,482.18,East,Bank Transfer,Phone,5,1
ORD006996,2024-04-13,CUST00107,Sports,Tennis Racket,173.53,2,0.05,329.71,Central,Debit Card,Phone,3,3
ORD006997,2024-02-27,CUST00712,Electronics,Tablet,792.99,3,0,2378.97,South,Credit Card,Phone,5,13
ORD006998,2024-09-24,CUST01998,Clothing,Hat,25.44,1,0.15,21.62,West,Debit Card,Mobile App,5,12
ORD006999,2024-12-03,CUST01141,Clothing,Jacket,120.48,1,0,120.48,Central,Bank Transfer,Phone,3,13
ORD007000,2024-07-17,CUST01593,Books,Textbook,38.8,2,0,77.6,South,Bank Transfer,Web,4,9
ORD007001,2024-01-20,CUST01624,Sports,Yoga Mat,522.62,5,0,2613.1,East,Debit Card,Web,4,10
ORD007002,2024-04-18,CUST01268,Electronics,Camera,846.01,4,0.15,2876.43,Central,Mobile Money,Phone,4,6
ORD007003,2024-12-20,CUST01893,Sports,Tennis Racket,389.53,1,0,389.53,South,Debit Card,Phone,5,1
ORD007004,2024-08-21,CUST01657,Sports,Bicycle,687.82,3,0.05,1960.29,South,Credit Card,Web,5,12
ORD007005,2024-09-25,CUST01221,Home,Pillow,105.22,5,0.2,420.88,North,Bank Transfer,Phone,5,5
ORD007006,2024-10-05,CUST00210,Clothing,Jacket,137.84,2,0.2,220.54,Central,Mobile Money,Phone,4,7
ORD007007,2024-11-29,CUST01495,Books,Guide,9.35,5,0,46.75,North,Credit Card,In-Store,5,4
ORD007008,2024-01-29,CUST00397,Electronics,Smartwatch,206.15,4,0.15,700.91,West,Mobile Money,Mobile App,5,1
ORD007009,2024-03-05,CUST01822,Books,Guide,49.19,2,0.05,93.46,East,Mobile Money,Web,3,14
ORD007010,2024-05-13,CUST00929,Sports,Tennis Racket,764.85,4,0.05,2906.43,North,Mobile Money,Mobile App,4,4
ORD007011,2024-08-10,CUST01381,Sports,Basketball,717.5,3,0,2152.5,East,PayPal,Phone,4,6
ORD007012,2024-02-26,CUST01747,Books,Biography,53.97,5,0,269.85,North,Credit Card,In-Store,3,7
ORD007013,2024-12-06,CUST00988,Home,Pillow,136.86,2,0,273.72,East,Debit Card,Mobile App,3,9
ORD007014,2024-01-05,CUST01852,Books,Textbook,53.75,4,0.2,172.0,East,Bank Transfer,Mobile App,5,4
ORD007015,2024-03-26,CUST00614,Home,Toaster,266.57,2,0,533.14,East,Bank Transfer,Mobile App,3,4
ORD007016,2024-08-29,CUST00813,Clothing,Hat,92.56,1,0.15,78.68,South,Mobile Money,Web,3,12
ORD007017,2024-05-04,CUST01197,Electronics,Smartwatch,675.2,5,0.2,2700.8,East,PayPal,Mobile App,5,5
ORD007018,2024-10-13,CUST01657,Home,Blender,282.66,1,0,282.66,South,Bank Transfer,In-Store,3,13
ORD007019,2024-01-04,CUST01257,Electronics,Tablet,851.38,5,0.05,4044.06,North,Bank Transfer,Mobile App,3,13
ORD007020,2024-04-29,CUST00670,Electronics,Smartwatch,995.19,2,0,1990.38,North,Bank Transfer,In-Store,5,1
ORD007021,2024-05-06,CUST00053,Sports,Dumbbell,771.83,2,0.2,1234.93,East,Bank Transfer,Mobile App,4,14
ORD007022,2024-04-10,CUST01392,Sports,Bicycle,500.09,2,0,1000.18,Central,Mobile Money,Mobile App,3,11
ORD007023,2024-10-08,CUST01289,Clothing,Jacket,114.35,1,0,114.35,Central,Bank Transfer,In-Store,3,10
ORD007024,2024-01-07,CUST01260,Sports,Football,240.84,5,0.1,1083.78,East,Credit Card,In-Store,3,6
ORD007025,2024-04-03,CUST00108,Books,Biography,20.08,3,0,60.24,North,Mobile Money,Mobile App,4,7
ORD007026,2024-01-31,CUST00288,Home,Blender,29.69,5,0.05,141.03,Central,Credit Card,In-Store,3,11
ORD007027,2024-05-29,CUST00554,Sports,Tennis Racket,104.83,2,0.1,188.69,West,Mobile Money,Mobile App,5,4
ORD007028,2024-09-18,CUST00521,Books,Biography,47.47,5,0,237.35,West,Credit Card,Web,1,4
ORD007029,2024-01-06,CUST01213,Electronics,Smartphone,1485.69,4,0.2,4754.21,North,Bank Transfer,Web,5,12
ORD007030,2024-06-18,CUST01834,Books,Cookbook,36.08,1,0.2,28.86,West,Debit Card,Web,5,1
ORD007031,2024-02-05,CUST01949,Sports,Football,590.72,4,0.15,2008.45,West,Debit Card,Mobile App,5,6
ORD007032,2024-01-05,CUST00263,Home,Blender,215.33,1,0.1,193.8,South,Credit Card,Web,3,4
ORD007033,2024-07-26,CUST00062,Sports,Tennis Racket,352.72,1,0.1,317.45,West,Credit Card,In-Store,4,2
ORD007034,2024-05-09,CUST00842,Sports,Yoga Mat,787.59,4,0,3150.36,Central,PayPal,In-Store,2,6
ORD007035,2024-02-07,CUST01991,Clothing,Socks,64.6,5,0.15,274.55,East,Debit Card,In-Store,5,1
ORD007036,2024-04-03,CUST01312,Home,Chair,128.15,3,0.1,346.0,South,Credit Card,Web,5,13
ORD007037,2024-04-28,CUST00832,Electronics,Headphones,1101.48,5,0.2,4405.92,East,Credit Card,Mobile App,4,10
ORD007038,2024-08-20,CUST01748,Electronics,Headphones,1448.07,2,0.05,2751.33,East,Debit Card,Mobile App,5,10
ORD007039,2024-10-16,CUST01785,Books,Textbook,22.43,5,0.1,100.93,Central,Credit Card,Mobile App,2,8
ORD007040,2024-04-30,CUST01760,Electronics,Tablet,319.72,2,0.05,607.47,South,Debit Card,Phone,4,4
ORD007041,2024-07-13,CUST00395,Sports,Dumbbell,107.09,4,0,428.36,Central,Debit Card,In-Store,4,9
ORD007042,2024-07-02,CUST01319,Electronics,Headphones,785.01,1,0.2,628.01,East,Credit Card,Mobile App,4,6
ORD007043,2024-04-01,CUST00239,Books,Guide,34.44,3,0,103.32,South,PayPal,Phone,2,10
ORD007044,2024-01-12,CUST00938,Books,Novel,22.05,3,0,66.15,Central,Bank Transfer,Phone,2,10
ORD007045,2024-03-24,CUST01963,Sports,Yoga Mat,192.06,3,0,576.18,Central,Credit Card,Web,4,1
ORD007046,2024-07-26,CUST01695,Books,Comic,28.92,3,0,86.76,South,Credit Card,Mobile App,4,11
ORD007047,2024-06-26,CUST00387,Electronics,Laptop,664.12,4,0.2,2125.18,South,Credit Card,In-Store,5,3
ORD007048,2024-08-26,CUST00020,Electronics,Camera,469.12,2,0,938.24,East,Debit Card,In-Store,5,9
ORD007049,2024-09-04,CUST00689,Home,Lamp,396.98,2,0.05,754.26,North,Bank Transfer,Mobile App,2,3
ORD007050,2024-08-14,CUST00133,Electronics,Laptop,815.44,5,0.15,3465.62,Central,Debit Card,Mobile App,4,7
ORD007051,2024-04-22,CUST00258,Sports,Yoga Mat,235.85,4,0,943.4,Central,Credit Card,Mobile App,2,1
ORD007052,2024-04-19,CUST01010,Sports,Dumbbell,359.84,3,0.1,971.57,North,Mobile Money,Phone,4,3
ORD007053,2024-10-23,CUST01262,Electronics,Smartwatch,1123.73,2,0.05,2135.09,South,PayPal,Mobile App,4,3
ORD007054,2024-03-13,CUST01280,Sports,Yoga Mat,425.32,4,0,1701.28,North,Credit Card,Phone,4,6
ORD007055,2024-08-19,CUST00067,Electronics,Laptop,725.83,3,0,2177.49,South,Credit Card,Phone,5,11
ORD007056,2024-08-07,CUST00029,Sports,Football,298.99,2,0.05,568.08,Central,Mobile Money,Web,3,2
ORD007057,2024-09-28,CUST00250,Clothing,T-Shirt,12.65,5,0,63.25,Central,Mobile Money,Web,4,11
ORD007058,2024-05-31,CUST00592,Home,Blender,171.28,5,0,856.4,North,Bank Transfer,In-Store,5,1
ORD007059,2024-01-14,CUST00189,Clothing,Sneakers,32.76,5,0,163.8,Central,Credit Card,In-Store,3,9
ORD007060,2024-12-30,CUST00322,Clothing,Hat,117.82,1,0.15,100.15,North,Bank Transfer,Phone,4,4
ORD007061,2024-07-06,CUST00473,Sports,Yoga Mat,192.03,2,0,384.06,East,Debit Card,Phone,5,7
ORD007062,2024-05-04,CUST00703,Sports,Basketball,510.17,2,0.2,816.27,East,Mobile Money,In-Store,5,4
ORD007063,2024-08-17,CUST00488,Clothing,Socks,94.94,3,0,284.82,Central,Debit Card,In-Store,4,1
ORD007064,2024-04-06,CUST01669,Books,Comic,43.21,3,0,129.63,North,Mobile Money,In-Store,5,14
ORD007065,2024-03-08,CUST00006,Home,Chair,64.09,4,0.1,230.72,South,Debit Card,Mobile App,4,2
ORD007066,2024-01-05,CUST00320,Clothing,Jeans,104.96,4,0.15,356.86,South,Bank Transfer,Phone,5,13
ORD007067,2024-01-30,CUST00285,Electronics,Camera,312.42,4,0,1249.68,North,Mobile Money,Web,4,1
ORD007068,2024-07-16,CUST01864,Sports,Yoga Mat,105.21,1,0.2,84.17,West,Mobile Money,Phone,5,6
ORD007069,2024-12-06,CUST00964,Clothing,Jeans,43.91,4,0,175.64,South,Mobile Money,In-Store,4,3
ORD007070,2024-03-27,CUST01362,Electronics,Headphones,842.31,4,0,3369.24,North,PayPal,Mobile App,4,7
ORD007071,2024-04-05,CUST01136,Sports,Football,362.42,3,0.2,869.81,North,Bank Transfer,Phone,5,10
ORD007072,2024-10-20,CUST00213,Electronics,Smartwatch,1484.5,5,0,7422.5,West,PayPal,In-Store,5,6
ORD007073,2024-04-11,CUST00020,Clothing,Socks,72.93,3,0.15,185.97,North,PayPal,Web,5,1
ORD007074,2024-03-22,CUST00587,Clothing,Socks,38.07,4,0.2,121.82,North,Credit Card,Phone,5,10
ORD007075,2024-10-09,CUST01389,Clothing,Sneakers,76.01,1,0,76.01,North,Debit Card,Phone,4,11
ORD007076,2024-12-30,CUST00155,Home,Toaster,22.96,2,0.05,43.62,West,Bank Transfer,Phone,3,3
ORD007077,2024-02-08,CUST00171,Sports,Bicycle,192.79,5,0,963.95,Central,PayPal,In-Store,1,5
ORD007078,2024-09-21,CUST00047,Electronics,Tablet,1148.63,3,0,3445.89,South,Bank Transfer,Web,4,12
ORD007079,2024-05-28,CUST01862,Books,Novel,31.6,3,0.05,90.06,North,Mobile Money,Mobile App,4,4
ORD007080,2024-05-07,CUST00408,Clothing,Hat,61.81,2,0.05,117.44,North,PayPal,Phone,4,7
ORD007081,2024-07-16,CUST01677,Clothing,Socks,17.02,4,0,68.08,Central,Debit Card,Web,5,9
ORD007082,2024-11-29,CUST01068,Home,Toaster,312.95,2,0.15,532.02,West,Debit Card,In-Store,3,4
ORD007083,2024-05-15,CUST01101,Sports,Yoga Mat,743.91,2,0.1,1339.04,West,PayPal,Mobile App,5,3
ORD007084,2024-10-29,CUST01766,Home,Chair,295.51,5,0,1477.55,South,PayPal,Mobile App,5,7
ORD007085,2024-06-02,CUST00014,Sports,Basketball,339.22,3,0,1017.66,East,Credit Card,Web,4,14
ORD007086,2024-07-18,CUST01220,Home,Table,144.86,5,0.1,651.87,South,Mobile Money,Phone,1,13
ORD007087,2024-11-24,CUST00828,Clothing,Hat,64.53,4,0,258.12,Central,Credit Card,Phone,5,4
ORD007088,2024-03-04,CUST00215,Home,Table,283.24,4,0.2,906.37,West,Bank Transfer,Web,2,7
ORD007089,2024-06-04,CUST00274,Home,Table,340.89,2,0.05,647.69,South,Credit Card,In-Store,4,7
ORD007090,2024-07-21,CUST00999,Home,Chair,32.76,1,0.05,31.12,Central,Mobile Money,Phone,4,13
ORD007091,2024-04-26,CUST01420,Books,Comic,33.72,2,0,67.44,East,Mobile Money,Phone,5,14
ORD007092,2024-12-23,CUST00836,Books,Guide,14.26,4,0.15,48.48,South,Mobile Money,Phone,5,2
ORD007093,2024-09-09,CUST00840,Clothing,T-Shirt,127.51,3,0.1,344.28,West,PayPal,Web,4,5
ORD007094,2024-11-25,CUST00715,Sports,Yoga Mat,733.72,1,0.05,697.03,North,Bank Transfer,Web,4,2
ORD007095,2024-03-31,CUST00289,Home,Pillow,158.64,3,0.2,380.74,West,Bank Transfer,Web,5,11
ORD007096,2024-12-28,CUST00986,Clothing,Sneakers,30.13,5,0,150.65,West,Bank Transfer,Mobile App,3,4
ORD007097,2024-11-16,CUST01148,Sports,Basketball,474.8,1,0,474.8,West,Debit Card,Phone,5,4
ORD007098,2024-01-18,CUST01720,Electronics,Tablet,1374.98,2,0,2749.96,Central,Mobile Money,In-Store,3,2
ORD007099,2024-10-24,CUST01012,Home,Lamp,83.0,1,0,83.0,West,Debit Card,Phone,1,9
ORD007100,2024-11-24,CUST01900,Home,Chair,275.55,4,0.2,881.76,West,Mobile Money,Web,5,2
ORD007101,2024-12-07,CUST01574,Home,Table,219.61,3,0.1,592.95,South,Bank Transfer,In-Store,5,1
ORD007102,2024-03-13,CUST00542,Electronics,Smartwatch,211.17,1,0,211.17,North,Mobile Money,Phone,2,12
ORD007103,2024-09-29,CUST00781,Books,Biography,33.76,1,0.1,30.38,East,PayPal,Mobile App,4,4
ORD007104,2024-01-24,CUST01685,Sports,Basketball,375.51,2,0,751.02,East,Mobile Money,Phone,5,1
ORD007105,2024-04-07,CUST00505,Clothing,T-Shirt,15.6,4,0.05,59.28,South,Bank Transfer,Phone,4,5
ORD007106,2024-09-03,CUST00757,Electronics,Tablet,1360.44,1,0,1360.44,West,Bank Transfer,Web,5,3
ORD007107,2024-12-16,CUST00336,Books,Textbook,8.14,5,0.2,32.56,East,Credit Card,Mobile App,4,1
ORD007108,2024-06-08,CUST00820,Sports,Tennis Racket,373.92,3,0,1121.76,West,Credit Card,Web,5,5
ORD007109,2024-02-20,CUST01613,Books,Comic,42.59,4,0,170.36,Central,Credit Card,Phone,5,1
ORD007110,2024-04-10,CUST00152,Clothing,Jacket,23.96,1,0.05,22.76,North,Credit Card,Web,4,9
ORD007111,2024-12-11,CUST01772,Clothing,T-Shirt,24.46,2,0,48.92,West,Bank Transfer,Web,4,1
ORD007112,2024-07-27,CUST01143,Home,Blender,358.84,5,0.1,1614.78,East,Credit Card,Phone,3,3
ORD007113,2024-05-14,CUST00797,Sports,Yoga Mat,652.66,5,0,3263.3,Central,Credit Card,In-Store,4,8
ORD007114,2024-10-04,CUST00661,Sports,Basketball,213.95,1,0.2,171.16,West,Mobile Money,In-Store,4,4
ORD007115,2024-03-05,CUST00231,Sports,Tennis Racket,200.92,3,0.05,572.62,Central,PayPal,Web,4,8
ORD007116,2024-10-25,CUST00949,Sports,Dumbbell,203.1,5,0.15,863.18,Central,Mobile Money,In-Store,5,7
ORD007117,2024-12-21,CUST00415,Sports,Dumbbell,583.66,5,0.05,2772.39,West,Bank Transfer,In-Store,4,7
ORD007118,2024-12-18,CUST00836,Sports,Tennis Racket,650.34,5,0,3251.7,West,PayPal,Mobile App,4,2
ORD007119,2024-08-31,CUST01675,Books,Textbook,59.24,3,0.1,159.95,West,PayPal,Web,4,2
ORD007120,2024-05-25,CUST00285,Electronics,Tablet,1395.04,1,0.1,1255.54,West,PayPal,Web,5,12
ORD007121,2024-09-30,CUST01185,Electronics,Smartphone,262.31,1,0,262.31,East,Mobile Money,Web,3,12
ORD007122,2024-03-29,CUST00917,Sports,Basketball,290.21,4,0.2,928.67,South,Bank Transfer,Mobile App,5,8
ORD007123,2024-07-22,CUST00010,Books,Novel,29.0,4,0,116.0,Central,Credit Card,Phone,2,12
ORD007124,2024-11-12,CUST01104,Sports,Basketball,699.82,1,0,699.82,North,Bank Transfer,In-Store,5,7
ORD007125,2024-04-02,CUST01507,Electronics,Headphones,989.68,5,0,4948.4,South,Mobile Money,Phone,3,12
ORD007126,2024-01-25,CUST01153,Clothing,Sneakers,107.44,3,0.15,273.97,West,Debit Card,Web,3,2
ORD007127,2024-08-25,CUST00233,Electronics,Smartphone,82.75,2,0.2,132.4,West,Debit Card,Web,4,8
ORD007128,2024-10-31,CUST01122,Home,Pillow,275.6,1,0.1,248.04,Central,Debit Card,Phone,5,4
ORD007129,2024-12-30,CUST00810,Clothing,Jacket,137.0,1,0.1,123.3,South,PayPal,In-Store,3,7
ORD007130,2024-08-07,CUST00312,Sports,Basketball,214.69,2,0.05,407.91,Central,Bank Transfer,Phone,2,7
ORD007131,2024-03-08,CUST00867,Clothing,Hat,12.4,4,0,49.6,South,Debit Card,Web,4,3
ORD007132,2024-04-04,CUST01316,Clothing,Hat,132.84,1,0,132.84,West,Credit Card,Phone,5,1
ORD007133,2024-08-22,CUST01414,Sports,Bicycle,172.48,3,0,517.44,South,Mobile Money,Web,4,3
ORD007134,2024-10-07,CUST00704,Clothing,Hat,40.46,5,0,202.3,East,Bank Transfer,Phone,4,6
ORD007135,2024-05-03,CUST01396,Electronics,Camera,1184.33,3,0,3552.99,East,Bank Transfer,Phone,5,3
ORD007136,2024-12-30,CUST00291,Home,Lamp,384.96,4,0.05,1462.85,South,Debit Card,Phone,2,14
ORD007137,2024-05-02,CUST00802,Electronics,Smartwatch,73.42,2,0,146.84,East,PayPal,Mobile App,3,10
ORD007138,2024-10-22,CUST01148,Electronics,Camera,171.18,2,0,342.36,South,Debit Card,Mobile App,5,14
ORD007139,2024-03-01,CUST01081,Books,Comic,7.15,5,0,35.75,North,Bank Transfer,In-Store,3,11
ORD007140,2024-06-19,CUST01655,Sports,Tennis Racket,193.15,4,0,772.6,North,Debit Card,Web,4,13
ORD007141,2024-02-04,CUST01801,Electronics,Headphones,725.33,5,0.1,3263.98,South,PayPal,Phone,4,9
ORD007142,2024-06-26,CUST00297,Electronics,Headphones,960.46,1,0.05,912.44,North,Mobile Money,In-Store,4,8
ORD007143,2024-01-20,CUST01105,Clothing,Sneakers,77.9,2,0,155.8,Central,Mobile Money,Phone,5,3
ORD007144,2024-08-01,CUST01219,Books,Comic,55.68,2,0.1,100.22,West,Credit Card,Phone,4,4
ORD007145,2024-01-09,CUST01046,Home,Pillow,398.74,1,0.1,358.87,Central,Debit Card,Web,5,7
ORD007146,2024-09-12,CUST01582,Sports,Tennis Racket,125.13,2,0.15,212.72,Central,PayPal,Mobile App,5,12
ORD007147,2024-07-29,CUST00048,Home,Chair,276.75,1,0,276.75,West,Debit Card,In-Store,4,13
ORD007148,2024-03-31,CUST01929,Clothing,Sneakers,73.06,4,0,292.24,Central,Credit Card,In-Store,4,4
ORD007149,2024-01-09,CUST01284,Electronics,Smartphone,626.03,1,0.2,500.82,West,Credit Card,In-Store,5,2
ORD007150,2024-11-14,CUST00096,Electronics,Laptop,190.95,5,0.15,811.54,Central,Bank Transfer,Phone,4,3
ORD007151,2024-02-22,CUST00934,Books,Comic,52.96,2,0.05,100.62,East,Debit Card,Web,4,6
ORD007152,2024-05-14,CUST01726,Sports,Basketball,739.41,3,0.2,1774.58,West,Debit Card,Mobile App,3,10
ORD007153,2024-03-17,CUST01108,Books,Comic,15.18,4,0,60.72,Central,Credit Card,In-Store,4,10
ORD007154,2024-10-21,CUST00868,Books,Comic,28.57,3,0,85.71,East,Mobile Money,Mobile App,4,12
ORD007155,2024-11-25,CUST01135,Electronics,Headphones,92.9,2,0,185.8,Central,Bank Transfer,In-Store,4,11
ORD007156,2024-02-23,CUST01871,Sports,Tennis Racket,397.12,5,0,1985.6,West,Debit Card,Phone,4,13
ORD007157,2024-10-09,CUST01863,Clothing,Socks,108.77,2,0.1,195.79,Central,Credit Card,Mobile App,2,14
ORD007158,2024-03-18,CUST00082,Clothing,T-Shirt,53.68,1,0.15,45.63,North,Debit Card,Web,4,5
ORD007159,2024-10-04,CUST00355,Clothing,Socks,68.02,5,0,340.1,East,Debit Card,In-Store,4,7
ORD007160,2024-12-04,CUST00675,Books,Guide,5.03,5,0.05,23.89,North,Mobile Money,Web,4,7
ORD007161,2024-08-23,CUST01094,Electronics,Smartphone,220.8,2,0,441.6,Central,Bank Transfer,Web,5,7
ORD007162,2024-09-17,CUST01549,Clothing,Sneakers,69.13,4,0.1,248.87,South,Debit Card,Mobile App,4,14
ORD007163,2024-06-08,CUST00187,Clothing,Hat,139.44,3,0,418.32,West,Bank Transfer,In-Store,4,5
ORD007164,2024-02-04,CUST01687,Sports,Bicycle,307.05,4,0.2,982.56,North,Mobile Money,Web,5,5
ORD007165,2024-11-20,CUST01910,Sports,Yoga Mat,522.03,3,0.15,1331.18,South,Mobile Money,Web,3,5
ORD007166,2024-04-21,CUST01697,Home,Lamp,279.65,5,0.2,1118.6,South,Debit Card,Web,3,14
ORD007167,2024-01-21,CUST01195,Sports,Football,565.76,4,0.2,1810.43,North,PayPal,Phone,4,14
ORD007168,2024-08-09,CUST01925,Electronics,Laptop,1484.52,4,0,5938.08,West,Bank Transfer,In-Store,2,2
ORD007169,2024-08-05,CUST01799,Books,Comic,59.77,1,0.15,50.8,North,PayPal,In-Store,4,5
ORD007170,2024-03-28,CUST01601,Home,Lamp,293.42,2,0.1,528.16,South,Bank Transfer,In-Store,5,13
ORD007171,2024-08-04,CUST00886,Clothing,Hat,96.95,1,0,96.95,East,Bank Transfer,Phone,5,3
ORD007172,2024-11-03,CUST00615,Home,Toaster,302.62,2,0,605.24,Central,PayPal,Web,3,13
ORD007173,2024-10-23,CUST00458,Clothing,Jeans,138.11,3,0.1,372.9,East,PayPal,Mobile App,5,13
ORD007174,2024-02-27,CUST00518,Clothing,Hat,84.64,5,0.05,402.04,West,Mobile Money,In-Store,4,7
ORD007175,2024-11-05,CUST00373,Sports,Tennis Racket,540.94,2,0.2,865.5,East,Mobile Money,Phone,5,9
ORD007176,2024-10-19,CUST01725,Electronics,Headphones,247.51,4,0.15,841.53,North,Debit Card,Web,5,6
ORD007177,2024-08-04,CUST00213,Home,Blender,87.24,4,0.15,296.62,South,Mobile Money,Web,5,7
ORD007178,2024-05-16,CUST01947,Clothing,Hat,49.92,5,0,249.6,South,Mobile Money,Mobile App,4,5
ORD007179,2024-10-27,CUST01581,Home,Table,271.76,4,0.1,978.34,West,PayPal,Web,4,2
ORD007180,2024-04-13,CUST00815,Sports,Yoga Mat,432.23,2,0.15,734.79,South,Bank Transfer,Phone,5,1
ORD007181,2024-07-05,CUST01516,Electronics,Tablet,1415.57,4,0,5662.28,Central,Bank Transfer,Phone,5,8
ORD007182,2024-11-14,CUST01427,Electronics,Smartwatch,424.9,3,0,1274.7,Central,Mobile Money,Web,4,5
ORD007183,2024-06-07,CUST01041,Electronics,Smartwatch,1344.93,4,0.05,5110.73,East,Credit Card,Mobile App,2,7
ORD007184,2024-03-10,CUST00453,Home,Lamp,140.36,2,0,280.72,South,Debit Card,Phone,5,7
ORD007185,2024-08-20,CUST01045,Sports,Bicycle,398.85,1,0,398.85,West,PayPal,In-Store,3,14
ORD007186,2024-07-24,CUST00960,Clothing,Jeans,102.04,1,0.2,81.63,East,Bank Transfer,Mobile App,5,11
ORD007187,2024-08-16,CUST01216,Sports,Yoga Mat,289.27,2,0,578.54,North,Bank Transfer,Web,5,6
ORD007188,2024-12-28,CUST01898,Home,Table,345.43,1,0,345.43,Central,Bank Transfer,Phone,5,4
ORD007189,2024-11-30,CUST01672,Electronics,Camera,253.76,5,0.05,1205.36,East,Mobile Money,Mobile App,2,4
ORD007190,2024-07-27,CUST01114,Books,Comic,7.64,5,0.05,36.29,South,Mobile Money,Web,2,11
ORD007191,2024-07-29,CUST00041,Clothing,Socks,121.03,5,0,605.15,Central,Mobile Money,Phone,3,3
ORD007192,2024-05-09,CUST01739,Home,Table,32.91,4,0.2,105.31,Central,Credit Card,Phone,5,14
ORD007193,2024-03-24,CUST00188,Sports,Basketball,746.6,3,0,2239.8,South,Mobile Money,Phone,5,4
ORD007194,2024-03-27,CUST01098,Electronics,Headphones,1145.87,3,0.15,2921.97,Central,PayPal,Mobile App,5,8
ORD007195,2024-03-11,CUST01027,Sports,Bicycle,455.6,2,0,911.2,North,PayPal,Web,4,12
ORD007196,2024-01-05,CUST01904,Books,Comic,50.79,3,0.1,137.13,Central,PayPal,Mobile App,5,2
ORD007197,2024-11-20,CUST01622,Books,Comic,29.27,3,0.1,79.03,Central,Mobile Money,In-Store,3,4
ORD007198,2024-10-02,CUST00707,Home,Lamp,200.93,2,0,401.86,West,Bank Transfer,Mobile App,4,3
ORD007199,2024-01-19,CUST00293,Clothing,Hat,19.13,4,0,76.52,Central,Credit Card,In-Store,4,1
ORD007200,2024-07-02,CUST01295,Clothing,Jeans,45.96,4,0.05,174.65,Central,Debit Card,Mobile App,5,7
ORD007201,2024-05-24,CUST01191,Books,Cookbook,17.73,5,0.1,79.78,North,Bank Transfer,Phone,3,8
ORD007202,2024-04-28,CUST00215,Sports,Football,183.4,2,0.2,293.44,North,Bank Transfer,Phone,5,13
ORD007203,2024-06-10,CUST01518,Books,Guide,26.86,3,0.05,76.55,South,Debit Card,In-Store,4,7
ORD007204,2024-03-25,CUST00019,Books,Textbook,33.52,2,0.1,60.34,West,Bank Transfer,Phone,3,8
ORD007205,2024-06-08,CUST01186,Books,Biography,17.99,5,0.2,71.96,Central,PayPal,Web,5,8
ORD007206,2024-10-03,CUST00110,Books,Novel,40.0,2,0.05,76.0,East,Mobile Money,Mobile App,2,7
ORD007207,2024-06-02,CUST00268,Clothing,Jeans,114.13,1,0,114.13,North,PayPal,Web,4,12
ORD007208,2024-08-16,CUST01360,Clothing,Socks,35.47,4,0.15,120.6,Central,PayPal,Web,4,14
ORD007209,2024-07-31,CUST01380,Sports,Yoga Mat,655.37,2,0.15,1114.13,East,Credit Card,Web,5,9
ORD007210,2024-03-31,CUST01330,Home,Pillow,377.15,5,0,1885.75,South,Credit Card,In-Store,1,11
ORD007211,2024-10-18,CUST00144,Clothing,T-Shirt,103.41,5,0,517.05,South,PayPal,Mobile App,5,1
ORD007212,2024-04-28,CUST01475,Electronics,Smartwatch,1094.52,3,0.15,2791.03,Central,Mobile Money,Mobile App,4,1
ORD007213,2024-03-15,CUST00387,Sports,Tennis Racket,62.09,3,0.05,176.96,Central,Credit Card,Web,4,7
ORD007214,2024-04-09,CUST00514,Home,Toaster,133.07,3,0.05,379.25,East,PayPal,Web,3,12
ORD007215,2024-08-04,CUST01542,Home,Chair,181.37,4,0,725.48,East,PayPal,Web,4,14
ORD007216,2024-03-21,CUST01441,Sports,Tennis Racket,777.09,3,0.15,1981.58,West,Debit Card,Phone,3,3
ORD007217,2024-07-30,CUST01105,Clothing,Hat,36.01,3,0.15,91.83,East,PayPal,Phone,5,2
ORD007218,2024-01-13,CUST00808,Books,Textbook,12.72,3,0,38.16,West,Mobile Money,In-Store,4,11
ORD007219,2024-06-02,CUST01370,Electronics,Laptop,194.32,5,0.15,825.86,West,Mobile Money,In-Store,5,4
ORD007220,2024-03-15,CUST01915,Home,Toaster,159.67,4,0,638.68,North,Bank Transfer,In-Store,3,11
ORD007221,2024-12-11,CUST00357,Books,Biography,24.73,2,0,49.46,South,PayPal,Phone,3,2
ORD007222,2024-02-06,CUST01721,Sports,Football,166.25,5,0.1,748.13,East,Debit Card,Phone,5,2
ORD007223,2024-09-24,CUST00123,Electronics,Tablet,1089.47,3,0.15,2778.15,Central,Mobile Money,Web,4,1
ORD007224,2024-06-21,CUST01947,Books,Comic,8.02,5,0.05,38.1,South,Debit Card,Web,5,8
ORD007225,2024-06-04,CUST00144,Sports,Football,341.93,4,0.05,1299.33,Central,Bank Transfer,Mobile App,5,1
ORD007226,2024-05-19,CUST01729,Electronics,Headphones,344.13,4,0.1,1238.87,West,Debit Card,Mobile App,2,7
ORD007227,2024-06-11,CUST01221,Electronics,Smartwatch,1291.75,1,0,1291.75,West,PayPal,Phone,3,3
ORD007228,2024-12-02,CUST01617,Books,Textbook,35.25,5,0,176.25,East,Credit Card,In-Store,5,14
ORD007229,2024-01-19,CUST01667,Books,Biography,15.17,2,0.1,27.31,West,Credit Card,In-Store,3,7
ORD007230,2024-07-27,CUST00571,Electronics,Smartwatch,667.46,4,0,2669.84,North,Bank Transfer,Web,5,5
ORD007231,2024-02-14,CUST01354,Books,Novel,19.06,5,0.1,85.77,South,Mobile Money,Mobile App,3,13
ORD007232,2024-08-17,CUST01046,Clothing,Jeans,82.62,2,0.1,148.72,North,Credit Card,Mobile App,4,13
ORD007233,2024-08-10,CUST00501,Home,Blender,73.09,1,0.1,65.78,Central,Mobile Money,Phone,4,8
ORD007234,2024-08-15,CUST00937,Home,Lamp,255.12,3,0,765.36,North,Debit Card,Mobile App,5,8
ORD007235,2024-04-28,CUST00486,Home,Toaster,382.78,1,0,382.78,Central,Mobile Money,In-Store,5,14
ORD007236,2024-11-16,CUST01692,Electronics,Tablet,1340.07,1,0.1,1206.06,West,Credit Card,Web,3,5
ORD007237,2024-02-12,CUST01106,Books,Biography,55.51,3,0,166.53,Central,Bank Transfer,Mobile App,5,8
ORD007238,2024-09-15,CUST00485,Electronics,Smartphone,280.83,2,0,561.66,West,Credit Card,In-Store,4,4
ORD007239,2024-07-21,CUST01887,Books,Comic,23.94,4,0.15,81.4,South,Bank Transfer,In-Store,5,1
ORD007240,2024-06-18,CUST01611,Sports,Football,465.41,2,0.05,884.28,East,Bank Transfer,Mobile App,5,8
ORD007241,2024-04-05,CUST00951,Books,Comic,37.61,4,0.1,135.4,North,Credit Card,Mobile App,5,5
ORD007242,2024-11-11,CUST00421,Books,Biography,24.53,3,0.05,69.91,South,Mobile Money,Web,4,12
ORD007243,2024-08-25,CUST01132,Electronics,Smartwatch,341.22,1,0.2,272.98,West,Credit Card,Phone,2,6
ORD007244,2024-01-26,CUST01394,Electronics,Smartwatch,1219.26,1,0.05,1158.3,West,Mobile Money,Web,3,4
ORD007245,2024-08-07,CUST00564,Home,Chair,125.83,5,0,629.15,East,Debit Card,In-Store,4,6
ORD007246,2024-05-22,CUST01774,Home,Table,77.46,4,0,309.84,West,PayPal,Mobile App,3,13
ORD007247,2024-03-09,CUST00184,Sports,Bicycle,452.62,5,0.15,1923.64,East,Bank Transfer,Mobile App,5,10
ORD007248,2024-04-02,CUST01173,Clothing,Jeans,145.1,5,0.2,580.4,Central,Mobile Money,Phone,5,11
ORD007249,2024-02-13,CUST00690,Home,Lamp,161.11,1,0,161.11,Central,Mobile Money,In-Store,4,2
ORD007250,2024-06-14,CUST01132,Electronics,Tablet,1464.27,1,0,1464.27,North,Bank Transfer,Web,4,11
ORD007251,2024-08-04,CUST01560,Electronics,Headphones,629.83,1,0,629.83,West,Mobile Money,Mobile App,5,11
ORD007252,2024-10-02,CUST01502,Electronics,Smartphone,1447.27,1,0,1447.27,South,Bank Transfer,Web,5,1
ORD007253,2024-09-09,CUST01595,Books,Textbook,44.64,5,0,223.2,South,Mobile Money,Web,4,1
ORD007254,2024-09-26,CUST01697,Sports,Bicycle,503.75,4,0.15,1712.75,North,Bank Transfer,Web,5,13
ORD007255,2024-08-09,CUST00859,Books,Textbook,41.84,5,0,209.2,Central,Credit Card,Web,3,5
ORD007256,2024-08-29,CUST00066,Books,Textbook,10.6,2,0,21.2,North,Bank Transfer,Mobile App,5,6
ORD007257,2024-04-05,CUST01353,Sports,Dumbbell,703.58,4,0,2814.32,East,PayPal,In-Store,1,1
ORD007258,2024-01-07,CUST00117,Electronics,Camera,838.17,5,0.1,3771.77,East,Debit Card,In-Store,5,3
ORD007259,2024-04-13,CUST00528,Clothing,Jeans,59.74,3,0.2,143.38,Central,Debit Card,Mobile App,5,3
ORD007260,2024-01-04,CUST01056,Electronics,Smartphone,1031.85,2,0.2,1650.96,South,Debit Card,Web,3,4
ORD007261,2024-09-08,CUST01504,Books,Guide,9.02,2,0,18.04,Central,Credit Card,In-Store,5,14
ORD007262,2024-04-27,CUST01297,Books,Guide,19.5,4,0.15,66.3,Central,Credit Card,Web,2,14
ORD007263,2024-10-12,CUST01690,Electronics,Camera,695.09,5,0,3475.45,West,Mobile Money,In-Store,4,6
ORD007264,2024-05-04,CUST01590,Clothing,Jeans,50.63,2,0.15,86.07,West,Bank Transfer,In-Store,5,4
ORD007265,2024-12-15,CUST00406,Books,Novel,47.96,1,0.1,43.16,West,Credit Card,Mobile App,1,7
ORD007266,2024-08-03,CUST00124,Clothing,Sneakers,108.77,3,0,326.31,South,Debit Card,In-Store,1,2
ORD007267,2024-05-27,CUST00725,Electronics,Headphones,392.65,4,0.1,1413.54,West,Debit Card,Phone,5,13
ORD007268,2024-05-05,CUST01332,Clothing,Jacket,134.28,2,0,268.56,South,Mobile Money,Web,3,3
ORD007269,2024-11-11,CUST01932,Books,Textbook,15.26,2,0.05,28.99,West,Debit Card,Phone,4,1
ORD007270,2024-10-27,CUST00677,Clothing,Jeans,94.6,1,0,94.6,North,Credit Card,Web,5,13
ORD007271,2024-10-21,CUST01179,Clothing,Hat,43.19,3,0,129.57,West,PayPal,Phone,5,8
ORD007272,2024-06-30,CUST01382,Sports,Tennis Racket,736.82,4,0,2947.28,Central,Credit Card,Phone,4,2
ORD007273,2024-10-14,CUST00356,Clothing,T-Shirt,41.11,5,0,205.55,South,Credit Card,Mobile App,3,9
ORD007274,2024-05-04,CUST00472,Home,Pillow,93.5,2,0,187.0,North,Credit Card,Web,5,5
ORD007275,2024-01-15,CUST01222,Clothing,Hat,56.32,1,0,56.32,South,Credit Card,In-Store,5,14
ORD007276,2024-01-13,CUST00729,Sports,Dumbbell,521.02,1,0,521.02,South,Credit Card,Web,5,14
ORD007277,2024-02-12,CUST00886,Clothing,Jacket,60.01,5,0,300.05,North,Mobile Money,Mobile App,4,4
ORD007278,2024-06-03,CUST01744,Electronics,Tablet,400.59,4,0,1602.36,South,Credit Card,In-Store,3,4
ORD007279,2024-04-30,CUST01507,Home,Toaster,176.6,4,0.05,671.08,Central,Mobile Money,Phone,1,13
ORD007280,2024-12-02,CUST00901,Clothing,Socks,36.11,2,0.05,68.61,West,Mobile Money,In-Store,3,9
ORD007281,2024-05-20,CUST00017,Sports,Football,200.58,5,0,1002.9,South,Mobile Money,In-Store,2,13
ORD007282,2024-06-07,CUST01713,Books,Cookbook,57.0,1,0.2,45.6,East,Credit Card,Web,4,4
ORD007283,2024-03-23,CUST00754,Sports,Tennis Racket,457.52,5,0,2287.6,South,Debit Card,Phone,5,2
ORD007284,2024-05-24,CUST01100,Sports,Tennis Racket,219.36,2,0.1,394.85,Central,Bank Transfer,In-Store,1,7
ORD007285,2024-06-20,CUST00312,Clothing,Hat,11.13,5,0.2,44.52,North,Credit Card,In-Store,3,11
ORD007286,2024-12-24,CUST00191,Electronics,Headphones,437.08,5,0.2,1748.32,East,PayPal,Phone,5,5
ORD007287,2024-03-10,CUST01061,Sports,Dumbbell,665.4,2,0.2,1064.64,West,Credit Card,Mobile App,5,10
ORD007288,2024-10-08,CUST00573,Home,Pillow,30.74,5,0.2,122.96,South,Debit Card,In-Store,5,10
ORD007289,2024-10-21,CUST00093,Home,Lamp,67.05,1,0.05,63.7,West,Bank Transfer,Web,4,4
ORD007290,2024-03-15,CUST01403,Home,Pillow,164.98,4,0.2,527.94,East,Mobile Money,Mobile App,3,7
ORD007291,2024-09-08,CUST00263,Home,Table,173.45,3,0.15,442.3,South,PayPal,In-Store,5,14
ORD007292,2024-10-08,CUST01901,Electronics,Headphones,241.54,3,0.15,615.93,Central,Debit Card,Phone,4,1
ORD007293,2024-02-20,CUST00646,Home,Toaster,245.53,3,0.05,699.76,South,Mobile Money,Web,4,7
ORD007294,2024-12-14,CUST01482,Sports,Yoga Mat,756.51,4,0.15,2572.13,West,PayPal,Web,2,10
ORD007295,2024-11-21,CUST01878,Electronics,Camera,277.47,1,0,277.47,North,Credit Card,Phone,4,13
ORD007296,2024-01-28,CUST00297,Electronics,Laptop,87.51,3,0.1,236.28,South,Debit Card,In-Store,5,11
ORD007297,2024-02-01,CUST01097,Sports,Dumbbell,459.26,5,0,2296.3,North,PayPal,In-Store,5,9
ORD007298,2024-02-07,CUST00370,Sports,Yoga Mat,322.17,3,0,966.51,East,Debit Card,Mobile App,4,10
ORD007299,2024-05-07,CUST00372,Books,Novel,28.35,5,0,141.75,North,Mobile Money,Mobile App,5,12
ORD007300,2024-07-29,CUST01060,Sports,Yoga Mat,662.09,1,0.1,595.88,South,Debit Card,Phone,4,8
ORD007301,2024-07-08,CUST01403,Home,Blender,291.98,4,0.15,992.73,Central,Mobile Money,Mobile App,5,8
ORD007302,2024-06-20,CUST00911,Sports,Dumbbell,662.49,5,0,3312.45,North,Credit Card,Phone,4,12
ORD007303,2024-08-15,CUST00888,Clothing,Jacket,110.22,1,0.1,99.2,South,Debit Card,Phone,1,11
ORD007304,2024-12-28,CUST01587,Sports,Dumbbell,224.14,4,0,896.56,West,Debit Card,Mobile App,4,14
ORD007305,2024-02-03,CUST01347,Books,Guide,33.54,2,0.05,63.73,Central,Debit Card,Phone,3,5
ORD007306,2024-12-23,CUST01690,Electronics,Headphones,1053.41,2,0,2106.82,South,Bank Transfer,Mobile App,5,14
ORD007307,2024-12-29,CUST00372,Electronics,Headphones,495.81,5,0,2479.05,East,Credit Card,Mobile App,4,13
ORD007308,2024-03-07,CUST01677,Clothing,Jacket,58.1,1,0.15,49.39,North,PayPal,Web,4,5
ORD007309,2024-06-24,CUST00523,Clothing,T-Shirt,123.62,5,0,618.1,East,Credit Card,In-Store,5,4
ORD007310,2024-02-01,CUST01896,Home,Chair,223.62,2,0,447.24,West,Bank Transfer,Mobile App,2,1
ORD007311,2024-02-08,CUST00622,Home,Lamp,38.08,3,0.15,97.1,Central,Debit Card,Mobile App,5,5
ORD007312,2024-03-10,CUST00859,Sports,Yoga Mat,138.82,2,0,277.64,North,Mobile Money,Phone,4,11
ORD007313,2024-05-29,CUST00811,Electronics,Tablet,920.6,4,0.05,3498.28,Central,Credit Card,Phone,2,14
ORD007314,2024-03-29,CUST00579,Electronics,Smartphone,1182.17,2,0,2364.34,North,Mobile Money,Phone,3,10
ORD007315,2024-01-31,CUST00334,Clothing,Socks,114.65,1,0.05,108.92,East,PayPal,Phone,1,1
ORD007316,2024-03-02,CUST01722,Sports,Football,93.78,4,0.2,300.1,North,Bank Transfer,In-Store,5,1
ORD007317,2024-04-10,CUST00720,Clothing,Sneakers,118.52,5,0,592.6,South,Credit Card,Web,5,13
ORD007318,2024-09-24,CUST01477,Sports,Tennis Racket,666.33,1,0.05,633.01,South,PayPal,Phone,5,12
ORD007319,2024-10-04,CUST00559,Electronics,Tablet,640.96,4,0.1,2307.46,West,PayPal,Web,5,5
ORD007320,2024-07-31,CUST00328,Home,Blender,236.32,1,0.2,189.06,Central,PayPal,Mobile App,5,7
ORD007321,2024-02-04,CUST01964,Books,Comic,38.26,5,0.15,162.61,West,Credit Card,Web,5,14
ORD007322,2024-05-27,CUST00241,Clothing,Socks,67.52,3,0.2,162.05,South,Debit Card,Web,4,2
ORD007323,2024-05-26,CUST00984,Clothing,Socks,140.39,1,0.05,133.37,Central,Debit Card,Web,3,5
ORD007324,2024-05-02,CUST00430,Sports,Dumbbell,493.52,1,0,493.52,South,Mobile Money,Web,1,7
ORD007325,2024-11-11,CUST00900,Electronics,Smartwatch,535.6,1,0,535.6,North,Mobile Money,In-Store,4,5
ORD007326,2024-06-12,CUST00872,Electronics,Smartwatch,354.17,1,0.15,301.04,North,PayPal,Web,5,7
ORD007327,2024-06-25,CUST01143,Sports,Bicycle,139.74,1,0,139.74,West,Debit Card,In-Store,3,8
ORD007328,2024-12-04,CUST00908,Home,Lamp,329.45,5,0.2,1317.8,East,PayPal,In-Store,4,5
ORD007329,2024-03-07,CUST01329,Electronics,Smartphone,1477.63,5,0.1,6649.33,South,Debit Card,In-Store,3,6
ORD007330,2024-10-01,CUST01738,Clothing,Sneakers,41.93,2,0,83.86,West,Credit Card,Phone,5,8
ORD007331,2024-04-16,CUST00178,Sports,Tennis Racket,419.73,1,0,419.73,North,Credit Card,Phone,4,4
ORD007332,2024-06-29,CUST01602,Electronics,Laptop,506.89,5,0.15,2154.28,West,Credit Card,In-Store,2,1
ORD007333,2024-12-03,CUST00122,Home,Toaster,180.16,4,0,720.64,West,Debit Card,Mobile App,4,9
ORD007334,2024-01-24,CUST00239,Clothing,T-Shirt,17.96,2,0,35.92,East,Bank Transfer,Mobile App,4,2
ORD007335,2024-09-18,CUST00573,Books,Cookbook,24.2,1,0.1,21.78,West,Bank Transfer,Mobile App,5,10
ORD007336,2024-07-19,CUST01288,Sports,Bicycle,191.41,4,0,765.64,West,Credit Card,Web,4,10
ORD007337,2024-03-20,CUST01561,Books,Novel,17.15,2,0.1,30.87,South,Debit Card,Mobile App,5,3
ORD007338,2024-12-13,CUST00279,Clothing,Jacket,39.67,3,0,119.01,West,Credit Card,In-Store,4,10
ORD007339,2024-11-18,CUST00910,Clothing,Socks,54.38,1,0.1,48.94,South,Credit Card,Phone,5,10
ORD007340,2024-07-26,CUST01491,Books,Comic,52.6,4,0.05,199.88,West,Bank Transfer,Phone,4,2
ORD007341,2024-09-14,CUST01017,Clothing,T-Shirt,81.73,3,0.2,196.15,South,Credit Card,Web,4,7
ORD007342,2024-09-17,CUST00770,Books,Textbook,12.15,3,0.05,34.63,East,Mobile Money,In-Store,4,9
ORD007343,2024-02-03,CUST01739,Sports,Basketball,332.55,1,0.05,315.92,West,PayPal,Web,4,1
ORD007344,2024-01-29,CUST01793,Clothing,Hat,20.76,3,0.15,52.94,Central,Bank Transfer,Web,4,2
ORD007345,2024-07-03,CUST00431,Home,Chair,42.0,1,0,42.0,East,Debit Card,In-Store,4,12
ORD007346,2024-04-04,CUST00815,Sports,Yoga Mat,529.07,5,0,2645.35,North,PayPal,Web,3,12
ORD007347,2024-01-15,CUST01069,Books,Cookbook,21.59,4,0.05,82.04,South,Debit Card,In-Store,2,8
ORD007348,2024-06-30,CUST01546,Sports,Tennis Racket,776.22,4,0.1,2794.39,South,PayPal,Mobile App,4,5
ORD007349,2024-05-13,CUST00377,Books,Cookbook,15.46,4,0,61.84,East,Bank Transfer,Web,5,5
ORD007350,2024-06-09,CUST01148,Electronics,Laptop,940.85,2,0.1,1693.53,Central,Bank Transfer,Web,5,12
ORD007351,2024-06-06,CUST00742,Sports,Bicycle,246.95,2,0,493.9,West,PayPal,Mobile App,5,5
ORD007352,2024-03-20,CUST01554,Clothing,Jacket,92.72,1,0,92.72,Central,PayPal,Mobile App,4,10
ORD007353,2024-02-22,CUST00892,Clothing,Socks,111.66,5,0,558.3,South,Bank Transfer,Phone,5,9
ORD007354,2024-12-26,CUST00689,Home,Chair,52.97,1,0,52.97,Central,Credit Card,Web,4,4
ORD007355,2024-08-24,CUST01565,Clothing,Socks,124.49,3,0.2,298.78,East,PayPal,Web,2,13
ORD007356,2024-04-17,CUST00038,Home,Toaster,70.15,3,0.2,168.36,South,PayPal,In-Store,5,9
ORD007357,2024-04-16,CUST00451,Sports,Tennis Racket,304.26,3,0.05,867.14,Central,Mobile Money,In-Store,4,3
ORD007358,2024-03-10,CUST00806,Books,Novel,34.9,3,0,104.7,South,PayPal,Web,5,5
ORD007359,2024-07-03,CUST01645,Clothing,Jacket,40.48,5,0.2,161.92,East,Mobile Money,Web,5,8
ORD007360,2024-12-25,CUST01142,Clothing,T-Shirt,75.97,2,0.05,144.34,Central,Bank Transfer,Mobile App,4,8
ORD007361,2024-06-25,CUST00376,Clothing,Sneakers,40.81,1,0,40.81,West,Mobile Money,Mobile App,5,8
ORD007362,2024-09-29,CUST01119,Home,Pillow,223.79,1,0,223.79,West,Bank Transfer,Web,3,6
ORD007363,2024-01-26,CUST00126,Clothing,Hat,24.11,3,0,72.33,South,PayPal,In-Store,4,9
ORD007364,2024-02-26,CUST00046,Books,Cookbook,13.39,4,0,53.56,South,Debit Card,Web,5,4
ORD007365,2024-01-22,CUST00749,Books,Textbook,56.2,3,0,168.6,South,Debit Card,In-Store,5,13
ORD007366,2024-07-03,CUST01680,Electronics,Laptop,655.43,4,0.1,2359.55,West,Credit Card,Mobile App,4,4
ORD007367,2024-09-15,CUST00146,Books,Novel,39.12,4,0,156.48,North,Debit Card,Web,5,14
ORD007368,2024-10-15,CUST01367,Home,Blender,139.2,5,0,696.0,South,Debit Card,Mobile App,5,14
ORD007369,2024-03-28,CUST01761,Electronics,Headphones,1404.55,1,0,1404.55,North,Credit Card,Web,4,8
ORD007370,2024-06-09,CUST01975,Books,Cookbook,55.85,4,0.1,201.06,East,Mobile Money,Web,1,1
ORD007371,2024-08-19,CUST00683,Books,Textbook,12.72,1,0,12.72,Central,Credit Card,Phone,5,11
ORD007372,2024-04-01,CUST01153,Home,Toaster,263.32,1,0.1,236.99,South,Mobile Money,Web,3,12
ORD007373,2024-11-18,CUST00888,Home,Pillow,123.0,1,0.05,116.85,North,PayPal,Phone,1,10
ORD007374,2024-10-12,CUST00145,Books,Comic,12.04,2,0.1,21.67,North,Debit Card,In-Store,3,10
ORD007375,2024-12-27,CUST00920,Sports,Basketball,128.6,1,0.1,115.74,North,Credit Card,Phone,4,3
ORD007376,2024-07-21,CUST00843,Home,Pillow,113.07,3,0,339.21,North,Debit Card,Phone,4,1
ORD007377,2024-05-24,CUST01067,Clothing,Jacket,14.14,5,0.15,60.09,East,Debit Card,Web,5,6
ORD007378,2024-05-29,CUST00500,Electronics,Smartphone,1463.5,4,0.15,4975.9,Central,Credit Card,Web,4,11
ORD007379,2024-10-03,CUST00276,Books,Comic,20.26,5,0,101.3,North,Bank Transfer,In-Store,1,13
ORD007380,2024-09-13,CUST01678,Clothing,Socks,115.54,5,0,577.7,West,Credit Card,Phone,5,3
ORD007381,2024-04-07,CUST01364,Home,Lamp,338.72,5,0,1693.6,South,Credit Card,Mobile App,4,1
ORD007382,2024-06-13,CUST01659,Books,Cookbook,15.21,2,0,30.42,Central,PayPal,In-Store,3,13
ORD007383,2024-08-27,CUST01686,Clothing,Hat,25.6,3,0.1,69.12,West,PayPal,Mobile App,4,14
ORD007384,2024-04-17,CUST00232,Clothing,Jeans,62.81,1,0,62.81,North,Bank Transfer,Phone,4,3
ORD007385,2024-03-06,CUST01754,Electronics,Tablet,1201.79,1,0.15,1021.52,East,Credit Card,Mobile App,5,1
ORD007386,2024-03-29,CUST00369,Sports,Bicycle,477.67,4,0.2,1528.54,West,PayPal,Phone,5,13
ORD007387,2024-06-21,CUST00148,Books,Novel,31.12,2,0,62.24,East,PayPal,In-Store,4,3
ORD007388,2024-10-18,CUST01197,Books,Comic,13.43,1,0.05,12.76,East,Mobile Money,In-Store,5,14
ORD007389,2024-01-08,CUST00542,Sports,Yoga Mat,109.42,5,0.15,465.04,Central,Credit Card,Phone,4,6
ORD007390,2024-03-16,CUST00616,Home,Pillow,347.63,5,0.15,1477.43,North,Bank Transfer,Phone,5,13
ORD007391,2024-09-27,CUST00910,Books,Biography,9.06,1,0.2,7.25,North,Credit Card,Phone,5,5
ORD007392,2024-07-31,CUST00081,Sports,Tennis Racket,493.62,1,0,493.62,South,Credit Card,Mobile App,2,2
ORD007393,2024-06-11,CUST01802,Home,Table,181.3,4,0.05,688.94,West,Debit Card,In-Store,3,10
ORD007394,2024-06-30,CUST00060,Clothing,Socks,45.93,3,0,137.79,West,Mobile Money,In-Store,5,5
ORD007395,2024-02-19,CUST01625,Books,Cookbook,59.78,5,0.1,269.01,East,Bank Transfer,Mobile App,5,10
ORD007396,2024-12-07,CUST00630,Sports,Tennis Racket,383.72,3,0.15,978.49,South,PayPal,Web,3,8
ORD007397,2024-04-08,CUST01599,Home,Chair,76.09,2,0,152.18,West,Debit Card,Phone,5,1
ORD007398,2024-03-31,CUST01560,Electronics,Laptop,487.87,2,0,975.74,Central,Credit Card,In-Store,3,3
ORD007399,2024-04-18,CUST00672,Electronics,Tablet,1141.12,4,0.1,4108.03,South,Bank Transfer,In-Store,5,4
ORD007400,2024-07-29,CUST01243,Electronics,Headphones,152.62,5,0,763.1,North,Debit Card,In-Store,4,2
ORD007401,2024-04-29,CUST00507,Home,Toaster,34.56,2,0,69.12,Central,Debit Card,Phone,5,12
ORD007402,2024-01-27,CUST00413,Electronics,Tablet,1061.58,2,0.15,1804.69,North,Credit Card,In-Store,5,14
ORD007403,2024-03-30,CUST01030,Books,Biography,52.42,4,0.15,178.23,West,PayPal,Mobile App,5,7
ORD007404,2024-02-09,CUST00387,Clothing,T-Shirt,120.32,4,0.2,385.02,North,Debit Card,Phone,5,13
ORD007405,2024-05-24,CUST00726,Sports,Yoga Mat,142.96,2,0.15,243.03,East,Mobile Money,In-Store,2,6
ORD007406,2024-09-23,CUST01920,Electronics,Tablet,1266.19,4,0.1,4558.28,South,Debit Card,Web,3,12
ORD007407,2024-02-04,CUST01155,Sports,Football,147.08,1,0.1,132.37,North,Mobile Money,Phone,5,12
ORD007408,2024-09-06,CUST01969,Electronics,Laptop,884.3,5,0,4421.5,North,Mobile Money,In-Store,4,7
ORD007409,2024-07-22,CUST00317,Books,Cookbook,23.12,5,0.05,109.82,North,Mobile Money,Phone,4,12
ORD007410,2024-07-12,CUST00586,Home,Pillow,114.41,1,0,114.41,South,Mobile Money,In-Store,4,14
ORD007411,2024-04-20,CUST01104,Sports,Tennis Racket,163.28,5,0,816.4,North,Bank Transfer,Web,2,13
ORD007412,2024-09-14,CUST00563,Electronics,Smartphone,943.11,3,0,2829.33,East,Mobile Money,Mobile App,3,6
ORD007413,2024-12-23,CUST00624,Clothing,Sneakers,46.91,4,0,187.64,Central,Credit Card,Mobile App,5,2
ORD007414,2024-09-12,CUST01991,Electronics,Tablet,675.5,3,0,2026.5,East,PayPal,Phone,3,5
ORD007415,2024-04-01,CUST00488,Home,Table,320.8,1,0.15,272.68,Central,Debit Card,Phone,5,6
ORD007416,2024-04-04,CUST00270,Electronics,Smartphone,1147.21,3,0.05,3269.55,West,Debit Card,Mobile App,4,8
ORD007417,2024-06-27,CUST00448,Electronics,Camera,1440.3,1,0.1,1296.27,Central,Credit Card,Mobile App,2,14
ORD007418,2024-06-28,CUST01595,Clothing,Jeans,71.61,4,0,286.44,South,PayPal,Web,4,2
ORD007419,2024-05-02,CUST00673,Sports,Dumbbell,560.53,2,0,1121.06,Central,Debit Card,Web,2,12
ORD007420,2024-01-14,CUST01886,Clothing,Jeans,97.23,3,0.05,277.11,North,Bank Transfer,Phone,3,14
ORD007421,2024-05-17,CUST00757,Electronics,Camera,1434.21,5,0,7171.05,East,Debit Card,Phone,5,3
ORD007422,2024-08-25,CUST00981,Books,Guide,19.67,1,0.1,17.7,Central,PayPal,Mobile App,3,10
ORD007423,2024-12-01,CUST00800,Books,Biography,20.99,5,0,104.95,Central,PayPal,Web,5,10
ORD007424,2024-10-03,CUST00817,Clothing,Sneakers,19.21,3,0.15,48.99,Central,Debit Card,Phone,5,12
ORD007425,2024-11-25,CUST01270,Home,Chair,268.15,1,0.2,214.52,North,Mobile Money,Web,3,1
ORD007426,2024-09-07,CUST00042,Clothing,Hat,21.48,1,0,21.48,East,Mobile Money,Phone,1,4
ORD007427,2024-03-01,CUST00949,Books,Comic,33.07,3,0,99.21,North,Debit Card,Web,5,8
ORD007428,2024-02-10,CUST00466,Clothing,Hat,128.96,1,0.15,109.62,North,Mobile Money,Mobile App,5,10
ORD007429,2024-08-19,CUST01192,Home,Toaster,378.94,1,0.2,303.15,West,Mobile Money,Phone,5,8
ORD007430,2024-01-27,CUST01123,Home,Lamp,279.15,4,0.2,893.28,East,Bank Transfer,In-Store,5,13
ORD007431,2024-01-30,CUST01502,Home,Table,271.31,3,0,813.93,Central,Bank Transfer,Phone,5,5
ORD007432,2024-05-29,CUST00353,Home,Chair,208.3,5,0.15,885.28,West,PayPal,Mobile App,4,8
ORD007433,2024-02-25,CUST00353,Books,Biography,57.14,4,0,228.56,East,PayPal,Web,3,12
ORD007434,2024-02-10,CUST01951,Books,Cookbook,59.58,2,0,119.16,Central,Credit Card,Phone,3,9
ORD007435,2024-06-01,CUST01968,Home,Lamp,341.27,4,0,1365.08,Central,PayPal,Phone,3,12
ORD007436,2024-05-27,CUST01989,Sports,Dumbbell,736.54,1,0,736.54,West,Bank Transfer,Mobile App,4,7
ORD007437,2024-04-15,CUST00379,Clothing,Jacket,34.72,3,0,104.16,Central,Bank Transfer,Phone,4,1
ORD007438,2024-04-17,CUST00976,Electronics,Tablet,246.79,1,0.2,197.43,South,PayPal,Phone,5,2
ORD007439,2024-12-29,CUST01977,Sports,Basketball,96.85,3,0,290.55,Central,Mobile Money,In-Store,4,3
ORD007440,2024-02-29,CUST00141,Books,Novel,24.08,3,0.05,68.63,West,Debit Card,Phone,5,6
ORD007441,2024-01-13,CUST00232,Books,Guide,15.54,2,0,31.08,Central,Debit Card,Phone,4,9
ORD007442,2024-12-07,CUST01594,Sports,Yoga Mat,748.73,5,0.15,3182.1,East,Bank Transfer,Web,5,3
ORD007443,2024-05-02,CUST01058,Clothing,Jeans,98.9,3,0,296.7,East,PayPal,Phone,3,4
ORD007444,2024-07-19,CUST00591,Sports,Basketball,776.9,5,0,3884.5,Central,Credit Card,Phone,2,12
ORD007445,2024-06-14,CUST00397,Sports,Tennis Racket,682.91,3,0,2048.73,Central,Mobile Money,Web,4,13
ORD007446,2024-11-20,CUST00379,Home,Blender,263.73,1,0.2,210.98,East,Debit Card,In-Store,2,9
ORD007447,2024-04-17,CUST01623,Home,Blender,159.1,5,0.1,715.95,East,Mobile Money,Web,3,8
ORD007448,2024-09-16,CUST01791,Books,Cookbook,48.05,3,0,144.15,East,Bank Transfer,In-Store,5,1
ORD007449,2024-03-16,CUST01923,Sports,Bicycle,692.5,4,0.05,2631.5,West,Debit Card,Web,4,10
ORD007450,2024-01-01,CUST01943,Clothing,Sneakers,146.71,1,0,146.71,East,Mobile Money,In-Store,5,1
ORD007451,2024-04-30,CUST01043,Sports,Dumbbell,489.18,1,0.05,464.72,Central,PayPal,Phone,4,12
ORD007452,2024-02-28,CUST01842,Home,Chair,119.18,3,0,357.54,South,Credit Card,Web,4,2
ORD007453,2024-05-09,CUST01925,Sports,Football,429.68,5,0,2148.4,East,Debit Card,Web,4,12
ORD007454,2024-06-08,CUST00504,Electronics,Camera,248.88,3,0.1,671.98,South,Debit Card,Web,5,13
ORD007455,2024-08-12,CUST01860,Books,Cookbook,41.87,3,0,125.61,Central,Credit Card,Web,5,8
ORD007456,2024-01-27,CUST00676,Books,Novel,53.79,5,0.15,228.61,South,Debit Card,Phone,5,1
ORD007457,2024-11-04,CUST01250,Electronics,Smartwatch,968.99,4,0,3875.96,Central,Mobile Money,In-Store,5,2
ORD007458,2024-05-08,CUST01165,Home,Pillow,362.0,2,0.05,687.8,West,Bank Transfer,Web,4,6
ORD007459,2024-01-21,CUST00341,Home,Pillow,146.14,1,0.1,131.53,West,Mobile Money,Web,5,3
ORD007460,2024-05-31,CUST00850,Home,Toaster,316.68,3,0,950.04,North,Bank Transfer,Mobile App,5,13
ORD007461,2024-01-25,CUST01000,Electronics,Headphones,408.03,3,0.05,1162.89,Central,Mobile Money,In-Store,1,1
ORD007462,2024-05-12,CUST01218,Books,Biography,33.38,4,0,133.52,South,PayPal,In-Store,5,10
ORD007463,2024-10-17,CUST00833,Clothing,Jeans,45.47,5,0.05,215.98,Central,Credit Card,Web,3,3
ORD007464,2024-05-20,CUST00413,Clothing,T-Shirt,103.15,4,0.05,391.97,North,Mobile Money,In-Store,4,12
ORD007465,2024-12-09,CUST00542,Sports,Yoga Mat,461.12,2,0.15,783.9,South,Debit Card,Mobile App,5,5
ORD007466,2024-05-01,CUST00964,Electronics,Smartphone,841.3,2,0,1682.6,North,Debit Card,Phone,4,6
ORD007467,2024-07-10,CUST00468,Clothing,Sneakers,131.44,4,0.1,473.18,Central,Credit Card,Phone,4,11
ORD007468,2024-10-09,CUST00473,Sports,Football,167.27,3,0.05,476.72,South,Debit Card,Phone,5,7
ORD007469,2024-09-13,CUST00214,Books,Novel,25.7,2,0.1,46.26,North,Mobile Money,Mobile App,3,13
ORD007470,2024-06-05,CUST01764,Clothing,Jacket,26.44,3,0.05,75.35,East,Debit Card,Mobile App,4,5
ORD007471,2024-04-26,CUST00221,Books,Guide,7.85,4,0.2,25.12,Central,Credit Card,In-Store,5,6
ORD007472,2024-11-08,CUST01463,Home,Chair,28.52,4,0,114.08,South,Bank Transfer,Phone,4,1
ORD007473,2024-05-12,CUST01558,Electronics,Camera,754.07,5,0.15,3204.8,South,PayPal,Web,5,7
ORD007474,2024-03-09,CUST00720,Electronics,Headphones,707.05,2,0.1,1272.69,North,Credit Card,Mobile App,1,5
ORD007475,2024-08-02,CUST01141,Sports,Dumbbell,284.8,4,0.1,1025.28,North,Credit Card,Mobile App,5,3
ORD007476,2024-09-06,CUST00329,Electronics,Smartphone,286.67,1,0,286.67,Central,Credit Card,In-Store,3,10
ORD007477,2024-05-13,CUST01001,Home,Pillow,133.69,1,0,133.69,East,Credit Card,Web,4,14
ORD007478,2024-08-17,CUST01778,Sports,Yoga Mat,25.02,3,0,75.06,East,Credit Card,Web,4,10
ORD007479,2024-01-26,CUST00845,Home,Toaster,194.82,2,0.05,370.16,South,PayPal,Web,5,6
ORD007480,2024-04-05,CUST00766,Electronics,Smartphone,102.81,3,0.05,293.01,South,Debit Card,Phone,3,10
ORD007481,2024-03-04,CUST00244,Electronics,Smartwatch,297.17,2,0.2,475.47,West,Debit Card,Phone,5,12
ORD007482,2024-10-11,CUST00589,Sports,Football,534.14,3,0,1602.42,East,Debit Card,Mobile App,5,4
ORD007483,2024-01-26,CUST01375,Home,Chair,271.44,3,0.05,773.6,South,PayPal,Phone,2,5
ORD007484,2024-03-08,CUST00176,Books,Cookbook,56.93,4,0.1,204.95,Central,PayPal,In-Store,5,12
ORD007485,2024-06-28,CUST01509,Electronics,Smartphone,727.3,2,0.15,1236.41,Central,Mobile Money,Phone,5,14
ORD007486,2024-09-16,CUST00594,Sports,Bicycle,728.65,5,0.05,3461.09,North,Mobile Money,Phone,4,8
ORD007487,2024-04-20,CUST00451,Sports,Bicycle,630.43,5,0.2,2521.72,Central,PayPal,In-Store,5,13
ORD007488,2024-06-11,CUST00127,Books,Textbook,6.64,1,0,6.64,East,Bank Transfer,Web,3,2
ORD007489,2024-09-30,CUST01631,Home,Blender,218.62,1,0,218.62,Central,Debit Card,Mobile App,5,2
ORD007490,2024-03-10,CUST00663,Clothing,Hat,70.27,3,0.1,189.73,South,PayPal,Mobile App,3,8
ORD007491,2024-07-22,CUST01881,Electronics,Laptop,1368.72,1,0.05,1300.28,Central,PayPal,Web,3,14
ORD007492,2024-05-20,CUST01514,Electronics,Smartphone,992.2,1,0.05,942.59,East,Credit Card,Mobile App,5,10
ORD007493,2024-09-27,CUST00042,Books,Guide,27.01,1,0,27.01,West,Bank Transfer,Web,5,5
ORD007494,2024-11-27,CUST00144,Clothing,Hat,92.33,1,0,92.33,Central,Bank Transfer,Web,4,3
ORD007495,2024-02-02,CUST01538,Electronics,Headphones,262.63,3,0,787.89,North,Credit Card,Phone,4,13
ORD007496,2024-01-10,CUST00754,Books,Guide,21.04,1,0,21.04,West,PayPal,Phone,4,9
ORD007497,2024-02-09,CUST01707,Electronics,Laptop,988.81,3,0,2966.43,South,Bank Transfer,Mobile App,3,14
ORD007498,2024-09-21,CUST01596,Electronics,Tablet,898.04,5,0,4490.2,South,Debit Card,In-Store,4,12
ORD007499,2024-03-26,CUST00879,Sports,Dumbbell,208.92,4,0.2,668.54,South,PayPal,Phone,5,2
ORD007500,2024-06-11,CUST00341,Sports,Bicycle,202.08,1,0.05,191.98,West,Mobile Money,Mobile App,5,1
ORD007501,2024-04-29,CUST01076,Sports,Dumbbell,567.17,3,0,1701.51,North,Credit Card,Mobile App,4,11
ORD007502,2024-05-17,CUST01522,Home,Pillow,125.6,4,0.15,427.04,West,Mobile Money,Phone,5,6
ORD007503,2024-06-09,CUST00322,Electronics,Headphones,261.67,4,0.15,889.68,Central,Credit Card,Mobile App,5,4
ORD007504,2024-05-12,CUST01202,Books,Comic,45.47,4,0,181.88,South,Credit Card,Web,2,2
ORD007505,2024-05-10,CUST00488,Home,Toaster,15.45,5,0,77.25,North,Bank Transfer,Mobile App,5,3
ORD007506,2024-05-19,CUST00757,Sports,Basketball,630.06,2,0.05,1197.11,West,Mobile Money,Mobile App,5,1
ORD007507,2024-06-09,CUST01909,Sports,Bicycle,54.69,4,0.1,196.88,East,Bank Transfer,In-Store,4,1
ORD007508,2024-07-27,CUST00137,Books,Biography,51.11,3,0,153.33,East,Mobile Money,Web,5,8
ORD007509,2024-03-11,CUST00416,Sports,Basketball,561.65,1,0,561.65,East,Bank Transfer,Mobile App,4,9
ORD007510,2024-06-07,CUST01669,Home,Table,142.7,1,0.05,135.57,South,Bank Transfer,Mobile App,5,14
ORD007511,2024-12-16,CUST00062,Sports,Football,173.06,4,0.1,623.02,North,Credit Card,Web,3,1
ORD007512,2024-08-30,CUST00460,Home,Blender,219.22,5,0.05,1041.3,West,PayPal,Phone,4,5
ORD007513,2024-02-28,CUST01193,Home,Chair,390.05,2,0.2,624.08,West,Bank Transfer,Mobile App,5,12
ORD007514,2024-08-20,CUST01190,Sports,Dumbbell,459.73,5,0.2,1838.92,South,PayPal,In-Store,5,10
ORD007515,2024-03-06,CUST01364,Books,Textbook,51.93,4,0,207.72,South,Credit Card,In-Store,5,3
ORD007516,2024-05-26,CUST00642,Books,Novel,24.81,4,0.1,89.32,West,PayPal,Web,4,1
ORD007517,2024-08-23,CUST00368,Electronics,Laptop,1133.63,3,0,3400.89,East,PayPal,Phone,4,4
ORD007518,2024-09-18,CUST01442,Books,Guide,36.35,5,0,181.75,North,Debit Card,Web,5,13
ORD007519,2024-11-25,CUST00905,Clothing,Jeans,129.69,5,0.05,616.03,Central,Bank Transfer,Phone,5,12
ORD007520,2024-03-17,CUST01684,Electronics,Headphones,813.63,2,0.2,1301.81,South,PayPal,Web,5,10
ORD007521,2024-04-27,CUST01929,Electronics,Tablet,1094.27,3,0.05,3118.67,South,Debit Card,Mobile App,3,12
ORD007522,2024-07-02,CUST00806,Clothing,Sneakers,133.8,1,0.05,127.11,Central,Bank Transfer,Mobile App,3,3
ORD007523,2024-05-19,CUST00637,Electronics,Smartwatch,883.04,1,0,883.04,Central,Debit Card,Web,2,12
ORD007524,2024-06-18,CUST01441,Books,Novel,43.7,3,0.2,104.88,West,Debit Card,Phone,5,9
ORD007525,2024-04-17,CUST01213,Home,Blender,90.8,2,0.15,154.36,East,Bank Transfer,In-Store,5,8
ORD007526,2024-04-15,CUST01488,Books,Novel,19.78,4,0,79.12,North,Bank Transfer,Mobile App,4,2
ORD007527,2024-04-18,CUST00995,Clothing,Socks,71.94,1,0.1,64.75,East,Credit Card,Mobile App,5,2
ORD007528,2024-05-17,CUST00176,Books,Cookbook,20.9,4,0.2,66.88,Central,Bank Transfer,Web,4,13
ORD007529,2024-12-11,CUST01961,Home,Pillow,186.99,4,0.2,598.37,East,Credit Card,In-Store,5,1
ORD007530,2024-11-07,CUST00177,Clothing,T-Shirt,81.63,3,0,244.89,Central,PayPal,Web,4,6
ORD007531,2024-07-28,CUST01340,Electronics,Headphones,641.9,2,0.1,1155.42,Central,Credit Card,In-Store,2,5
ORD007532,2024-03-14,CUST00455,Electronics,Camera,1203.51,1,0,1203.51,East,PayPal,In-Store,5,10
ORD007533,2024-04-02,CUST01810,Sports,Bicycle,301.3,5,0.05,1431.17,East,Mobile Money,Web,1,1
ORD007534,2024-03-12,CUST00356,Books,Guide,46.39,3,0.2,111.34,South,PayPal,Phone,2,13
ORD007535,2024-01-25,CUST01832,Clothing,Hat,124.18,4,0.2,397.38,North,Credit Card,Phone,5,12
ORD007536,2024-04-29,CUST00009,Electronics,Laptop,1127.62,1,0.15,958.48,South,Debit Card,Mobile App,5,4
ORD007537,2024-04-11,CUST01477,Clothing,Jeans,59.67,3,0,179.01,East,PayPal,Mobile App,4,14
ORD007538,2024-03-11,CUST01444,Books,Guide,51.56,4,0,206.24,East,Credit Card,Mobile App,4,2
ORD007539,2024-06-09,CUST00784,Books,Textbook,58.09,2,0,116.18,South,Debit Card,Mobile App,4,10
ORD007540,2024-05-14,CUST00876,Books,Textbook,20.31,5,0.2,81.24,North,Bank Transfer,Phone,4,12
ORD007541,2024-02-10,CUST01950,Electronics,Headphones,894.45,5,0.2,3577.8,North,PayPal,Web,2,12
ORD007542,2024-02-09,CUST01694,Books,Novel,39.52,1,0.1,35.57,East,Debit Card,In-Store,4,10
ORD007543,2024-07-05,CUST00412,Sports,Yoga Mat,590.17,1,0.2,472.14,South,Credit Card,Mobile App,5,9
ORD007544,2024-11-29,CUST01237,Clothing,Socks,62.09,3,0,186.27,East,Credit Card,Web,3,6
ORD007545,2024-01-28,CUST00854,Clothing,Socks,111.98,5,0,559.9,East,Bank Transfer,Phone,5,2
ORD007546,2024-04-18,CUST01385,Home,Blender,268.34,5,0.1,1207.53,South,PayPal,Phone,5,12
ORD007547,2024-03-28,CUST01884,Sports,Bicycle,332.19,3,0.1,896.91,Central,Mobile Money,Mobile App,5,13
ORD007548,2024-09-17,CUST00379,Sports,Tennis Racket,527.09,5,0.05,2503.68,West,Mobile Money,Mobile App,1,14
ORD007549,2024-05-23,CUST01620,Electronics,Laptop,514.32,4,0.05,1954.42,South,PayPal,In-Store,5,5
ORD007550,2024-09-20,CUST00317,Clothing,Socks,88.73,5,0,443.65,East,PayPal,Web,5,14
ORD007551,2024-09-04,CUST00373,Clothing,Sneakers,65.34,5,0,326.7,West,Debit Card,Phone,4,14
ORD007552,2024-01-12,CUST00877,Clothing,T-Shirt,43.48,5,0.15,184.79,North,Debit Card,Mobile App,5,10
ORD007553,2024-01-25,CUST00370,Books,Textbook,9.08,3,0.2,21.79,East,Credit Card,In-Store,3,11
ORD007554,2024-09-02,CUST01362,Electronics,Camera,1033.31,3,0,3099.93,Central,Mobile Money,Web,4,4
ORD007555,2024-09-23,CUST00046,Books,Biography,31.42,5,0,157.1,East,Mobile Money,Web,4,5
ORD007556,2024-07-25,CUST01011,Clothing,T-Shirt,102.44,4,0.2,327.81,Central,Mobile Money,Mobile App,5,6
ORD007557,2024-12-22,CUST00305,Sports,Bicycle,229.09,1,0.15,194.73,South,Mobile Money,In-Store,3,2
ORD007558,2024-04-11,CUST00965,Home,Chair,268.34,3,0.2,644.02,North,PayPal,Web,3,10
ORD007559,2024-07-27,CUST01482,Sports,Basketball,726.11,1,0.2,580.89,East,Bank Transfer,Mobile App,5,3
ORD007560,2024-05-30,CUST01822,Clothing,Jacket,11.22,5,0.2,44.88,West,PayPal,Mobile App,5,9
ORD007561,2024-05-04,CUST00299,Clothing,Jacket,134.34,4,0,537.36,East,Debit Card,Phone,5,5
ORD007562,2024-04-17,CUST00981,Home,Lamp,68.98,1,0,68.98,West,Credit Card,Mobile App,2,10
ORD007563,2024-06-16,CUST00078,Clothing,T-Shirt,88.78,4,0.2,284.1,West,PayPal,Mobile App,5,11
ORD007564,2024-11-10,CUST00869,Sports,Yoga Mat,636.1,1,0,636.1,West,Debit Card,Web,4,9
ORD007565,2024-01-05,CUST00801,Electronics,Tablet,787.31,2,0.2,1259.7,Central,Credit Card,In-Store,5,7
ORD007566,2024-02-25,CUST01099,Clothing,Jacket,13.23,4,0,52.92,East,Bank Transfer,Mobile App,4,14
ORD007567,2024-10-31,CUST00528,Books,Biography,24.9,2,0,49.8,North,Bank Transfer,In-Store,4,11
ORD007568,2024-11-17,CUST00404,Clothing,Jeans,137.41,3,0.15,350.4,East,Credit Card,Phone,5,10
ORD007569,2024-09-21,CUST00329,Sports,Yoga Mat,693.86,2,0,1387.72,East,PayPal,Phone,4,12
ORD007570,2024-01-03,CUST00807,Electronics,Camera,1373.61,4,0.1,4945.0,West,PayPal,In-Store,5,9
ORD007571,2024-10-07,CUST00772,Home,Pillow,387.74,4,0.2,1240.77,Central,Bank Transfer,Mobile App,5,7
ORD007572,2024-09-02,CUST00109,Sports,Yoga Mat,577.92,1,0,577.92,North,Credit Card,Mobile App,5,7
ORD007573,2024-09-11,CUST01432,Electronics,Headphones,1482.29,2,0.2,2371.66,East,PayPal,In-Store,2,6
ORD007574,2024-11-16,CUST00570,Books,Guide,23.52,3,0,70.56,South,Debit Card,Phone,2,2
ORD007575,2024-04-25,CUST01137,Home,Table,23.26,3,0,69.78,South,Debit Card,In-Store,4,13
ORD007576,2024-11-21,CUST00224,Sports,Football,228.47,1,0,228.47,North,Bank Transfer,Web,1,6
ORD007577,2024-03-28,CUST00209,Electronics,Camera,488.96,3,0.15,1246.85,West,PayPal,In-Store,5,9
ORD007578,2024-11-20,CUST01435,Electronics,Camera,1134.08,1,0,1134.08,South,PayPal,In-Store,5,2
ORD007579,2024-05-29,CUST00732,Sports,Dumbbell,630.0,4,0,2520.0,East,Mobile Money,In-Store,5,14
ORD007580,2024-03-10,CUST01728,Sports,Basketball,246.48,4,0.1,887.33,East,Bank Transfer,In-Store,4,6
ORD007581,2024-01-23,CUST00176,Sports,Dumbbell,123.74,1,0,123.74,West,Credit Card,Web,2,3
ORD007582,2024-08-31,CUST01013,Books,Cookbook,21.6,5,0.05,102.6,West,Credit Card,Mobile App,4,1
ORD007583,2024-08-13,CUST00712,Clothing,Hat,124.31,4,0,497.24,East,Mobile Money,In-Store,4,12
ORD007584,2024-07-15,CUST00911,Clothing,T-Shirt,105.2,5,0,526.0,North,Credit Card,Phone,5,3
ORD007585,2024-04-26,CUST01145,Home,Chair,144.09,2,0.1,259.36,West,Debit Card,Web,5,9
ORD007586,2024-11-06,CUST01282,Books,Guide,37.17,4,0,148.68,West,Debit Card,Phone,5,6
ORD007587,2024-07-13,CUST00048,Electronics,Smartphone,162.79,3,0.1,439.53,West,Credit Card,Mobile App,2,14
ORD007588,2024-08-26,CUST01135,Sports,Tennis Racket,731.47,4,0.15,2487.0,East,PayPal,Web,5,8
ORD007589,2024-04-18,CUST00212,Sports,Yoga Mat,728.94,2,0.1,1312.09,South,Debit Card,Phone,3,5
ORD007590,2024-01-26,CUST00818,Books,Guide,14.96,5,0,74.8,West,Debit Card,Web,4,7
ORD007591,2024-12-28,CUST00975,Home,Blender,133.43,3,0,400.29,East,Credit Card,Web,1,12
ORD007592,2024-01-23,CUST00984,Books,Novel,22.76,4,0.15,77.38,Central,Mobile Money,Web,4,3
ORD007593,2024-08-28,CUST00741,Clothing,Sneakers,112.16,2,0.1,201.89,West,Mobile Money,In-Store,5,7
ORD007594,2024-11-12,CUST01341,Home,Chair,255.09,3,0,765.27,Central,Credit Card,In-Store,5,5
ORD007595,2024-05-09,CUST00198,Books,Novel,32.32,4,0.2,103.42,West,Bank Transfer,Phone,5,8
ORD007596,2024-07-20,CUST01905,Home,Pillow,121.94,5,0.1,548.73,East,Credit Card,Phone,2,1
ORD007597,2024-07-05,CUST00468,Electronics,Smartwatch,67.05,3,0,201.15,East,Credit Card,Web,5,1
ORD007598,2024-08-16,CUST00051,Books,Guide,51.17,1,0.2,40.94,South,PayPal,In-Store,5,4
ORD007599,2024-04-06,CUST00737,Electronics,Laptop,999.56,4,0.15,3398.5,South,Mobile Money,In-Store,4,13
ORD007600,2024-03-03,CUST01960,Clothing,Socks,21.9,2,0.1,39.42,North,Bank Transfer,In-Store,3,4
ORD007601,2024-01-29,CUST01007,Sports,Football,113.42,5,0.2,453.68,East,Debit Card,Phone,5,5
ORD007602,2024-03-23,CUST00868,Electronics,Smartphone,1101.39,1,0,1101.39,West,PayPal,In-Store,5,11
ORD007603,2024-11-21,CUST00528,Sports,Dumbbell,77.42,5,0.1,348.39,South,Credit Card,Phone,4,3
ORD007604,2024-12-07,CUST01719,Home,Toaster,220.87,5,0,1104.35,South,Bank Transfer,Mobile App,5,6
ORD007605,2024-03-20,CUST00388,Clothing,Sneakers,58.68,3,0,176.04,Central,PayPal,Web,1,4
ORD007606,2024-08-26,CUST00802,Electronics,Smartphone,1433.02,1,0,1433.02,North,Bank Transfer,In-Store,5,12
ORD007607,2024-01-08,CUST01805,Home,Blender,191.0,2,0.1,343.8,East,PayPal,Web,5,9
ORD007608,2024-02-09,CUST01991,Home,Pillow,29.34,1,0.2,23.47,South,PayPal,Web,4,5
ORD007609,2024-07-07,CUST01100,Books,Textbook,24.85,4,0.05,94.43,Central,PayPal,In-Store,4,13
ORD007610,2024-04-28,CUST01886,Books,Biography,14.8,4,0.1,53.28,East,Bank Transfer,Phone,5,8
ORD007611,2024-12-27,CUST00803,Clothing,Sneakers,12.38,2,0,24.76,North,Mobile Money,In-Store,4,4
ORD007612,2024-03-22,CUST00380,Clothing,Sneakers,52.47,1,0.05,49.85,East,PayPal,Web,5,5
ORD007613,2024-01-12,CUST00372,Home,Toaster,326.59,5,0,1632.95,Central,Bank Transfer,Web,2,10
ORD007614,2024-07-12,CUST01967,Electronics,Laptop,1399.58,1,0,1399.58,Central,Credit Card,Web,3,11
ORD007615,2024-04-29,CUST00558,Electronics,Smartwatch,894.68,4,0.15,3041.91,Central,Bank Transfer,Mobile App,5,5
ORD007616,2024-01-01,CUST00973,Electronics,Smartphone,921.1,4,0.15,3131.74,North,Bank Transfer,Phone,5,3
ORD007617,2024-01-29,CUST01117,Sports,Dumbbell,57.19,3,0,171.57,Central,Debit Card,Web,4,3
ORD007618,2024-11-17,CUST00425,Home,Table,364.11,5,0,1820.55,Central,Mobile Money,In-Store,5,3
ORD007619,2024-09-18,CUST00634,Clothing,Jacket,78.65,5,0.15,334.26,South,Credit Card,In-Store,4,6
ORD007620,2024-03-27,CUST01472,Clothing,Hat,32.43,2,0,64.86,North,Credit Card,Mobile App,2,9
ORD007621,2024-07-22,CUST00355,Books,Guide,33.26,2,0,66.52,South,PayPal,Phone,4,2
ORD007622,2024-02-20,CUST01667,Electronics,Smartwatch,1316.71,2,0.05,2501.75,East,Mobile Money,Mobile App,3,10
ORD007623,2024-06-22,CUST00429,Books,Cookbook,34.87,2,0,69.74,North,Bank Transfer,In-Store,5,5
ORD007624,2024-06-02,CUST00412,Home,Pillow,319.11,5,0,1595.55,East,Mobile Money,Mobile App,4,5
ORD007625,2024-11-25,CUST00218,Books,Novel,49.75,4,0.1,179.1,West,Mobile Money,Web,4,1
ORD007626,2024-07-06,CUST00811,Sports,Bicycle,356.95,5,0.05,1695.51,East,Credit Card,Web,3,3
ORD007627,2024-02-12,CUST00070,Clothing,Jacket,66.39,3,0.2,159.34,West,Mobile Money,Web,4,14
ORD007628,2024-06-06,CUST01523,Home,Chair,46.32,1,0,46.32,North,Debit Card,Phone,3,2
ORD007629,2024-09-08,CUST01174,Sports,Basketball,573.46,5,0.15,2437.2,South,Debit Card,Web,5,1
ORD007630,2024-07-09,CUST01039,Sports,Football,364.19,5,0.2,1456.76,East,Bank Transfer,Web,5,11
ORD007631,2024-08-24,CUST01711,Sports,Basketball,421.12,2,0,842.24,Central,Mobile Money,Web,4,4
ORD007632,2024-03-17,CUST00865,Sports,Basketball,224.08,5,0.05,1064.38,North,Mobile Money,Web,4,6
ORD007633,2024-01-07,CUST00071,Electronics,Laptop,821.71,1,0,821.71,Central,Credit Card,Phone,3,9
ORD007634,2024-05-10,CUST00951,Books,Novel,57.36,1,0.15,48.76,West,Mobile Money,Web,2,4
ORD007635,2024-03-08,CUST00392,Home,Pillow,193.96,1,0.1,174.56,West,PayPal,Phone,4,13
ORD007636,2024-11-24,CUST00937,Home,Blender,73.39,3,0,220.17,West,Debit Card,Web,4,10
ORD007637,2024-04-20,CUST00654,Sports,Tennis Racket,595.19,5,0.15,2529.56,Central,Debit Card,Web,5,2
ORD007638,2024-02-01,CUST01209,Books,Cookbook,48.08,5,0.05,228.38,Central,Debit Card,In-Store,4,8
ORD007639,2024-05-31,CUST00052,Home,Lamp,54.79,1,0,54.79,South,PayPal,Mobile App,5,9
ORD007640,2024-04-13,CUST00232,Books,Comic,51.59,4,0.05,196.04,North,Credit Card,Web,5,8
ORD007641,2024-11-09,CUST00272,Books,Biography,5.13,2,0.05,9.75,West,Credit Card,In-Store,2,5
ORD007642,2024-11-04,CUST00011,Electronics,Smartwatch,794.2,3,0.05,2263.47,South,Bank Transfer,Mobile App,5,5
ORD007643,2024-06-08,CUST00431,Sports,Football,65.1,2,0,130.2,Central,Debit Card,Web,4,11
ORD007644,2024-08-09,CUST01194,Books,Comic,44.67,2,0,89.34,Central,Credit Card,Web,4,6
ORD007645,2024-12-11,CUST01070,Books,Cookbook,46.56,2,0.05,88.46,Central,PayPal,Mobile App,4,14
ORD007646,2024-07-18,CUST01266,Books,Cookbook,13.0,5,0,65.0,West,Bank Transfer,Mobile App,5,5
ORD007647,2024-09-09,CUST00139,Sports,Football,403.91,2,0.1,727.04,North,PayPal,Mobile App,2,6
ORD007648,2024-12-06,CUST01765,Electronics,Smartwatch,472.79,2,0,945.58,North,Debit Card,Web,3,12
ORD007649,2024-03-27,CUST00532,Sports,Bicycle,162.72,5,0.15,691.56,East,PayPal,Phone,5,1
ORD007650,2024-02-17,CUST01207,Home,Table,366.61,2,0,733.22,East,PayPal,Mobile App,3,3
ORD007651,2024-03-30,CUST00956,Home,Table,287.66,5,0,1438.3,Central,Credit Card,Web,2,6
ORD007652,2024-05-18,CUST00108,Electronics,Smartwatch,896.35,5,0.15,3809.49,Central,Credit Card,Phone,5,11
ORD007653,2024-10-26,CUST00205,Books,Textbook,18.42,2,0.05,35.0,North,Mobile Money,Mobile App,3,9
ORD007654,2024-11-17,CUST00869,Home,Lamp,137.17,2,0,274.34,West,Bank Transfer,In-Store,3,2
ORD007655,2024-06-03,CUST00911,Home,Table,358.87,1,0.1,322.98,East,PayPal,In-Store,4,7
ORD007656,2024-09-23,CUST00200,Clothing,Sneakers,87.79,1,0,87.79,East,Credit Card,Mobile App,4,13
ORD007657,2024-10-30,CUST00198,Electronics,Laptop,624.26,3,0,1872.78,South,Bank Transfer,Mobile App,4,7
ORD007658,2024-07-17,CUST01574,Clothing,Socks,137.34,2,0.2,219.74,North,PayPal,Phone,3,10
ORD007659,2024-04-13,CUST01464,Books,Biography,27.36,3,0,82.08,Central,PayPal,Web,4,8
ORD007660,2024-07-10,CUST00404,Sports,Bicycle,42.94,3,0.05,122.38,North,Debit Card,Mobile App,3,12
ORD007661,2024-04-26,CUST00012,Home,Pillow,353.64,1,0,353.64,North,Credit Card,Web,3,12
ORD007662,2024-11-18,CUST01405,Clothing,Jacket,96.03,3,0,288.09,Central,Debit Card,Mobile App,5,2
ORD007663,2024-02-22,CUST01107,Clothing,T-Shirt,115.43,3,0,346.29,North,Bank Transfer,In-Store,1,1
ORD007664,2024-12-26,CUST00701,Books,Biography,49.1,5,0.2,196.4,West,Credit Card,In-Store,5,14
ORD007665,2024-12-11,CUST01825,Electronics,Laptop,845.31,1,0,845.31,Central,Mobile Money,Web,4,7
ORD007666,2024-06-06,CUST01482,Sports,Tennis Racket,141.79,1,0.05,134.7,North,Mobile Money,In-Store,3,10
ORD007667,2024-05-15,CUST01326,Home,Chair,68.45,5,0.1,308.02,Central,Bank Transfer,Phone,4,7
ORD007668,2024-08-17,CUST00592,Clothing,Hat,26.92,1,0,26.92,North,Mobile Money,In-Store,4,11
ORD007669,2024-03-05,CUST00713,Sports,Dumbbell,40.66,1,0,40.66,North,Mobile Money,Mobile App,5,13
ORD007670,2024-09-26,CUST00681,Home,Table,57.42,4,0.05,218.2,South,Credit Card,In-Store,5,5
ORD007671,2024-10-23,CUST01876,Home,Blender,194.15,3,0.15,495.08,North,Bank Transfer,Phone,5,4
ORD007672,2024-06-12,CUST01099,Clothing,Socks,52.07,2,0,104.14,East,Credit Card,Web,1,3
ORD007673,2024-03-14,CUST01602,Books,Comic,54.82,1,0.05,52.08,Central,Bank Transfer,In-Store,4,3
ORD007674,2024-06-19,CUST01155,Electronics,Tablet,670.04,4,0,2680.16,Central,Debit Card,Mobile App,4,11
ORD007675,2024-07-10,CUST00424,Electronics,Smartwatch,719.82,3,0.05,2051.49,Central,Debit Card,In-Store,5,7
ORD007676,2024-11-22,CUST01654,Sports,Football,142.79,5,0.05,678.25,Central,Mobile Money,Phone,4,13
ORD007677,2024-02-29,CUST01326,Sports,Football,192.57,5,0.2,770.28,North,Bank Transfer,Phone,2,12
ORD007678,2024-10-25,CUST00860,Home,Lamp,82.45,5,0.1,371.02,East,Credit Card,Web,3,12
ORD007679,2024-08-21,CUST01757,Clothing,T-Shirt,95.44,5,0,477.2,Central,Debit Card,In-Store,4,9
ORD007680,2024-07-12,CUST01651,Home,Chair,85.93,5,0.15,365.2,North,Mobile Money,Phone,5,5
ORD007681,2024-07-27,CUST00973,Sports,Dumbbell,57.67,3,0.2,138.41,Central,Credit Card,Web,5,14
ORD007682,2024-03-17,CUST00498,Books,Cookbook,7.92,5,0.05,37.62,South,Bank Transfer,In-Store,5,6
ORD007683,2024-10-11,CUST01529,Books,Biography,37.43,4,0,149.72,North,Bank Transfer,In-Store,5,3
ORD007684,2024-03-05,CUST00837,Clothing,Hat,68.38,5,0.1,307.71,North,Mobile Money,In-Store,4,8
ORD007685,2024-08-11,CUST01072,Books,Cookbook,13.76,5,0.1,61.92,South,PayPal,Web,4,14
ORD007686,2024-01-23,CUST01079,Sports,Dumbbell,411.06,4,0.1,1479.82,Central,Mobile Money,Mobile App,3,6
ORD007687,2024-03-20,CUST00250,Sports,Tennis Racket,328.42,4,0.15,1116.63,Central,PayPal,In-Store,5,2
ORD007688,2024-07-25,CUST00948,Home,Blender,41.71,4,0,166.84,South,Bank Transfer,Mobile App,4,6
ORD007689,2024-06-21,CUST00540,Books,Biography,48.53,3,0,145.59,West,PayPal,Mobile App,5,2
ORD007690,2024-06-25,CUST00211,Home,Chair,395.7,5,0.1,1780.65,Central,Bank Transfer,Mobile App,3,2
ORD007691,2024-09-18,CUST00780,Home,Pillow,110.73,3,0.15,282.36,East,PayPal,Mobile App,5,14
ORD007692,2024-09-12,CUST00213,Clothing,Socks,80.45,1,0.05,76.43,West,PayPal,Mobile App,2,6
ORD007693,2024-08-26,CUST01366,Electronics,Smartwatch,1294.5,4,0.1,4660.2,West,Mobile Money,Phone,5,2
ORD007694,2024-12-10,CUST00936,Books,Guide,25.05,2,0,50.1,East,Bank Transfer,Phone,1,2
ORD007695,2024-05-20,CUST00533,Clothing,Socks,149.59,5,0,747.95,Central,PayPal,Web,5,1
ORD007696,2024-07-02,CUST00020,Home,Table,347.32,5,0.2,1389.28,West,Credit Card,Mobile App,5,1
ORD007697,2024-05-02,CUST00477,Books,Guide,44.11,5,0,220.55,East,Bank Transfer,Phone,5,2
ORD007698,2024-08-30,CUST01662,Home,Pillow,179.94,5,0.1,809.73,South,PayPal,Web,4,11
ORD007699,2024-12-29,CUST00410,Home,Toaster,166.51,2,0.1,299.72,West,Credit Card,Phone,3,9
ORD007700,2024-01-27,CUST00180,Books,Novel,17.59,2,0.2,28.14,East,Credit Card,Web,5,9
ORD007701,2024-01-23,CUST01081,Clothing,Sneakers,98.42,4,0.15,334.63,South,Credit Card,Phone,5,10
ORD007702,2024-01-11,CUST00703,Books,Biography,20.03,4,0.05,76.11,West,PayPal,Mobile App,5,1
ORD007703,2024-01-05,CUST00129,Home,Lamp,264.22,5,0,1321.1,Central,Debit Card,Phone,5,1
ORD007704,2024-11-10,CUST01621,Books,Textbook,8.42,1,0,8.42,West,Bank Transfer,Phone,4,1
ORD007705,2024-05-05,CUST00838,Sports,Football,474.32,3,0,1422.96,West,Debit Card,In-Store,2,6
ORD007706,2024-01-18,CUST01213,Books,Comic,23.64,3,0.2,56.74,East,Debit Card,In-Store,5,14
ORD007707,2024-04-26,CUST01715,Sports,Basketball,118.11,2,0,236.22,East,Debit Card,Web,4,8
ORD007708,2024-10-17,CUST00749,Books,Comic,57.35,2,0,114.7,West,Credit Card,Mobile App,3,12
ORD007709,2024-09-02,CUST00175,Books,Novel,11.84,3,0.05,33.74,West,Mobile Money,Mobile App,3,2
ORD007710,2024-06-05,CUST01060,Home,Pillow,140.35,5,0.1,631.58,East,Mobile Money,Web,4,7
ORD007711,2024-12-12,CUST01133,Sports,Bicycle,194.27,1,0.05,184.56,South,Mobile Money,Web,3,13
ORD007712,2024-12-03,CUST00177,Home,Pillow,60.07,3,0,180.21,East,PayPal,Phone,1,1
ORD007713,2024-04-07,CUST00938,Electronics,Tablet,1028.1,1,0.05,976.69,East,Bank Transfer,Web,4,2
ORD007714,2024-03-02,CUST01069,Clothing,Hat,97.6,1,0,97.6,Central,Debit Card,In-Store,5,6
ORD007715,2024-08-06,CUST01249,Books,Novel,9.97,1,0,9.97,Central,PayPal,In-Store,2,3
ORD007716,2024-07-03,CUST00029,Home,Pillow,111.11,2,0.2,177.78,Central,PayPal,Mobile App,4,1
ORD007717,2024-06-14,CUST00575,Books,Comic,39.3,5,0.1,176.85,East,Credit Card,Web,4,12
ORD007718,2024-12-01,CUST00287,Sports,Tennis Racket,267.25,5,0,1336.25,North,PayPal,In-Store,4,14
ORD007719,2024-01-06,CUST01246,Sports,Bicycle,557.42,4,0,2229.68,West,Mobile Money,Mobile App,4,11
ORD007720,2024-04-09,CUST01295,Home,Lamp,399.89,5,0,1999.45,Central,PayPal,Mobile App,4,5
ORD007721,2024-07-17,CUST01118,Sports,Football,792.01,2,0.2,1267.22,West,PayPal,Mobile App,4,6
ORD007722,2024-08-17,CUST00654,Home,Table,243.4,4,0,973.6,East,PayPal,Mobile App,3,9
ORD007723,2024-10-16,CUST00069,Sports,Basketball,141.53,3,0,424.59,Central,Bank Transfer,In-Store,2,8
ORD007724,2024-09-11,CUST01146,Home,Chair,395.29,2,0.05,751.05,South,Mobile Money,In-Store,4,10
ORD007725,2024-10-21,CUST00141,Sports,Dumbbell,313.57,1,0.05,297.89,North,PayPal,Web,4,12
ORD007726,2024-03-21,CUST01280,Clothing,T-Shirt,52.95,5,0.2,211.8,South,Debit Card,Phone,5,12
ORD007727,2024-04-24,CUST00509,Clothing,Jacket,60.13,4,0,240.52,West,Debit Card,In-Store,4,12
ORD007728,2024-02-07,CUST01311,Sports,Yoga Mat,717.35,5,0.1,3228.07,East,PayPal,Phone,2,6
ORD007729,2024-10-06,CUST00752,Sports,Bicycle,378.12,5,0.05,1796.07,North,Mobile Money,In-Store,4,6
ORD007730,2024-02-08,CUST01517,Electronics,Laptop,533.34,3,0.05,1520.02,West,Credit Card,Web,5,11
ORD007731,2024-05-05,CUST00274,Electronics,Laptop,1150.1,1,0,1150.1,West,PayPal,Web,3,8
ORD007732,2024-11-15,CUST01722,Clothing,Hat,64.97,2,0,129.94,Central,Mobile Money,Mobile App,3,7
ORD007733,2024-09-15,CUST01319,Electronics,Camera,1025.99,2,0.1,1846.78,East,PayPal,Mobile App,3,13
ORD007734,2024-02-21,CUST01976,Sports,Football,250.65,4,0.15,852.21,South,Mobile Money,Web,5,2
ORD007735,2024-09-10,CUST00257,Sports,Tennis Racket,111.03,5,0.1,499.63,North,Mobile Money,Mobile App,5,11
ORD007736,2024-07-13,CUST01104,Sports,Basketball,334.17,4,0.1,1203.01,Central,PayPal,In-Store,4,9
ORD007737,2024-08-19,CUST01903,Books,Cookbook,20.83,2,0,41.66,South,Debit Card,Web,3,7
ORD007738,2024-08-25,CUST01794,Clothing,Jacket,147.18,5,0,735.9,West,PayPal,Mobile App,5,6
ORD007739,2024-03-06,CUST01002,Sports,Bicycle,303.42,5,0,1517.1,East,Debit Card,In-Store,4,3
ORD007740,2024-10-25,CUST00723,Electronics,Tablet,74.38,3,0,223.14,North,Bank Transfer,Mobile App,5,12
ORD007741,2024-04-29,CUST01246,Home,Table,36.89,4,0.2,118.05,South,Mobile Money,Mobile App,5,6
ORD007742,2024-07-06,CUST00178,Clothing,Sneakers,19.51,3,0,58.53,Central,Bank Transfer,Mobile App,5,12
ORD007743,2024-03-14,CUST00446,Clothing,Socks,81.02,1,0,81.02,West,Credit Card,Mobile App,2,10
ORD007744,2024-04-20,CUST01034,Sports,Tennis Racket,631.73,2,0,1263.46,West,PayPal,In-Store,4,6
ORD007745,2024-12-17,CUST01977,Electronics,Smartphone,262.36,4,0.15,892.02,West,Bank Transfer,Phone,5,7
ORD007746,2024-05-27,CUST00261,Electronics,Headphones,1396.82,4,0,5587.28,North,Mobile Money,Web,4,8
ORD007747,2024-10-20,CUST01475,Books,Novel,17.72,3,0.15,45.19,South,Debit Card,Web,5,3
ORD007748,2024-02-15,CUST00881,Sports,Tennis Racket,475.1,3,0,1425.3,North,PayPal,In-Store,4,3
ORD007749,2024-03-12,CUST00922,Clothing,T-Shirt,132.87,2,0.05,252.45,East,Bank Transfer,In-Store,4,7
ORD007750,2024-06-15,CUST00744,Books,Guide,32.18,4,0.15,109.41,West,PayPal,Web,4,10
ORD007751,2024-09-13,CUST00654,Home,Chair,112.99,3,0,338.97,North,Bank Transfer,In-Store,2,12
ORD007752,2024-08-18,CUST01713,Electronics,Laptop,572.52,5,0,2862.6,East,Credit Card,In-Store,4,7
ORD007753,2024-06-02,CUST00309,Home,Chair,113.52,2,0,227.04,Central,Bank Transfer,Web,4,11
ORD007754,2024-10-18,CUST01517,Clothing,Socks,31.43,1,0,31.43,East,Bank Transfer,Web,4,14
ORD007755,2024-12-08,CUST01902,Home,Blender,243.72,5,0.05,1157.67,South,PayPal,Mobile App,5,1
ORD007756,2024-02-16,CUST01402,Electronics,Smartwatch,848.42,4,0.05,3224.0,Central,Mobile Money,Phone,2,4
ORD007757,2024-11-25,CUST01331,Electronics,Smartphone,1243.84,4,0.05,4726.59,East,Debit Card,In-Store,5,12
ORD007758,2024-10-08,CUST01735,Sports,Football,449.08,5,0.2,1796.32,West,Bank Transfer,Web,5,11
ORD007759,2024-10-12,CUST01303,Books,Textbook,9.43,5,0.05,44.79,South,Bank Transfer,In-Store,4,6
ORD007760,2024-12-08,CUST00502,Electronics,Camera,549.96,1,0.2,439.97,East,Mobile Money,Phone,5,8
ORD007761,2024-05-13,CUST00009,Clothing,T-Shirt,80.87,5,0,404.35,Central,Credit Card,Mobile App,4,12
ORD007762,2024-01-08,CUST01546,Books,Textbook,51.66,3,0.05,147.23,North,Credit Card,In-Store,1,7
ORD007763,2024-02-03,CUST01858,Books,Textbook,56.72,1,0.15,48.21,Central,PayPal,In-Store,2,6
ORD007764,2024-11-04,CUST01798,Books,Guide,38.41,2,0.2,61.46,South,Bank Transfer,Web,5,3
ORD007765,2024-07-26,CUST00816,Home,Lamp,55.05,3,0.05,156.89,East,Bank Transfer,In-Store,4,7
ORD007766,2024-06-02,CUST01883,Electronics,Tablet,941.65,1,0,941.65,Central,Mobile Money,Web,3,8
ORD007767,2024-02-20,CUST01798,Clothing,Socks,11.12,2,0.15,18.9,North,Debit Card,Phone,5,6
ORD007768,2024-07-29,CUST01835,Electronics,Smartwatch,326.97,1,0.15,277.92,North,Mobile Money,Mobile App,5,6
ORD007769,2024-03-03,CUST00978,Home,Pillow,366.32,5,0.05,1740.02,West,Debit Card,Web,5,7
ORD007770,2024-07-18,CUST00657,Books,Comic,8.25,1,0.2,6.6,Central,PayPal,Mobile App,5,5
ORD007771,2024-09-30,CUST01385,Home,Table,190.11,4,0,760.44,North,Bank Transfer,Mobile App,5,8
ORD007772,2024-07-19,CUST01226,Clothing,Jacket,90.57,4,0,362.28,Central,Debit Card,Phone,5,11
ORD007773,2024-12-10,CUST00347,Home,Lamp,55.76,5,0,278.8,West,Credit Card,Mobile App,1,7
ORD007774,2024-02-04,CUST01604,Home,Pillow,171.05,4,0.05,649.99,North,PayPal,Mobile App,5,14
ORD007775,2024-06-25,CUST00403,Books,Textbook,15.42,4,0.2,49.34,East,PayPal,Phone,4,8
ORD007776,2024-08-08,CUST00023,Sports,Bicycle,63.68,3,0,191.04,West,PayPal,Phone,5,10
ORD007777,2024-10-19,CUST01131,Sports,Basketball,282.78,5,0,1413.9,East,Mobile Money,Web,4,12
ORD007778,2024-02-11,CUST00531,Books,Biography,57.65,5,0.15,245.01,East,Credit Card,Mobile App,4,3
ORD007779,2024-10-16,CUST01563,Clothing,T-Shirt,30.87,5,0.15,131.2,East,Debit Card,Phone,5,5
ORD007780,2024-07-03,CUST00779,Clothing,Socks,55.96,5,0,279.8,East,PayPal,In-Store,5,11
ORD007781,2024-12-25,CUST00529,Sports,Basketball,647.26,2,0.05,1229.79,North,Mobile Money,Mobile App,3,10
ORD007782,2024-06-12,CUST00594,Home,Chair,117.46,5,0.2,469.84,Central,Bank Transfer,Web,5,1
ORD007783,2024-09-26,CUST00817,Books,Novel,26.7,1,0.2,21.36,South,PayPal,Web,5,9
ORD007784,2024-01-27,CUST01184,Clothing,Hat,40.1,2,0.15,68.17,South,Mobile Money,Mobile App,2,4
ORD007785,2024-04-01,CUST01012,Sports,Yoga Mat,139.49,5,0.2,557.96,North,Debit Card,Phone,5,11
ORD007786,2024-09-07,CUST00155,Books,Textbook,8.68,2,0,17.36,East,Mobile Money,Phone,5,4
ORD007787,2024-11-07,CUST01578,Electronics,Headphones,526.74,4,0,2106.96,West,Bank Transfer,Web,4,4
ORD007788,2024-05-23,CUST01482,Books,Novel,49.69,5,0.2,198.76,West,Bank Transfer,Mobile App,4,3
ORD007789,2024-10-25,CUST00689,Sports,Tennis Racket,530.85,2,0.05,1008.61,West,Credit Card,Phone,2,9
ORD007790,2024-11-18,CUST00633,Clothing,T-Shirt,17.17,2,0,34.34,East,Credit Card,In-Store,4,9
ORD007791,2024-06-05,CUST01345,Sports,Dumbbell,447.74,4,0.2,1432.77,Central,Mobile Money,In-Store,5,11
ORD007792,2024-02-19,CUST01817,Sports,Bicycle,182.87,2,0.2,292.59,South,Bank Transfer,Web,5,12
ORD007793,2024-11-22,CUST01927,Clothing,T-Shirt,55.73,4,0,222.92,North,Bank Transfer,Mobile App,5,12
ORD007794,2024-04-04,CUST00961,Books,Novel,51.99,4,0.15,176.77,Central,PayPal,Phone,3,4
ORD007795,2024-03-06,CUST00604,Electronics,Laptop,1295.68,5,0.1,5830.56,Central,Credit Card,Phone,2,2
ORD007796,2024-10-08,CUST01509,Electronics,Smartphone,412.29,2,0.1,742.12,East,Mobile Money,Web,4,2
ORD007797,2024-07-27,CUST01166,Home,Toaster,303.41,5,0.2,1213.64,West,PayPal,Mobile App,5,11
ORD007798,2024-12-09,CUST01843,Books,Guide,18.2,1,0,18.2,West,Bank Transfer,Web,5,13
ORD007799,2024-04-17,CUST01501,Clothing,Jeans,99.95,4,0.15,339.83,Central,Mobile Money,Phone,5,7
ORD007800,2024-08-21,CUST00138,Clothing,Hat,12.88,1,0,12.88,South,Bank Transfer,Mobile App,5,12
ORD007801,2024-12-07,CUST00995,Sports,Bicycle,75.74,4,0,302.96,South,PayPal,Web,5,11
ORD007802,2024-05-20,CUST01384,Sports,Basketball,121.66,1,0.2,97.33,South,Credit Card,Web,5,10
ORD007803,2024-08-16,CUST01045,Clothing,Jacket,90.6,1,0.2,72.48,Central,Debit Card,In-Store,4,2
ORD007804,2024-08-02,CUST00064,Sports,Basketball,519.8,2,0,1039.6,West,Credit Card,Web,4,2
ORD007805,2024-03-12,CUST01915,Home,Pillow,201.25,3,0.15,513.19,South,Credit Card,In-Store,5,9
ORD007806,2024-02-08,CUST00581,Electronics,Smartwatch,87.38,1,0,87.38,Central,Bank Transfer,Phone,4,3
ORD007807,2024-09-03,CUST00563,Clothing,T-Shirt,149.29,5,0.05,709.13,South,Bank Transfer,In-Store,3,2
ORD007808,2024-04-03,CUST01987,Home,Chair,110.81,5,0.1,498.64,North,Debit Card,Web,5,2
ORD007809,2024-07-04,CUST00539,Books,Guide,47.02,3,0,141.06,West,Mobile Money,Mobile App,2,4
ORD007810,2024-11-16,CUST00898,Home,Chair,394.56,4,0.05,1499.33,Central,Bank Transfer,In-Store,4,11
ORD007811,2024-05-03,CUST00546,Books,Comic,48.93,1,0,48.93,West,Bank Transfer,Web,4,12
ORD007812,2024-07-26,CUST01279,Electronics,Tablet,1052.54,4,0.2,3368.13,West,Credit Card,Mobile App,4,1
ORD007813,2024-07-28,CUST01603,Books,Comic,53.22,5,0,266.1,South,Bank Transfer,Phone,4,4
ORD007814,2024-05-12,CUST01300,Clothing,Jeans,92.34,1,0.1,83.11,East,Mobile Money,Phone,5,4
ORD007815,2024-09-11,CUST00502,Home,Chair,349.63,5,0.1,1573.33,West,Debit Card,Web,2,7
ORD007816,2024-12-07,CUST01322,Electronics,Smartwatch,374.25,4,0.15,1272.45,North,Mobile Money,Web,5,10
ORD007817,2024-02-11,CUST01644,Sports,Dumbbell,698.47,1,0.15,593.7,North,Mobile Money,Phone,5,11
ORD007818,2024-02-14,CUST01746,Sports,Tennis Racket,770.69,3,0.15,1965.26,East,Mobile Money,Phone,3,13
ORD007819,2024-05-20,CUST01918,Clothing,Jacket,27.93,4,0.2,89.38,West,Bank Transfer,In-Store,3,3
ORD007820,2024-08-12,CUST01804,Books,Novel,46.9,1,0,46.9,West,PayPal,Phone,5,14
ORD007821,2024-04-23,CUST01910,Books,Guide,46.94,3,0.2,112.66,Central,Bank Transfer,Mobile App,5,14
ORD007822,2024-01-06,CUST01051,Books,Novel,59.0,3,0.1,159.3,West,Credit Card,Web,5,14
ORD007823,2024-03-28,CUST01773,Clothing,Jacket,25.08,5,0.1,112.86,West,Credit Card,Mobile App,4,13
ORD007824,2024-02-28,CUST00352,Home,Chair,105.78,3,0,317.34,South,Credit Card,Web,5,4
ORD007825,2024-10-20,CUST00305,Sports,Basketball,75.71,1,0.15,64.35,Central,Bank Transfer,Mobile App,5,8
ORD007826,2024-09-06,CUST01908,Electronics,Camera,1402.22,5,0.2,5608.88,West,Debit Card,Mobile App,5,3
ORD007827,2024-01-27,CUST00025,Sports,Basketball,733.49,2,0.15,1246.93,South,Debit Card,Mobile App,5,9
ORD007828,2024-01-21,CUST00283,Home,Chair,61.17,3,0,183.51,South,PayPal,Web,4,8
ORD007829,2024-07-24,CUST01751,Home,Pillow,218.27,1,0,218.27,Central,Bank Transfer,Mobile App,3,5
ORD007830,2024-03-27,CUST01771,Books,Guide,28.89,1,0.15,24.56,South,Mobile Money,Phone,5,10
ORD007831,2024-01-24,CUST01143,Sports,Tennis Racket,36.95,3,0,110.85,South,Credit Card,Mobile App,4,13
ORD007832,2024-08-22,CUST01680,Books,Guide,53.0,5,0,265.0,Central,Mobile Money,Mobile App,4,14
ORD007833,2024-09-07,CUST00463,Home,Chair,237.03,2,0.15,402.95,West,PayPal,Web,4,2
ORD007834,2024-10-01,CUST00600,Clothing,Sneakers,85.94,5,0,429.7,South,Debit Card,Web,3,7
ORD007835,2024-03-15,CUST01062,Home,Toaster,386.26,2,0,772.52,South,Bank Transfer,Mobile App,5,8
ORD007836,2024-06-04,CUST00488,Sports,Football,324.5,3,0.2,778.8,East,Bank Transfer,In-Store,4,5
ORD007837,2024-08-11,CUST01873,Electronics,Smartphone,1267.3,2,0,2534.6,North,Mobile Money,Mobile App,4,14
ORD007838,2024-11-01,CUST00446,Home,Chair,100.98,5,0,504.9,South,PayPal,In-Store,4,6
ORD007839,2024-03-15,CUST00122,Clothing,T-Shirt,45.25,2,0,90.5,East,Debit Card,Phone,4,11
ORD007840,2024-01-07,CUST01573,Books,Textbook,33.51,5,0.1,150.8,West,Credit Card,Mobile App,4,2
ORD007841,2024-12-05,CUST00693,Sports,Dumbbell,567.18,2,0.15,964.21,East,Credit Card,Web,5,13
ORD007842,2024-08-10,CUST01145,Clothing,Jeans,11.23,2,0.15,19.09,Central,Mobile Money,In-Store,5,2
ORD007843,2024-06-09,CUST01458,Clothing,Sneakers,113.32,1,0.2,90.66,South,Mobile Money,Mobile App,5,11
ORD007844,2024-04-03,CUST00121,Electronics,Camera,1484.74,5,0.2,5938.96,North,Credit Card,Web,5,4
ORD007845,2024-10-13,CUST01162,Sports,Football,676.35,1,0,676.35,South,Bank Transfer,Mobile App,1,2
ORD007846,2024-09-28,CUST00216,Electronics,Smartphone,1285.59,5,0.2,5142.36,East,Credit Card,In-Store,5,2
ORD007847,2024-07-06,CUST00114,Books,Cookbook,36.93,2,0.05,70.17,North,Mobile Money,Mobile App,3,12
ORD007848,2024-04-23,CUST00102,Home,Chair,243.93,3,0,731.79,Central,Mobile Money,Web,4,6
ORD007849,2024-01-27,CUST01356,Home,Chair,389.59,2,0.15,662.3,South,Debit Card,Mobile App,5,8
ORD007850,2024-06-17,CUST01619,Electronics,Camera,593.51,5,0.05,2819.17,Central,Mobile Money,Mobile App,3,3
ORD007851,2024-01-30,CUST00372,Home,Chair,399.07,4,0.05,1516.47,Central,PayPal,In-Store,3,3
ORD007852,2024-02-24,CUST00459,Clothing,T-Shirt,127.25,1,0,127.25,North,Credit Card,Web,5,7
ORD007853,2024-08-08,CUST00093,Electronics,Smartwatch,690.06,1,0.15,586.55,East,Debit Card,Web,5,3
ORD007854,2024-06-27,CUST01445,Home,Lamp,380.29,5,0,1901.45,North,PayPal,In-Store,1,14
ORD007855,2024-05-25,CUST00248,Clothing,Jeans,40.88,3,0.05,116.51,Central,Credit Card,Mobile App,2,14
ORD007856,2024-07-04,CUST00573,Home,Chair,278.77,5,0,1393.85,West,Debit Card,Web,2,6
ORD007857,2024-02-24,CUST01349,Clothing,Sneakers,91.2,5,0.1,410.4,East,Mobile Money,Mobile App,5,9
ORD007858,2024-02-22,CUST01483,Books,Biography,35.26,1,0.1,31.73,Central,Debit Card,Phone,4,2
ORD007859,2024-05-29,CUST01179,Clothing,Sneakers,29.96,2,0.15,50.93,North,Mobile Money,Mobile App,5,12
ORD007860,2024-07-03,CUST00546,Sports,Yoga Mat,460.62,2,0.1,829.12,North,PayPal,In-Store,5,5
ORD007861,2024-04-03,CUST00021,Books,Textbook,42.73,1,0.1,38.46,West,Debit Card,Phone,4,9
ORD007862,2024-06-02,CUST00967,Books,Novel,51.15,5,0.2,204.6,West,Credit Card,Phone,4,8
ORD007863,2024-07-16,CUST00323,Sports,Tennis Racket,673.7,5,0.1,3031.65,Central,Mobile Money,Phone,4,5
ORD007864,2024-10-09,CUST01843,Clothing,Jeans,37.72,5,0.15,160.31,Central,PayPal,Mobile App,5,6
ORD007865,2024-07-22,CUST00730,Sports,Tennis Racket,65.6,5,0.15,278.8,South,PayPal,In-Store,5,9
ORD007866,2024-11-05,CUST01645,Electronics,Smartphone,1070.69,3,0,3212.07,South,Credit Card,Mobile App,5,2
ORD007867,2024-09-16,CUST00991,Clothing,Jacket,128.59,1,0,128.59,East,Credit Card,Phone,3,5
ORD007868,2024-07-29,CUST01852,Clothing,T-Shirt,94.9,2,0.15,161.33,Central,Mobile Money,Mobile App,3,2
ORD007869,2024-07-07,CUST00663,Home,Table,188.97,4,0.15,642.5,Central,Mobile Money,Phone,4,1
ORD007870,2024-12-21,CUST00868,Electronics,Smartwatch,1044.99,3,0.05,2978.22,North,Bank Transfer,Web,2,14
ORD007871,2024-06-30,CUST01723,Electronics,Headphones,481.87,3,0,1445.61,Central,Mobile Money,Web,3,11
ORD007872,2024-02-26,CUST01764,Home,Lamp,371.84,3,0,1115.52,Central,Credit Card,Mobile App,2,1
ORD007873,2024-02-17,CUST00654,Books,Guide,11.38,3,0.05,32.43,West,Bank Transfer,Phone,2,1
ORD007874,2024-02-26,CUST01561,Clothing,Socks,74.62,2,0.2,119.39,Central,PayPal,Mobile App,3,12
ORD007875,2024-07-16,CUST01879,Books,Novel,7.46,2,0.05,14.17,North,Mobile Money,Mobile App,5,3
ORD007876,2024-10-12,CUST00720,Sports,Bicycle,603.8,5,0.1,2717.1,Central,PayPal,In-Store,2,7
ORD007877,2024-11-28,CUST01213,Electronics,Headphones,879.54,3,0,2638.62,Central,Credit Card,In-Store,5,3
ORD007878,2024-01-31,CUST00209,Home,Chair,197.51,3,0.15,503.65,West,Credit Card,In-Store,5,4
ORD007879,2024-02-03,CUST00453,Books,Comic,20.33,2,0.2,32.53,North,Credit Card,Mobile App,5,1
ORD007880,2024-01-23,CUST00326,Electronics,Tablet,1027.74,2,0.2,1644.38,South,PayPal,Web,5,14
ORD007881,2024-10-07,CUST01753,Sports,Dumbbell,420.03,5,0.15,1785.13,South,Credit Card,Web,5,5
ORD007882,2024-09-10,CUST00524,Sports,Dumbbell,174.48,5,0.05,828.78,East,PayPal,Web,4,11
ORD007883,2024-01-27,CUST01784,Clothing,T-Shirt,132.11,1,0.05,125.5,South,Credit Card,Phone,4,9
ORD007884,2024-01-02,CUST00030,Sports,Yoga Mat,118.57,4,0.15,403.14,North,Debit Card,Web,4,3
ORD007885,2024-11-07,CUST00313,Sports,Football,280.86,2,0,561.72,Central,Debit Card,Web,3,2
ORD007886,2024-01-07,CUST00176,Clothing,T-Shirt,14.64,5,0.05,69.54,South,PayPal,In-Store,5,3
ORD007887,2024-07-31,CUST01836,Clothing,Sneakers,11.01,2,0,22.02,South,Debit Card,Web,4,8
ORD007888,2024-11-02,CUST01965,Electronics,Smartphone,411.87,2,0,823.74,East,PayPal,In-Store,5,1
ORD007889,2024-09-18,CUST01107,Sports,Basketball,238.12,4,0.15,809.61,West,Bank Transfer,Web,5,5
ORD007890,2024-07-28,CUST01645,Sports,Football,187.64,4,0.2,600.45,West,Bank Transfer,Mobile App,5,1
ORD007891,2024-09-17,CUST00656,Electronics,Camera,969.1,1,0,969.1,East,Mobile Money,Phone,4,7
ORD007892,2024-04-28,CUST00561,Electronics,Smartphone,435.59,5,0,2177.95,East,Debit Card,Web,3,12
ORD007893,2024-03-09,CUST00024,Home,Blender,49.7,2,0.05,94.43,East,Credit Card,Mobile App,5,10
ORD007894,2024-02-26,CUST00241,Home,Table,321.4,3,0.1,867.78,North,Credit Card,Mobile App,5,9
ORD007895,2024-02-16,CUST00809,Home,Chair,137.63,4,0.15,467.94,South,Debit Card,Mobile App,5,11
ORD007896,2024-02-15,CUST00959,Books,Guide,34.31,2,0,68.62,West,Debit Card,Phone,5,7
ORD007897,2024-01-06,CUST00578,Sports,Football,297.08,3,0.1,802.12,Central,Debit Card,Web,5,1
ORD007898,2024-04-20,CUST00923,Clothing,Jacket,53.37,5,0,266.85,East,Bank Transfer,Mobile App,2,1
ORD007899,2024-02-08,CUST00960,Sports,Dumbbell,623.95,4,0.1,2246.22,Central,Bank Transfer,Web,5,13
ORD007900,2024-10-16,CUST01935,Electronics,Camera,310.26,4,0.1,1116.94,Central,Credit Card,Phone,4,3
ORD007901,2024-03-29,CUST01679,Sports,Yoga Mat,255.82,1,0,255.82,South,Credit Card,Phone,5,12
ORD007902,2024-03-15,CUST00726,Home,Blender,357.44,1,0.2,285.95,South,Debit Card,In-Store,5,9
ORD007903,2024-01-10,CUST00896,Electronics,Camera,1402.31,5,0.2,5609.24,North,PayPal,In-Store,3,8
ORD007904,2024-05-21,CUST00538,Home,Pillow,317.03,2,0,634.06,Central,Debit Card,Phone,3,2
ORD007905,2024-08-22,CUST01196,Sports,Tennis Racket,454.14,3,0,1362.42,South,Debit Card,Phone,5,3
ORD007906,2024-08-31,CUST00039,Home,Toaster,284.41,3,0.2,682.58,West,Debit Card,Web,5,8
ORD007907,2024-10-30,CUST00116,Books,Cookbook,56.37,5,0.15,239.57,East,Debit Card,Web,5,5
ORD007908,2024-11-08,CUST01732,Home,Chair,311.29,1,0.15,264.6,North,Mobile Money,Mobile App,5,13
ORD007909,2024-01-01,CUST01279,Sports,Yoga Mat,504.32,1,0.05,479.1,West,PayPal,Web,5,8
ORD007910,2024-06-16,CUST01592,Clothing,Jeans,89.6,4,0,358.4,North,Bank Transfer,Web,5,14
ORD007911,2024-08-01,CUST01726,Sports,Basketball,538.37,1,0.1,484.53,South,Bank Transfer,In-Store,4,10
ORD007912,2024-07-20,CUST01476,Electronics,Tablet,1052.25,5,0,5261.25,West,Debit Card,Web,4,11
ORD007913,2024-09-13,CUST01820,Sports,Tennis Racket,58.96,5,0,294.8,West,Debit Card,Mobile App,4,13
ORD007914,2024-05-19,CUST00132,Electronics,Smartwatch,907.27,3,0,2721.81,Central,Mobile Money,Mobile App,4,5
ORD007915,2024-09-06,CUST00750,Sports,Dumbbell,45.08,1,0.05,42.83,North,Mobile Money,In-Store,3,12
ORD007916,2024-05-30,CUST01017,Books,Cookbook,41.2,5,0,206.0,Central,Credit Card,Web,5,2
ORD007917,2024-10-22,CUST01108,Clothing,Hat,120.72,5,0,603.6,West,Credit Card,Web,4,4
ORD007918,2024-06-15,CUST00602,Sports,Basketball,70.12,4,0,280.48,West,Mobile Money,Phone,4,2
ORD007919,2024-10-16,CUST01045,Home,Pillow,197.55,4,0.15,671.67,Central,Debit Card,Phone,4,10
ORD007920,2024-07-10,CUST01208,Home,Toaster,50.57,2,0.15,85.97,East,PayPal,Web,5,11
ORD007921,2024-01-15,CUST01808,Electronics,Tablet,1131.98,3,0,3395.94,North,PayPal,Mobile App,3,14
ORD007922,2024-02-28,CUST01216,Electronics,Camera,1384.79,4,0,5539.16,Central,Bank Transfer,In-Store,4,1
ORD007923,2024-03-12,CUST01696,Clothing,Sneakers,102.64,3,0,307.92,North,Mobile Money,Phone,4,14
ORD007924,2024-03-21,CUST00048,Sports,Bicycle,189.87,2,0.05,360.75,South,Bank Transfer,In-Store,2,9
ORD007925,2024-06-18,CUST00658,Sports,Yoga Mat,391.05,5,0,1955.25,South,Credit Card,Mobile App,4,7
ORD007926,2024-02-11,CUST00947,Clothing,Jeans,137.86,1,0.1,124.07,South,Mobile Money,Web,5,8
ORD007927,2024-06-07,CUST00682,Books,Novel,11.9,2,0,23.8,West,Bank Transfer,Mobile App,3,14
ORD007928,2024-11-14,CUST00602,Electronics,Headphones,273.96,5,0.1,1232.82,Central,Bank Transfer,In-Store,4,14
ORD007929,2024-09-23,CUST00357,Electronics,Laptop,1084.25,5,0.2,4337.0,West,Mobile Money,Mobile App,5,13
ORD007930,2024-05-08,CUST01341,Sports,Basketball,609.25,4,0.05,2315.15,West,PayPal,Phone,2,12
ORD007931,2024-06-24,CUST01864,Electronics,Laptop,1201.85,2,0.1,2163.33,West,Credit Card,Mobile App,5,5
ORD007932,2024-05-18,CUST00797,Sports,Basketball,290.38,3,0,871.14,North,Mobile Money,Phone,2,7
ORD007933,2024-10-09,CUST00254,Books,Cookbook,38.5,4,0.15,130.9,Central,PayPal,Mobile App,5,1
ORD007934,2024-09-08,CUST00528,Sports,Tennis Racket,260.41,2,0,520.82,North,PayPal,In-Store,4,13
ORD007935,2024-12-14,CUST01472,Books,Textbook,39.41,2,0,78.82,North,Bank Transfer,Web,3,2
ORD007936,2024-02-03,CUST01697,Clothing,Hat,13.95,2,0.1,25.11,Central,PayPal,Mobile App,3,13
ORD007937,2024-06-20,CUST00938,Electronics,Headphones,424.99,1,0,424.99,South,Credit Card,In-Store,4,7
ORD007938,2024-03-11,CUST01290,Home,Chair,80.8,1,0.1,72.72,Central,Credit Card,Phone,5,6
ORD007939,2024-01-03,CUST01829,Electronics,Camera,127.97,4,0.05,486.29,South,Bank Transfer,Web,4,7
ORD007940,2024-03-06,CUST00990,Sports,Dumbbell,744.14,2,0.1,1339.45,Central,Bank Transfer,Web,5,11
ORD007941,2024-10-12,CUST00218,Books,Textbook,15.85,3,0,47.55,East,Credit Card,Mobile App,5,7
ORD007942,2024-12-26,CUST00368,Sports,Tennis Racket,152.22,4,0,608.88,South,Bank Transfer,Phone,1,14
ORD007943,2024-05-29,CUST01586,Books,Novel,19.8,1,0,19.8,East,Credit Card,Phone,4,4
ORD007944,2024-05-04,CUST01250,Sports,Tennis Racket,765.68,5,0.2,3062.72,Central,Mobile Money,Web,4,1
ORD007945,2024-02-09,CUST01550,Home,Blender,138.84,5,0.1,624.78,Central,Credit Card,Web,2,7
ORD007946,2024-10-08,CUST01341,Books,Guide,53.15,5,0.1,239.17,Central,Credit Card,Web,5,3
ORD007947,2024-05-16,CUST01387,Sports,Football,253.67,4,0,1014.68,East,Credit Card,Web,3,13
ORD007948,2024-12-17,CUST01574,Electronics,Tablet,1232.8,3,0,3698.4,South,Debit Card,In-Store,5,10
ORD007949,2024-06-17,CUST00035,Books,Cookbook,8.02,4,0,32.08,Central,Mobile Money,Mobile App,3,12
ORD007950,2024-10-26,CUST01098,Books,Biography,59.26,5,0.05,281.48,South,Credit Card,Web,4,8
ORD007951,2024-12-10,CUST01276,Books,Biography,14.71,1,0.1,13.24,South,Mobile Money,In-Store,3,6
ORD007952,2024-08-01,CUST00812,Clothing,Sneakers,93.97,4,0.1,338.29,North,Mobile Money,Mobile App,4,9
ORD007953,2024-07-10,CUST01378,Electronics,Tablet,221.97,5,0.15,943.37,South,Credit Card,Mobile App,5,4
ORD007954,2024-07-15,CUST00070,Home,Lamp,25.5,2,0.05,48.45,South,Bank Transfer,In-Store,4,6
ORD007955,2024-08-12,CUST00165,Electronics,Smartphone,855.46,3,0.15,2181.42,North,Mobile Money,Phone,5,4
ORD007956,2024-03-17,CUST00162,Electronics,Headphones,409.03,4,0.2,1308.9,North,Credit Card,Web,4,10
ORD007957,2024-06-30,CUST00511,Home,Table,336.6,5,0.05,1598.85,North,Credit Card,Mobile App,4,1
ORD007958,2024-07-11,CUST00592,Books,Textbook,6.24,5,0,31.2,Central,Credit Card,Web,3,1
ORD007959,2024-03-26,CUST01644,Home,Lamp,66.79,4,0.2,213.73,East,Mobile Money,Phone,5,13
ORD007960,2024-09-29,CUST01597,Clothing,Sneakers,21.68,5,0,108.4,South,Mobile Money,Web,5,12
ORD007961,2024-07-02,CUST01346,Clothing,Sneakers,36.62,3,0.1,98.87,South,PayPal,Mobile App,5,5
ORD007962,2024-09-17,CUST00780,Sports,Basketball,131.29,1,0.2,105.03,South,Debit Card,Phone,4,3
ORD007963,2024-05-07,CUST00695,Clothing,Hat,21.54,1,0.2,17.23,North,Debit Card,In-Store,5,9
ORD007964,2024-07-19,CUST00914,Home,Table,316.14,2,0,632.28,North,Bank Transfer,Web,4,7
ORD007965,2024-03-13,CUST01032,Clothing,Jacket,129.49,4,0.2,414.37,Central,Bank Transfer,Mobile App,5,1
ORD007966,2024-03-29,CUST00365,Home,Table,50.99,4,0.2,163.17,Central,Credit Card,Mobile App,5,8
ORD007967,2024-11-17,CUST00685,Electronics,Headphones,1395.0,2,0,2790.0,Central,Credit Card,Web,4,13
ORD007968,2024-08-06,CUST00338,Books,Cookbook,19.58,1,0.2,15.66,North,Credit Card,Mobile App,2,3
ORD007969,2024-09-08,CUST00485,Electronics,Smartphone,565.1,3,0.2,1356.24,Central,Mobile Money,In-Store,5,9
ORD007970,2024-11-27,CUST01888,Home,Toaster,234.81,2,0.2,375.7,Central,Credit Card,Mobile App,5,3
ORD007971,2024-12-04,CUST00957,Home,Lamp,231.58,2,0,463.16,Central,Credit Card,Mobile App,5,8
ORD007972,2024-02-10,CUST00964,Home,Chair,325.75,1,0,325.75,North,Bank Transfer,In-Store,3,3
ORD007973,2024-01-03,CUST01099,Electronics,Laptop,1146.67,4,0.2,3669.34,Central,Bank Transfer,Mobile App,4,7
ORD007974,2024-05-28,CUST00996,Electronics,Laptop,85.39,3,0.2,204.94,West,Credit Card,In-Store,5,10
ORD007975,2024-02-10,CUST01581,Home,Chair,128.6,3,0,385.8,West,Bank Transfer,Web,3,14
ORD007976,2024-06-10,CUST01440,Sports,Yoga Mat,687.76,3,0.05,1960.12,East,Debit Card,Mobile App,5,6
ORD007977,2024-06-10,CUST00718,Home,Toaster,246.74,2,0.1,444.13,East,Debit Card,In-Store,4,2
ORD007978,2024-06-05,CUST01704,Electronics,Laptop,803.28,1,0,803.28,Central,Bank Transfer,Mobile App,1,3
ORD007979,2024-07-23,CUST00923,Sports,Bicycle,544.46,3,0.05,1551.71,South,PayPal,In-Store,3,9
ORD007980,2024-11-05,CUST00931,Clothing,Jacket,48.43,3,0.15,123.5,South,Mobile Money,Mobile App,5,5
ORD007981,2024-01-05,CUST00512,Sports,Bicycle,312.21,3,0.15,796.14,North,Bank Transfer,Phone,2,3
ORD007982,2024-10-04,CUST00163,Sports,Dumbbell,553.61,5,0,2768.05,Central,Bank Transfer,Mobile App,4,9
ORD007983,2024-03-06,CUST01309,Home,Toaster,24.54,1,0.05,23.31,East,Debit Card,In-Store,2,2
ORD007984,2024-12-05,CUST01520,Electronics,Smartphone,1248.94,1,0,1248.94,North,Credit Card,Mobile App,3,3
ORD007985,2024-07-28,CUST01213,Books,Textbook,18.59,5,0.1,83.66,West,Mobile Money,Phone,4,9
ORD007986,2024-09-19,CUST00729,Books,Biography,16.05,3,0.15,40.93,South,Bank Transfer,Web,3,3
ORD007987,2024-12-23,CUST01347,Clothing,T-Shirt,93.96,3,0,281.88,West,Credit Card,In-Store,5,7
ORD007988,2024-12-25,CUST01502,Sports,Football,228.82,2,0.05,434.76,East,PayPal,Phone,3,13
ORD007989,2024-02-08,CUST00908,Sports,Yoga Mat,255.94,1,0.15,217.55,North,Bank Transfer,Web,2,6
ORD007990,2024-07-28,CUST01619,Clothing,Socks,130.96,2,0,261.92,North,PayPal,Web,5,11
ORD007991,2024-12-12,CUST00568,Sports,Dumbbell,99.99,3,0,299.97,West,PayPal,Phone,5,4
ORD007992,2024-09-21,CUST00135,Sports,Tennis Racket,456.3,2,0,912.6,East,PayPal,Phone,3,10
ORD007993,2024-09-09,CUST00450,Electronics,Camera,987.76,3,0.15,2518.79,East,Bank Transfer,Web,5,6
ORD007994,2024-11-04,CUST01855,Home,Lamp,181.01,1,0.1,162.91,West,PayPal,Web,5,13
ORD007995,2024-03-22,CUST00389,Electronics,Headphones,1004.82,5,0.2,4019.28,Central,Credit Card,Web,3,6
ORD007996,2024-12-28,CUST01572,Electronics,Camera,654.05,4,0.15,2223.77,Central,Credit Card,Phone,5,10
ORD007997,2024-11-19,CUST00067,Sports,Bicycle,462.95,2,0.15,787.02,South,Bank Transfer,Mobile App,4,8
ORD007998,2024-04-20,CUST01414,Home,Pillow,271.15,5,0,1355.75,North,Debit Card,Web,5,8
ORD007999,2024-10-28,CUST00948,Electronics,Smartwatch,899.17,3,0,2697.51,North,Bank Transfer,Web,3,4
ORD008000,2024-08-11,CUST00796,Home,Lamp,38.58,5,0,192.9,Central,Credit Card,In-Store,2,4
ORD008001,2024-08-27,CUST01785,Books,Novel,8.14,4,0,32.56,Central,Mobile Money,Phone,5,1
ORD008002,2024-03-07,CUST00216,Clothing,Jacket,109.01,5,0,545.05,West,Mobile Money,Mobile App,4,13
ORD008003,2024-11-25,CUST01568,Clothing,Sneakers,85.45,3,0.15,217.9,North,Credit Card,In-Store,5,12
ORD008004,2024-12-04,CUST01643,Clothing,Hat,93.06,1,0.05,88.41,West,Debit Card,Web,4,9
ORD008005,2024-08-22,CUST00993,Home,Table,63.79,3,0.05,181.8,Central,Mobile Money,Web,4,6
ORD008006,2024-07-13,CUST00192,Home,Lamp,365.5,4,0.15,1242.7,North,PayPal,Mobile App,5,5
ORD008007,2024-06-04,CUST01969,Electronics,Camera,1469.86,3,0,4409.58,Central,Bank Transfer,Phone,2,11
ORD008008,2024-09-21,CUST01611,Sports,Dumbbell,464.73,4,0.05,1765.97,Central,Credit Card,Web,4,8
ORD008009,2024-01-07,CUST01564,Sports,Basketball,412.49,1,0.05,391.87,South,Mobile Money,Phone,3,5
ORD008010,2024-04-17,CUST00625,Electronics,Tablet,1374.87,4,0,5499.48,North,Credit Card,Mobile App,4,2
ORD008011,2024-11-22,CUST00112,Electronics,Laptop,585.95,4,0.2,1875.04,North,Bank Transfer,Mobile App,5,1
ORD008012,2024-04-02,CUST00710,Books,Cookbook,21.81,1,0.1,19.63,West,Credit Card,In-Store,5,4
ORD008013,2024-03-18,CUST01627,Clothing,T-Shirt,26.7,2,0,53.4,South,Debit Card,Mobile App,5,11
ORD008014,2024-02-11,CUST00407,Home,Table,34.8,3,0.05,99.18,Central,PayPal,In-Store,3,8
ORD008015,2024-02-26,CUST01864,Clothing,Socks,75.36,1,0,75.36,East,Mobile Money,Mobile App,4,14
ORD008016,2024-07-13,CUST00790,Home,Lamp,138.99,3,0.1,375.27,West,Credit Card,Phone,1,12
ORD008017,2024-05-19,CUST01497,Books,Biography,19.65,1,0,19.65,West,Bank Transfer,Mobile App,3,5
ORD008018,2024-02-24,CUST01714,Sports,Yoga Mat,250.92,4,0,1003.68,West,Bank Transfer,Web,4,1
ORD008019,2024-10-26,CUST00488,Home,Toaster,104.32,4,0.15,354.69,West,Credit Card,Phone,5,4
ORD008020,2024-11-19,CUST01469,Electronics,Laptop,686.59,5,0.1,3089.65,North,Credit Card,In-Store,3,10
ORD008021,2024-04-29,CUST00681,Clothing,Sneakers,87.55,2,0.15,148.84,Central,Mobile Money,Mobile App,4,5
ORD008022,2024-01-29,CUST00787,Home,Lamp,44.09,1,0.15,37.48,East,Credit Card,In-Store,5,11
ORD008023,2024-07-31,CUST01579,Electronics,Smartphone,797.02,2,0,1594.04,South,Mobile Money,In-Store,3,9
ORD008024,2024-07-16,CUST00679,Sports,Basketball,656.97,5,0.1,2956.36,South,Credit Card,In-Store,5,9
ORD008025,2024-12-13,CUST01232,Sports,Basketball,712.58,2,0.05,1353.9,North,Debit Card,In-Store,4,2
ORD008026,2024-11-09,CUST01055,Home,Toaster,169.46,3,0,508.38,West,Credit Card,Mobile App,3,10
ORD008027,2024-09-11,CUST00859,Sports,Football,515.22,5,0,2576.1,North,PayPal,In-Store,5,6
ORD008028,2024-09-23,CUST00056,Sports,Bicycle,26.3,4,0,105.2,North,Debit Card,Phone,4,6
ORD008029,2024-04-13,CUST00807,Electronics,Smartphone,317.78,1,0.05,301.89,Central,Credit Card,Mobile App,4,7
ORD008030,2024-10-07,CUST00783,Home,Pillow,186.63,3,0.1,503.9,Central,PayPal,Mobile App,5,13
ORD008031,2024-09-28,CUST01569,Electronics,Camera,299.04,5,0.1,1345.68,East,PayPal,Web,3,5
ORD008032,2024-04-01,CUST01790,Clothing,T-Shirt,23.25,5,0,116.25,West,Debit Card,Phone,4,4
ORD008033,2024-05-01,CUST01927,Clothing,Jacket,135.76,1,0,135.76,East,Debit Card,Web,2,9
ORD008034,2024-01-19,CUST01249,Electronics,Tablet,514.69,1,0,514.69,North,PayPal,Phone,3,6
ORD008035,2024-02-14,CUST01953,Home,Pillow,320.13,4,0.1,1152.47,South,PayPal,In-Store,4,2
ORD008036,2024-02-22,CUST01042,Sports,Yoga Mat,783.15,5,0.15,3328.39,East,Mobile Money,Web,5,3
ORD008037,2024-09-07,CUST00623,Books,Novel,38.53,5,0,192.65,North,Bank Transfer,Phone,3,9
ORD008038,2024-07-05,CUST01345,Clothing,Jeans,42.75,1,0.05,40.61,Central,Mobile Money,Phone,3,2
ORD008039,2024-12-23,CUST01867,Clothing,Jacket,58.0,2,0,116.0,South,Mobile Money,Phone,5,2
ORD008040,2024-02-14,CUST01094,Books,Biography,57.29,1,0,57.29,North,Bank Transfer,In-Store,5,13
ORD008041,2024-10-29,CUST01122,Home,Pillow,41.13,2,0.15,69.92,Central,Bank Transfer,Mobile App,4,4
ORD008042,2024-10-08,CUST00620,Electronics,Laptop,866.94,5,0.05,4117.96,North,PayPal,Mobile App,3,11
ORD008043,2024-07-16,CUST00700,Home,Pillow,167.69,3,0,503.07,West,PayPal,Mobile App,1,3
ORD008044,2024-06-21,CUST01646,Sports,Football,58.48,5,0.1,263.16,Central,Credit Card,In-Store,5,8
ORD008045,2024-08-08,CUST01855,Clothing,Sneakers,140.71,1,0.2,112.57,West,Debit Card,Mobile App,5,10
ORD008046,2024-01-07,CUST01043,Sports,Basketball,694.95,2,0,1389.9,West,PayPal,Mobile App,3,2
ORD008047,2024-12-20,CUST00125,Clothing,Jeans,54.26,3,0.1,146.5,Central,PayPal,Web,3,9
ORD008048,2024-03-21,CUST00091,Home,Table,121.32,4,0.15,412.49,East,Debit Card,In-Store,5,6
ORD008049,2024-08-17,CUST00179,Books,Guide,53.16,4,0,212.64,South,Bank Transfer,Mobile App,3,14
ORD008050,2024-11-25,CUST00328,Electronics,Laptop,982.23,1,0.1,884.01,Central,Debit Card,Web,5,8
ORD008051,2024-11-26,CUST00353,Home,Chair,218.59,3,0.2,524.62,Central,Credit Card,Mobile App,5,3
ORD008052,2024-06-11,CUST00875,Electronics,Camera,673.25,1,0.2,538.6,West,Debit Card,Mobile App,5,8
ORD008053,2024-08-12,CUST01497,Books,Novel,7.67,2,0.2,12.27,Central,Mobile Money,Phone,5,11
ORD008054,2024-03-18,CUST00056,Home,Pillow,298.19,4,0,1192.76,East,Mobile Money,Web,3,6
ORD008055,2024-03-11,CUST01475,Electronics,Smartphone,1054.2,1,0.1,948.78,East,Bank Transfer,Mobile App,3,7
ORD008056,2024-01-25,CUST00573,Sports,Basketball,276.8,1,0.05,262.96,East,PayPal,Mobile App,4,7
ORD008057,2024-06-04,CUST01552,Books,Comic,28.94,2,0,57.88,South,Debit Card,Mobile App,3,8
ORD008058,2024-12-10,CUST00382,Clothing,T-Shirt,140.11,1,0,140.11,South,Credit Card,In-Store,4,5
ORD008059,2024-05-19,CUST00615,Sports,Yoga Mat,27.3,1,0,27.3,East,PayPal,Phone,4,14
ORD008060,2024-03-09,CUST01011,Clothing,Jeans,80.0,5,0.2,320.0,South,Mobile Money,Mobile App,5,5
ORD008061,2024-12-15,CUST01769,Clothing,Jeans,46.73,4,0,186.92,Central,PayPal,In-Store,1,4
ORD008062,2024-10-09,CUST00690,Books,Biography,55.04,2,0.15,93.57,East,Bank Transfer,In-Store,5,13
ORD008063,2024-10-22,CUST00755,Sports,Yoga Mat,455.93,4,0,1823.72,Central,Bank Transfer,Phone,4,7
ORD008064,2024-01-02,CUST01566,Sports,Yoga Mat,764.46,2,0,1528.92,West,Credit Card,Web,4,7
ORD008065,2024-02-26,CUST00437,Clothing,Jeans,57.01,5,0.15,242.29,North,Bank Transfer,Mobile App,5,11
ORD008066,2024-07-16,CUST01190,Home,Pillow,343.25,3,0.2,823.8,East,Mobile Money,Phone,5,11
ORD008067,2024-12-06,CUST00874,Home,Blender,283.74,1,0,283.74,South,PayPal,In-Store,1,2
ORD008068,2024-03-13,CUST00463,Clothing,Socks,18.35,4,0,73.4,East,Bank Transfer,In-Store,4,14
ORD008069,2024-06-01,CUST01141,Books,Cookbook,47.23,3,0.1,127.52,East,PayPal,Mobile App,2,7
ORD008070,2024-08-13,CUST00754,Home,Pillow,121.75,3,0,365.25,West,PayPal,In-Store,5,10
ORD008071,2024-05-18,CUST00699,Home,Lamp,142.27,4,0,569.08,North,Debit Card,Mobile App,4,3
ORD008072,2024-07-09,CUST01152,Sports,Yoga Mat,72.45,5,0.15,307.91,Central,Mobile Money,Phone,5,9
ORD008073,2024-01-03,CUST01427,Electronics,Laptop,601.04,3,0,1803.12,Central,Bank Transfer,Web,5,5
ORD008074,2024-11-05,CUST01661,Sports,Football,679.72,4,0.05,2582.94,East,Mobile Money,In-Store,4,9
ORD008075,2024-08-06,CUST01975,Electronics,Laptop,488.17,5,0.15,2074.72,Central,Credit Card,Web,5,14
ORD008076,2024-03-23,CUST00032,Clothing,Sneakers,124.66,5,0,623.3,Central,Debit Card,In-Store,3,3
ORD008077,2024-05-31,CUST00350,Books,Comic,54.7,4,0.1,196.92,South,Bank Transfer,Web,4,6
ORD008078,2024-11-22,CUST01262,Home,Lamp,136.76,2,0.2,218.82,South,Mobile Money,Mobile App,4,10
ORD008079,2024-05-19,CUST00195,Sports,Yoga Mat,646.62,2,0,1293.24,West,Credit Card,In-Store,3,3
ORD008080,2024-11-15,CUST01568,Books,Textbook,46.17,4,0,184.68,West,Debit Card,In-Store,4,7
ORD008081,2024-07-29,CUST00760,Sports,Yoga Mat,416.83,3,0.05,1187.97,North,PayPal,Phone,5,6
ORD008082,2024-11-13,CUST01673,Sports,Tennis Racket,387.78,2,0.15,659.23,Central,Credit Card,Web,5,10
ORD008083,2024-05-08,CUST00734,Home,Lamp,147.44,5,0.2,589.76,South,Bank Transfer,Web,5,12
ORD008084,2024-01-27,CUST01842,Sports,Tennis Racket,792.07,3,0.1,2138.59,South,Credit Card,Phone,4,7
ORD008085,2024-05-08,CUST00817,Sports,Basketball,549.11,1,0,549.11,North,Debit Card,In-Store,5,5
ORD008086,2024-04-26,CUST01031,Clothing,Socks,26.89,4,0.15,91.43,East,Bank Transfer,Phone,5,3
ORD008087,2024-06-06,CUST00070,Books,Comic,18.71,4,0.1,67.36,West,Credit Card,Web,4,4
ORD008088,2024-06-11,CUST00567,Home,Chair,322.22,2,0,644.44,East,Credit Card,In-Store,5,8
ORD008089,2024-01-17,CUST01321,Electronics,Laptop,1245.34,4,0,4981.36,North,Debit Card,Web,4,2
ORD008090,2024-09-18,CUST01037,Electronics,Laptop,422.23,2,0,844.46,West,Credit Card,In-Store,5,10
ORD008091,2024-01-23,CUST01946,Books,Novel,12.5,2,0,25.0,North,Credit Card,Web,4,10
ORD008092,2024-02-13,CUST01058,Sports,Tennis Racket,273.63,2,0.05,519.9,South,Mobile Money,Web,4,3
ORD008093,2024-08-13,CUST01820,Books,Novel,12.11,5,0,60.55,West,Credit Card,In-Store,4,1
ORD008094,2024-01-08,CUST00023,Clothing,Sneakers,25.36,2,0.2,40.58,North,Bank Transfer,In-Store,5,10
ORD008095,2024-01-05,CUST00433,Home,Chair,146.74,3,0,440.22,East,Credit Card,Mobile App,5,5
ORD008096,2024-06-02,CUST01355,Home,Blender,162.96,3,0.1,439.99,Central,Mobile Money,Mobile App,4,7
ORD008097,2024-12-19,CUST00841,Sports,Bicycle,75.09,4,0.15,255.31,East,Mobile Money,Phone,5,7
ORD008098,2024-12-27,CUST01051,Clothing,Jeans,70.97,2,0.15,120.65,Central,Debit Card,Phone,5,9
ORD008099,2024-07-08,CUST00621,Books,Biography,34.87,2,0,69.74,Central,PayPal,Web,4,7
ORD008100,2024-06-24,CUST00663,Books,Textbook,56.5,4,0,226.0,East,Bank Transfer,In-Store,4,6
ORD008101,2024-02-27,CUST01097,Clothing,Jacket,14.26,3,0,42.78,South,Debit Card,Web,4,5
ORD008102,2024-04-01,CUST01638,Clothing,T-Shirt,103.72,3,0.05,295.6,Central,Credit Card,Mobile App,4,3
ORD008103,2024-05-22,CUST00993,Books,Novel,55.98,3,0,167.94,East,Credit Card,Mobile App,1,5
ORD008104,2024-10-30,CUST00061,Clothing,Jeans,149.16,3,0.1,402.73,West,Bank Transfer,Web,4,11
ORD008105,2024-12-13,CUST00777,Home,Pillow,72.67,4,0,290.68,West,Mobile Money,Mobile App,5,5
ORD008106,2024-12-16,CUST01247,Sports,Yoga Mat,123.22,5,0,616.1,East,Bank Transfer,Web,5,4
ORD008107,2024-03-27,CUST01508,Electronics,Smartphone,87.22,2,0.15,148.27,Central,Mobile Money,In-Store,5,6
ORD008108,2024-02-14,CUST01004,Sports,Dumbbell,271.33,2,0,542.66,Central,Credit Card,Web,4,3
ORD008109,2024-04-18,CUST01647,Sports,Football,694.89,3,0.1,1876.2,South,Credit Card,Phone,4,5
ORD008110,2024-02-12,CUST00381,Electronics,Headphones,774.15,1,0,774.15,Central,Credit Card,Phone,3,9
ORD008111,2024-08-23,CUST00719,Clothing,Jacket,10.15,1,0.05,9.64,North,Debit Card,Web,4,13
ORD008112,2024-04-21,CUST00881,Electronics,Smartwatch,842.45,3,0.1,2274.61,North,Bank Transfer,In-Store,2,4
ORD008113,2024-05-04,CUST00392,Sports,Bicycle,135.22,5,0,676.1,Central,PayPal,Web,4,11
ORD008114,2024-08-27,CUST01948,Electronics,Smartwatch,1263.36,4,0,5053.44,Central,Debit Card,Mobile App,3,13
ORD008115,2024-08-09,CUST01752,Electronics,Headphones,549.25,1,0,549.25,North,Credit Card,In-Store,5,10
ORD008116,2024-07-03,CUST01856,Books,Guide,38.44,3,0.15,98.02,Central,Credit Card,Phone,5,9
ORD008117,2024-07-20,CUST00254,Electronics,Smartwatch,853.79,3,0.05,2433.3,West,Debit Card,In-Store,3,4
ORD008118,2024-04-17,CUST01176,Electronics,Headphones,435.58,2,0.15,740.49,South,Credit Card,In-Store,5,6
ORD008119,2024-10-11,CUST01501,Books,Comic,10.34,2,0.1,18.61,South,Mobile Money,Phone,4,10
ORD008120,2024-04-22,CUST00976,Electronics,Tablet,425.64,3,0.2,1021.54,North,Debit Card,Phone,5,8
ORD008121,2024-09-20,CUST01846,Books,Textbook,10.41,4,0.15,35.39,West,Debit Card,Phone,5,9
ORD008122,2024-11-16,CUST01521,Clothing,Sneakers,57.64,1,0.2,46.11,South,Debit Card,In-Store,4,14
ORD008123,2024-08-03,CUST00466,Home,Toaster,394.57,2,0.05,749.68,Central,Mobile Money,Phone,3,2
ORD008124,2024-06-17,CUST00303,Sports,Basketball,769.71,2,0.1,1385.48,North,PayPal,In-Store,3,10
ORD008125,2024-11-17,CUST01921,Home,Chair,75.11,5,0.2,300.44,North,PayPal,Web,5,1
ORD008126,2024-12-01,CUST01604,Home,Pillow,50.92,3,0,152.76,Central,Mobile Money,Mobile App,4,3
ORD008127,2024-02-27,CUST01034,Sports,Football,58.67,5,0.1,264.01,West,Credit Card,In-Store,4,1
ORD008128,2024-11-18,CUST00208,Electronics,Laptop,370.01,5,0.2,1480.04,South,Debit Card,Web,5,4
ORD008129,2024-04-26,CUST01154,Books,Novel,35.95,1,0,35.95,West,Credit Card,Mobile App,4,7
ORD008130,2024-08-28,CUST01423,Sports,Football,371.39,5,0,1856.95,East,PayPal,Phone,4,10
ORD008131,2024-01-25,CUST00163,Books,Cookbook,5.12,5,0,25.6,Central,Debit Card,Phone,3,10
ORD008132,2024-01-03,CUST01178,Sports,Football,231.07,4,0,924.28,North,Bank Transfer,In-Store,4,10
ORD008133,2024-03-31,CUST00431,Clothing,Jeans,56.25,2,0,112.5,North,PayPal,Phone,4,9
ORD008134,2024-06-01,CUST00570,Electronics,Tablet,518.37,1,0,518.37,South,Credit Card,Web,5,2
ORD008135,2024-06-25,CUST00282,Electronics,Camera,1322.39,4,0,5289.56,North,Credit Card,Phone,5,6
ORD008136,2024-03-26,CUST00875,Clothing,Jacket,37.65,3,0.15,96.01,East,Debit Card,Phone,5,6
ORD008137,2024-11-21,CUST00787,Home,Toaster,116.97,1,0,116.97,East,Debit Card,In-Store,4,10
ORD008138,2024-11-13,CUST01039,Electronics,Tablet,1182.69,3,0.2,2838.46,Central,PayPal,Phone,5,6
ORD008139,2024-11-12,CUST01920,Sports,Yoga Mat,218.37,4,0,873.48,Central,Debit Card,Web,5,2
ORD008140,2024-03-13,CUST00775,Books,Novel,58.4,4,0.1,210.24,South,Bank Transfer,Web,3,2
ORD008141,2024-10-17,CUST01966,Home,Lamp,187.94,4,0.1,676.58,South,Debit Card,Web,5,8
ORD008142,2024-04-17,CUST00187,Electronics,Laptop,454.65,4,0,1818.6,East,Mobile Money,Web,5,6
ORD008143,2024-05-05,CUST01774,Home,Blender,298.73,1,0,298.73,North,Debit Card,Phone,5,14
ORD008144,2024-12-09,CUST00562,Books,Biography,40.97,5,0,204.85,East,Credit Card,In-Store,4,3
ORD008145,2024-01-22,CUST00545,Sports,Basketball,120.24,2,0,240.48,North,Credit Card,In-Store,4,3
ORD008146,2024-07-19,CUST00842,Sports,Dumbbell,492.33,4,0.05,1870.85,South,Debit Card,Mobile App,3,2
ORD008147,2024-03-29,CUST00563,Clothing,Jeans,59.94,2,0,119.88,North,PayPal,Web,4,12
ORD008148,2024-11-05,CUST01872,Home,Table,53.9,2,0.15,91.63,South,Bank Transfer,Web,5,7
ORD008149,2024-04-22,CUST00572,Electronics,Camera,1155.28,4,0.1,4159.01,Central,Mobile Money,Web,5,8
ORD008150,2024-09-14,CUST00968,Home,Blender,112.09,4,0.15,381.11,Central,PayPal,Mobile App,4,1
ORD008151,2024-11-17,CUST00788,Books,Comic,30.98,3,0.2,74.35,East,Bank Transfer,Mobile App,5,11
ORD008152,2024-01-31,CUST00856,Books,Novel,54.42,2,0.2,87.07,South,Credit Card,Phone,4,5
ORD008153,2024-05-09,CUST01624,Sports,Football,782.47,4,0.05,2973.39,South,Credit Card,Mobile App,3,8
ORD008154,2024-04-24,CUST01362,Clothing,Jacket,89.02,4,0.05,338.28,West,PayPal,Mobile App,5,11
ORD008155,2024-02-11,CUST00871,Electronics,Headphones,1207.26,3,0.15,3078.51,East,Mobile Money,In-Store,5,12
ORD008156,2024-06-18,CUST01412,Books,Novel,51.13,5,0,255.65,East,PayPal,Web,4,6
ORD008157,2024-03-18,CUST00376,Books,Cookbook,28.59,3,0.2,68.62,South,PayPal,Mobile App,5,12
ORD008158,2024-09-14,CUST00257,Sports,Basketball,66.61,4,0.1,239.8,South,Debit Card,In-Store,4,14
ORD008159,2024-04-24,CUST00320,Clothing,Jacket,111.65,2,0,223.3,Central,Mobile Money,Phone,5,12
ORD008160,2024-06-16,CUST01150,Sports,Bicycle,723.1,2,0,1446.2,Central,Mobile Money,Web,4,10
ORD008161,2024-09-10,CUST00765,Sports,Bicycle,799.47,5,0,3997.35,Central,Bank Transfer,Mobile App,4,5
ORD008162,2024-02-20,CUST01381,Home,Chair,73.6,5,0,368.0,North,Bank Transfer,In-Store,4,6
ORD008163,2024-02-25,CUST00711,Electronics,Headphones,708.06,1,0.15,601.85,East,Bank Transfer,In-Store,5,10
ORD008164,2024-05-02,CUST00029,Home,Lamp,158.61,4,0,634.44,West,Mobile Money,Mobile App,4,14
ORD008165,2024-09-14,CUST01758,Books,Textbook,29.49,1,0.05,28.02,East,Bank Transfer,Phone,5,5
ORD008166,2024-09-04,CUST00591,Books,Comic,48.95,1,0,48.95,Central,Bank Transfer,In-Store,5,7
ORD008167,2024-04-19,CUST01045,Books,Comic,57.84,4,0,231.36,Central,Bank Transfer,Phone,4,11
ORD008168,2024-01-01,CUST00839,Sports,Basketball,23.18,4,0,92.72,West,Credit Card,In-Store,3,11
ORD008169,2024-02-22,CUST01613,Clothing,Jeans,107.98,4,0.15,367.13,South,PayPal,Phone,5,2
ORD008170,2024-05-17,CUST01955,Clothing,T-Shirt,56.25,1,0.05,53.44,Central,Credit Card,Web,5,12
ORD008171,2024-08-09,CUST00651,Books,Guide,59.46,1,0.05,56.49,East,Bank Transfer,Web,4,12
ORD008172,2024-03-03,CUST00059,Electronics,Smartphone,1190.74,1,0.2,952.59,Central,Credit Card,In-Store,4,6
ORD008173,2024-04-20,CUST01411,Sports,Football,332.79,2,0.1,599.02,Central,Mobile Money,Web,3,14
ORD008174,2024-07-27,CUST00486,Home,Toaster,331.57,2,0,663.14,South,Mobile Money,Phone,5,1
ORD008175,2024-03-17,CUST01652,Clothing,Sneakers,19.76,5,0,98.8,West,PayPal,Mobile App,4,6
ORD008176,2024-08-29,CUST01351,Books,Biography,52.71,5,0.2,210.84,South,Mobile Money,In-Store,4,4
ORD008177,2024-06-21,CUST00623,Books,Cookbook,42.38,5,0.05,201.3,South,Credit Card,Phone,2,2
ORD008178,2024-11-05,CUST00682,Sports,Football,344.06,3,0.15,877.35,Central,Bank Transfer,Mobile App,5,14
ORD008179,2024-10-26,CUST00642,Books,Textbook,55.61,3,0.15,141.81,Central,Credit Card,In-Store,4,12
ORD008180,2024-11-07,CUST01240,Clothing,Sneakers,61.11,3,0.1,165.0,East,Credit Card,Web,2,12
ORD008181,2024-10-09,CUST01095,Home,Lamp,359.51,1,0,359.51,West,Debit Card,Phone,4,10
ORD008182,2024-02-19,CUST00395,Electronics,Tablet,1341.66,3,0.05,3823.73,Central,Debit Card,Phone,3,14
ORD008183,2024-12-17,CUST01252,Books,Biography,58.27,3,0.2,139.85,Central,Credit Card,Mobile App,5,13
ORD008184,2024-09-10,CUST01446,Books,Guide,5.23,5,0,26.15,North,Debit Card,In-Store,5,14
ORD008185,2024-06-28,CUST01158,Home,Toaster,394.47,1,0.05,374.75,West,Mobile Money,Phone,2,5
ORD008186,2024-09-05,CUST00196,Electronics,Laptop,1425.22,5,0.05,6769.79,West,Credit Card,Phone,3,4
ORD008187,2024-01-24,CUST01837,Electronics,Smartwatch,1389.07,5,0,6945.35,West,Bank Transfer,Mobile App,5,14
ORD008188,2024-04-04,CUST01288,Home,Table,163.4,4,0,653.6,South,PayPal,Web,5,14
ORD008189,2024-03-08,CUST01560,Sports,Basketball,452.76,4,0.15,1539.38,East,Credit Card,Phone,5,5
ORD008190,2024-05-10,CUST01173,Books,Novel,34.3,4,0,137.2,North,Mobile Money,Web,5,8
ORD008191,2024-07-04,CUST01018,Clothing,T-Shirt,123.42,4,0.15,419.63,Central,PayPal,Mobile App,5,3
ORD008192,2024-10-31,CUST00547,Electronics,Tablet,117.31,1,0.2,93.85,South,Mobile Money,In-Store,5,10
ORD008193,2024-05-22,CUST01592,Books,Guide,5.11,4,0,20.44,East,PayPal,Mobile App,5,3
ORD008194,2024-12-24,CUST00395,Clothing,Jeans,130.41,1,0.05,123.89,East,Mobile Money,Mobile App,4,10
ORD008195,2024-02-23,CUST00266,Books,Cookbook,42.82,2,0,85.64,Central,Bank Transfer,In-Store,5,10
ORD008196,2024-01-19,CUST01073,Books,Novel,45.92,4,0.15,156.13,East,PayPal,Web,5,9
ORD008197,2024-12-04,CUST01657,Sports,Basketball,357.08,5,0.2,1428.32,North,Bank Transfer,In-Store,5,2
ORD008198,2024-06-01,CUST00439,Clothing,Jacket,134.44,4,0,537.76,North,Debit Card,In-Store,4,6
ORD008199,2024-12-02,CUST00564,Sports,Bicycle,588.4,1,0.1,529.56,South,Credit Card,In-Store,5,4
ORD008200,2024-12-10,CUST00635,Books,Biography,28.11,3,0.05,80.11,West,Credit Card,Phone,1,2
ORD008201,2024-11-01,CUST01420,Clothing,Socks,132.33,1,0.05,125.71,North,Mobile Money,Web,4,4
ORD008202,2024-11-30,CUST01088,Electronics,Camera,779.13,2,0.15,1324.52,East,Debit Card,Phone,5,12
ORD008203,2024-08-01,CUST00393,Clothing,Socks,47.37,1,0.2,37.9,East,Credit Card,Phone,5,2
ORD008204,2024-03-06,CUST01915,Books,Novel,52.64,5,0.1,236.88,South,Credit Card,Phone,2,3
ORD008205,2024-11-27,CUST01116,Clothing,Sneakers,111.17,2,0,222.34,North,Credit Card,Web,5,13
ORD008206,2024-09-24,CUST01966,Electronics,Smartwatch,534.44,3,0,1603.32,West,PayPal,In-Store,4,1
ORD008207,2024-07-07,CUST00920,Clothing,Jeans,45.58,4,0,182.32,South,Mobile Money,In-Store,4,2
ORD008208,2024-11-05,CUST01651,Home,Lamp,379.57,2,0.05,721.18,South,Credit Card,In-Store,3,9
ORD008209,2024-10-12,CUST01078,Home,Pillow,261.71,1,0.2,209.37,Central,Debit Card,Mobile App,3,10
ORD008210,2024-08-28,CUST01967,Sports,Tennis Racket,615.94,2,0.05,1170.29,North,Credit Card,Mobile App,5,11
ORD008211,2024-12-25,CUST01339,Electronics,Smartwatch,1459.43,3,0,4378.29,South,Credit Card,Phone,4,3
ORD008212,2024-10-02,CUST00305,Electronics,Tablet,775.41,4,0.2,2481.31,North,PayPal,Web,3,3
ORD008213,2024-07-31,CUST01202,Sports,Bicycle,665.07,3,0,1995.21,Central,Debit Card,Mobile App,5,2
ORD008214,2024-12-04,CUST01748,Home,Pillow,263.19,3,0,789.57,Central,Mobile Money,Mobile App,4,2
ORD008215,2024-01-04,CUST01787,Home,Blender,381.32,4,0.2,1220.22,North,Credit Card,In-Store,4,2
ORD008216,2024-04-11,CUST01575,Books,Guide,28.04,3,0,84.12,North,Bank Transfer,Web,4,14
ORD008217,2024-07-20,CUST01071,Electronics,Camera,246.0,3,0.2,590.4,Central,Credit Card,Phone,4,9
ORD008218,2024-08-25,CUST00045,Sports,Tennis Racket,506.81,4,0,2027.24,Central,Bank Transfer,Mobile App,4,10
ORD008219,2024-11-21,CUST00014,Clothing,Jeans,35.23,2,0,70.46,South,Credit Card,In-Store,5,3
ORD008220,2024-03-03,CUST01441,Clothing,Jacket,106.03,5,0,530.15,North,Bank Transfer,Mobile App,4,3
ORD008221,2024-08-19,CUST01055,Clothing,Jacket,72.67,1,0.05,69.04,East,Credit Card,Phone,4,5
ORD008222,2024-03-07,CUST00810,Electronics,Smartwatch,1490.91,4,0,5963.64,North,Mobile Money,Web,1,14
ORD008223,2024-01-20,CUST00927,Home,Toaster,287.68,5,0.05,1366.48,Central,PayPal,In-Store,5,6
ORD008224,2024-08-26,CUST00889,Books,Guide,44.62,4,0.15,151.71,South,Credit Card,In-Store,5,2
ORD008225,2024-11-12,CUST00430,Clothing,Socks,24.06,5,0,120.3,South,Debit Card,Mobile App,4,10
ORD008226,2024-01-22,CUST00062,Home,Pillow,204.51,5,0,1022.55,West,Mobile Money,Web,1,6
ORD008227,2024-12-22,CUST01060,Books,Guide,27.25,4,0.1,98.1,Central,Credit Card,Web,3,1
ORD008228,2024-11-02,CUST00421,Sports,Bicycle,685.34,5,0.2,2741.36,East,Bank Transfer,Mobile App,5,10
ORD008229,2024-04-18,CUST00838,Electronics,Tablet,572.51,3,0.05,1631.65,West,Debit Card,Web,2,6
ORD008230,2024-03-16,CUST01910,Books,Textbook,42.67,5,0.05,202.68,South,Mobile Money,Web,2,10
ORD008231,2024-05-08,CUST01691,Electronics,Tablet,500.7,5,0.1,2253.15,Central,Debit Card,Web,5,11
ORD008232,2024-12-04,CUST00082,Books,Novel,20.88,4,0.2,66.82,Central,Credit Card,Mobile App,5,4
ORD008233,2024-03-11,CUST01035,Electronics,Headphones,720.4,4,0.15,2449.36,West,PayPal,Web,5,5
ORD008234,2024-09-28,CUST01696,Home,Chair,321.55,2,0.15,546.63,East,Bank Transfer,In-Store,3,13
ORD008235,2024-07-26,CUST01422,Sports,Football,128.84,3,0.05,367.19,Central,PayPal,Mobile App,4,10
ORD008236,2024-11-02,CUST00609,Books,Textbook,24.04,1,0.1,21.64,North,Mobile Money,Mobile App,4,9
ORD008237,2024-10-16,CUST00671,Sports,Yoga Mat,554.38,1,0.1,498.94,South,Bank Transfer,In-Store,4,6
ORD008238,2024-09-25,CUST00347,Clothing,Jacket,58.48,2,0.2,93.57,North,PayPal,Phone,5,14
ORD008239,2024-07-07,CUST01469,Electronics,Laptop,1380.93,1,0,1380.93,West,Bank Transfer,In-Store,3,3
ORD008240,2024-05-05,CUST00331,Clothing,Socks,44.49,3,0,133.47,West,Debit Card,Mobile App,2,7
ORD008241,2024-05-21,CUST01547,Home,Lamp,251.87,4,0,1007.48,West,Credit Card,Mobile App,4,6
ORD008242,2024-10-21,CUST00771,Books,Biography,11.74,4,0,46.96,East,Credit Card,Phone,5,14
ORD008243,2024-01-03,CUST01975,Books,Guide,39.43,3,0.05,112.38,Central,PayPal,Web,4,3
ORD008244,2024-11-30,CUST00399,Electronics,Laptop,325.86,3,0.1,879.82,West,Credit Card,Mobile App,4,2
ORD008245,2024-10-15,CUST01854,Books,Cookbook,44.53,4,0,178.12,South,Mobile Money,Phone,2,12
ORD008246,2024-10-10,CUST00421,Books,Novel,55.94,4,0,223.76,West,Bank Transfer,Phone,2,2
ORD008247,2024-09-03,CUST00725,Clothing,T-Shirt,119.58,2,0.15,203.29,North,Debit Card,Mobile App,3,3
ORD008248,2024-11-17,CUST00861,Books,Cookbook,7.2,5,0.05,34.2,South,Mobile Money,Phone,3,14
ORD008249,2024-10-03,CUST00099,Clothing,Sneakers,117.57,2,0,235.14,North,Debit Card,Web,5,10
ORD008250,2024-11-25,CUST00556,Electronics,Smartphone,1039.66,1,0.05,987.68,West,Bank Transfer,Phone,3,14
ORD008251,2024-05-03,CUST01297,Sports,Tennis Racket,142.5,5,0.1,641.25,North,Mobile Money,In-Store,2,14
ORD008252,2024-05-14,CUST00294,Sports,Bicycle,255.14,5,0.05,1211.92,North,Debit Card,Web,2,5
ORD008253,2024-09-24,CUST00777,Books,Comic,58.57,5,0.15,248.92,North,Mobile Money,In-Store,2,8
ORD008254,2024-08-05,CUST01000,Clothing,Hat,43.44,4,0.2,139.01,North,Bank Transfer,Mobile App,5,5
ORD008255,2024-05-30,CUST00727,Home,Toaster,250.59,3,0.05,714.18,East,Debit Card,Phone,4,6
ORD008256,2024-03-31,CUST01061,Home,Table,165.48,3,0.1,446.8,Central,Debit Card,In-Store,3,2
ORD008257,2024-11-18,CUST00052,Books,Cookbook,11.74,2,0.15,19.96,West,Bank Transfer,Mobile App,5,2
ORD008258,2024-01-18,CUST01671,Clothing,Hat,29.63,5,0,148.15,North,Debit Card,In-Store,3,10
ORD008259,2024-02-14,CUST00654,Electronics,Headphones,1131.76,4,0.05,4300.69,South,PayPal,Phone,4,3
ORD008260,2024-09-15,CUST01579,Electronics,Headphones,1373.58,1,0,1373.58,Central,Credit Card,Mobile App,4,12
ORD008261,2024-02-26,CUST01594,Clothing,Hat,91.99,1,0,91.99,Central,Debit Card,Phone,5,10
ORD008262,2024-09-13,CUST00480,Sports,Bicycle,257.03,3,0.15,655.43,East,PayPal,Phone,3,6
ORD008263,2024-10-25,CUST00365,Sports,Tennis Racket,475.42,5,0.15,2020.54,North,Bank Transfer,In-Store,5,9
ORD008264,2024-06-19,CUST00030,Clothing,Jacket,116.55,3,0.2,279.72,South,Credit Card,Phone,5,13
ORD008265,2024-06-26,CUST01203,Clothing,T-Shirt,77.77,2,0,155.54,Central,PayPal,Phone,4,11
ORD008266,2024-06-27,CUST01013,Home,Lamp,65.94,2,0.15,112.1,West,Bank Transfer,In-Store,5,9
ORD008267,2024-02-16,CUST01426,Clothing,Socks,86.98,3,0.2,208.75,East,Debit Card,Web,5,11
ORD008268,2024-11-16,CUST00454,Books,Novel,50.78,1,0,50.78,South,Bank Transfer,Web,3,9
ORD008269,2024-11-16,CUST00782,Electronics,Camera,1172.6,3,0.15,2990.13,East,PayPal,Mobile App,5,11
ORD008270,2024-01-17,CUST01024,Clothing,Jeans,130.27,2,0,260.54,East,Debit Card,Mobile App,4,3
ORD008271,2024-10-20,CUST01150,Sports,Tennis Racket,210.62,1,0,210.62,Central,Credit Card,Phone,5,10
ORD008272,2024-03-11,CUST01358,Home,Table,29.27,2,0.05,55.61,South,Mobile Money,Phone,2,13
ORD008273,2024-10-14,CUST00556,Electronics,Camera,588.92,2,0.15,1001.16,Central,Mobile Money,Mobile App,4,9
ORD008274,2024-02-18,CUST01241,Clothing,Jacket,123.65,5,0.05,587.34,North,Mobile Money,In-Store,4,6
ORD008275,2024-02-25,CUST00139,Home,Lamp,108.33,1,0.1,97.5,North,Debit Card,Web,4,1
ORD008276,2024-11-18,CUST01228,Electronics,Laptop,1391.72,3,0.1,3757.64,North,Credit Card,In-Store,4,13
ORD008277,2024-10-21,CUST00139,Home,Chair,130.21,2,0,260.42,East,Mobile Money,Web,4,4
ORD008278,2024-10-15,CUST00400,Home,Table,332.46,4,0,1329.84,Central,Mobile Money,In-Store,1,7
ORD008279,2024-02-17,CUST01243,Home,Pillow,176.27,5,0,881.35,East,Bank Transfer,Web,5,5
ORD008280,2024-06-05,CUST01257,Electronics,Laptop,258.74,2,0.2,413.98,West,PayPal,Web,5,3
ORD008281,2024-05-04,CUST00911,Sports,Tennis Racket,710.78,4,0,2843.12,East,PayPal,In-Store,4,10
ORD008282,2024-07-01,CUST01989,Sports,Bicycle,296.1,2,0.05,562.59,West,Mobile Money,Mobile App,4,3
ORD008283,2024-07-16,CUST00418,Electronics,Camera,1117.36,5,0.15,4748.78,South,Mobile Money,Mobile App,5,7
ORD008284,2024-03-27,CUST00125,Home,Blender,278.28,2,0.05,528.73,East,PayPal,Web,5,13
ORD008285,2024-06-16,CUST01940,Books,Comic,24.61,5,0,123.05,Central,Debit Card,Phone,2,4
ORD008286,2024-04-05,CUST00336,Clothing,Socks,122.21,3,0,366.63,North,Mobile Money,Mobile App,2,2
ORD008287,2024-09-24,CUST01426,Sports,Tennis Racket,427.24,5,0.2,1708.96,West,Debit Card,Mobile App,3,5
ORD008288,2024-03-13,CUST00117,Clothing,Hat,29.89,3,0,89.67,West,Credit Card,Mobile App,4,3
ORD008289,2024-12-08,CUST00008,Clothing,T-Shirt,32.0,3,0,96.0,West,Debit Card,Mobile App,1,13
ORD008290,2024-05-11,CUST01863,Clothing,Jacket,129.44,3,0,388.32,East,Credit Card,Mobile App,3,11
ORD008291,2024-01-29,CUST00523,Books,Comic,39.79,5,0.05,189.0,Central,Credit Card,Web,4,6
ORD008292,2024-03-19,CUST01329,Books,Guide,14.89,3,0.2,35.74,East,PayPal,Mobile App,5,1
ORD008293,2024-04-11,CUST01991,Sports,Bicycle,464.3,2,0.2,742.88,South,Credit Card,In-Store,4,4
ORD008294,2024-04-20,CUST01602,Clothing,Hat,131.86,2,0.2,210.98,North,Credit Card,Phone,4,12
ORD008295,2024-07-16,CUST01054,Electronics,Headphones,299.17,3,0,897.51,North,Mobile Money,Phone,2,3
ORD008296,2024-09-05,CUST00126,Electronics,Laptop,374.01,5,0,1870.05,East,Credit Card,Mobile App,4,14
ORD008297,2024-01-05,CUST01995,Clothing,Sneakers,46.65,5,0,233.25,North,Debit Card,Mobile App,4,13
ORD008298,2024-07-14,CUST00164,Sports,Bicycle,706.22,3,0,2118.66,East,Mobile Money,Mobile App,4,8
ORD008299,2024-08-18,CUST01343,Electronics,Smartphone,855.98,5,0,4279.9,West,Credit Card,Mobile App,4,4
ORD008300,2024-04-09,CUST01156,Clothing,Sneakers,130.32,1,0.05,123.8,Central,Bank Transfer,Web,3,13
ORD008301,2024-04-22,CUST01802,Books,Biography,40.15,1,0,40.15,West,PayPal,Web,5,9
ORD008302,2024-02-23,CUST01968,Electronics,Laptop,514.82,3,0,1544.46,South,Debit Card,Phone,4,6
ORD008303,2024-09-27,CUST00640,Clothing,Jeans,24.56,1,0.1,22.1,East,Mobile Money,Web,5,4
ORD008304,2024-11-03,CUST01611,Clothing,Jacket,21.88,1,0,21.88,West,Bank Transfer,Phone,2,1
ORD008305,2024-02-06,CUST01359,Books,Textbook,22.89,2,0.05,43.49,Central,Credit Card,In-Store,5,9
ORD008306,2024-08-28,CUST00153,Books,Cookbook,48.93,4,0.05,185.93,North,Bank Transfer,Web,4,11
ORD008307,2024-08-19,CUST00370,Sports,Basketball,762.0,2,0,1524.0,East,Mobile Money,Mobile App,4,2
ORD008308,2024-06-13,CUST01425,Books,Cookbook,25.39,2,0.1,45.7,North,Mobile Money,Web,4,6
ORD008309,2024-02-17,CUST00023,Sports,Bicycle,137.61,1,0.1,123.85,South,Mobile Money,Phone,1,8
ORD008310,2024-09-01,CUST01003,Home,Toaster,30.64,5,0,153.2,West,Bank Transfer,Phone,3,13
ORD008311,2024-11-11,CUST00832,Sports,Bicycle,179.35,3,0.1,484.25,East,Mobile Money,In-Store,5,11
ORD008312,2024-10-03,CUST01435,Sports,Yoga Mat,419.9,5,0,2099.5,South,Debit Card,In-Store,5,8
ORD008313,2024-08-27,CUST00318,Home,Table,103.58,5,0.2,414.32,South,PayPal,Web,5,13
ORD008314,2024-12-08,CUST00224,Home,Chair,243.51,5,0.1,1095.8,North,Bank Transfer,Phone,5,12
ORD008315,2024-05-01,CUST01237,Sports,Bicycle,346.3,1,0,346.3,West,PayPal,Phone,4,12
ORD008316,2024-12-03,CUST01151,Clothing,T-Shirt,62.8,5,0.05,298.3,East,Debit Card,Web,3,9
ORD008317,2024-07-05,CUST01190,Clothing,Sneakers,144.12,5,0.15,612.51,North,Credit Card,Web,5,12
ORD008318,2024-04-01,CUST01636,Electronics,Smartphone,1366.02,1,0,1366.02,Central,Debit Card,In-Store,2,11
ORD008319,2024-03-27,CUST00467,Home,Blender,303.18,2,0,606.36,Central,Bank Transfer,In-Store,4,10
ORD008320,2024-06-05,CUST00412,Sports,Bicycle,567.74,4,0.15,1930.32,South,Bank Transfer,Mobile App,2,13
ORD008321,2024-11-07,CUST01822,Electronics,Smartphone,269.71,2,0.2,431.54,North,Mobile Money,In-Store,5,14
ORD008322,2024-07-16,CUST00450,Electronics,Laptop,1137.53,1,0,1137.53,East,Credit Card,Mobile App,3,1
ORD008323,2024-01-22,CUST00138,Clothing,Hat,94.43,5,0,472.15,South,Debit Card,Web,5,4
ORD008324,2024-06-20,CUST00194,Home,Chair,80.35,5,0.1,361.57,Central,Debit Card,In-Store,5,4
ORD008325,2024-01-08,CUST00585,Clothing,Jacket,139.82,4,0,559.28,Central,PayPal,Phone,5,12
ORD008326,2024-01-04,CUST00400,Home,Table,153.86,5,0.1,692.37,West,PayPal,In-Store,3,6
ORD008327,2024-05-05,CUST01212,Clothing,T-Shirt,99.22,4,0,396.88,West,PayPal,Phone,3,5
ORD008328,2024-10-25,CUST01966,Clothing,Jeans,76.46,2,0,152.92,West,Credit Card,In-Store,4,14
ORD008329,2024-02-16,CUST01970,Clothing,Jeans,18.45,4,0,73.8,West,Credit Card,In-Store,3,13
ORD008330,2024-10-12,CUST00388,Clothing,Sneakers,90.36,3,0,271.08,West,Debit Card,In-Store,3,2
ORD008331,2024-08-13,CUST00992,Books,Comic,37.34,5,0.2,149.36,West,Bank Transfer,Web,5,8
ORD008332,2024-12-01,CUST01656,Electronics,Camera,656.56,2,0,1313.12,West,PayPal,Mobile App,5,8
ORD008333,2024-08-31,CUST00628,Home,Pillow,42.99,4,0.2,137.57,South,PayPal,Web,5,1
ORD008334,2024-09-04,CUST00158,Sports,Football,357.55,5,0.1,1608.97,North,Bank Transfer,Phone,4,14
ORD008335,2024-04-20,CUST00785,Books,Comic,41.58,4,0,166.32,South,Mobile Money,Phone,5,1
ORD008336,2024-11-01,CUST00719,Books,Guide,25.88,5,0.1,116.46,North,PayPal,In-Store,5,1
ORD008337,2024-03-17,CUST00682,Clothing,Jeans,87.14,2,0.05,165.57,South,Mobile Money,Phone,3,13
ORD008338,2024-10-12,CUST00629,Books,Cookbook,42.28,1,0,42.28,West,Credit Card,In-Store,5,13
ORD008339,2024-02-27,CUST00997,Home,Table,119.99,1,0.2,95.99,East,PayPal,In-Store,5,9
ORD008340,2024-02-17,CUST00902,Clothing,Hat,103.22,5,0,516.1,North,Bank Transfer,In-Store,5,11
ORD008341,2024-11-06,CUST00826,Books,Comic,26.01,2,0.15,44.22,West,Debit Card,Mobile App,5,1
ORD008342,2024-07-29,CUST00614,Sports,Yoga Mat,270.75,3,0,812.25,East,Bank Transfer,Mobile App,5,8
ORD008343,2024-08-30,CUST01907,Home,Blender,237.75,5,0.1,1069.87,West,Bank Transfer,Mobile App,5,9
ORD008344,2024-03-02,CUST00897,Home,Toaster,52.83,5,0.05,250.94,West,Debit Card,In-Store,5,9
ORD008345,2024-12-17,CUST01876,Electronics,Headphones,1147.45,2,0,2294.9,Central,Mobile Money,Mobile App,2,12
ORD008346,2024-10-13,CUST00109,Books,Comic,30.76,4,0.2,98.43,Central,Debit Card,Phone,5,13
ORD008347,2024-03-30,CUST01305,Books,Biography,27.99,4,0.05,106.36,North,Debit Card,Mobile App,2,12
ORD008348,2024-01-26,CUST00187,Electronics,Smartwatch,392.09,1,0,392.09,East,PayPal,Web,1,2
ORD008349,2024-06-06,CUST01635,Books,Textbook,20.53,3,0.2,49.27,North,Bank Transfer,Web,2,4
ORD008350,2024-03-23,CUST01667,Books,Textbook,53.25,3,0.05,151.76,East,Debit Card,Web,3,6
ORD008351,2024-11-26,CUST01150,Books,Cookbook,27.95,1,0,27.95,South,Debit Card,Web,4,1
ORD008352,2024-09-14,CUST00411,Books,Biography,36.26,2,0.15,61.64,Central,PayPal,In-Store,4,6
ORD008353,2024-01-01,CUST01370,Books,Comic,50.41,2,0.05,95.78,Central,Credit Card,Phone,5,13
ORD008354,2024-12-02,CUST01946,Home,Toaster,192.83,1,0,192.83,Central,Credit Card,Web,5,14
ORD008355,2024-11-24,CUST00179,Home,Blender,245.95,3,0.1,664.07,East,Bank Transfer,In-Store,1,9
ORD008356,2024-12-25,CUST00379,Sports,Tennis Racket,121.38,3,0.1,327.73,North,Debit Card,Phone,2,3
ORD008357,2024-02-24,CUST01160,Home,Toaster,363.64,1,0,363.64,East,Credit Card,Phone,4,6
ORD008358,2024-10-02,CUST00674,Books,Textbook,52.88,2,0,105.76,East,Debit Card,Phone,3,5
ORD008359,2024-02-29,CUST01785,Clothing,Hat,64.78,4,0.05,246.16,North,Debit Card,Mobile App,4,4
ORD008360,2024-02-01,CUST01941,Books,Cookbook,13.19,4,0.1,47.48,Central,Mobile Money,Web,4,8
ORD008361,2024-03-09,CUST01501,Sports,Yoga Mat,403.23,1,0,403.23,West,Mobile Money,In-Store,4,11
ORD008362,2024-09-11,CUST00816,Electronics,Smartwatch,609.73,5,0,3048.65,Central,Bank Transfer,In-Store,4,13
ORD008363,2024-01-24,CUST01470,Clothing,T-Shirt,25.23,3,0.15,64.34,Central,Mobile Money,Web,5,11
ORD008364,2024-10-15,CUST00040,Home,Chair,168.59,5,0.1,758.65,East,Credit Card,Web,3,9
ORD008365,2024-04-26,CUST01711,Home,Chair,140.68,3,0,422.04,West,PayPal,Mobile App,2,12
ORD008366,2024-06-05,CUST01532,Electronics,Smartwatch,1257.82,2,0.2,2012.51,North,Credit Card,Phone,5,6
ORD008367,2024-08-01,CUST01112,Sports,Tennis Racket,327.65,4,0.1,1179.54,North,Debit Card,In-Store,5,1
ORD008368,2024-07-16,CUST01415,Home,Blender,289.56,5,0,1447.8,East,Bank Transfer,Mobile App,4,8
ORD008369,2024-02-03,CUST01282,Home,Lamp,168.11,4,0.15,571.57,East,Credit Card,Mobile App,5,14
ORD008370,2024-04-23,CUST01267,Home,Lamp,241.06,3,0.05,687.02,West,PayPal,Phone,1,13
ORD008371,2024-10-04,CUST01345,Home,Chair,122.31,2,0,244.62,North,Credit Card,In-Store,3,6
ORD008372,2024-06-02,CUST01766,Electronics,Headphones,499.11,2,0,998.22,Central,PayPal,Phone,5,10
ORD008373,2024-12-19,CUST01705,Clothing,Jacket,11.79,2,0.1,21.22,Central,Mobile Money,In-Store,3,7
ORD008374,2024-09-16,CUST00735,Sports,Yoga Mat,426.31,1,0.15,362.36,South,Debit Card,Mobile App,5,5
ORD008375,2024-04-24,CUST00339,Sports,Dumbbell,248.55,2,0,497.1,Central,Bank Transfer,Mobile App,4,6
ORD008376,2024-02-19,CUST00566,Sports,Tennis Racket,278.17,3,0,834.51,North,Mobile Money,In-Store,5,13
ORD008377,2024-08-30,CUST00957,Electronics,Laptop,1151.66,1,0.05,1094.08,North,Bank Transfer,Web,4,3
ORD008378,2024-02-25,CUST01406,Electronics,Camera,1475.61,1,0.2,1180.49,South,Bank Transfer,Mobile App,5,14
ORD008379,2024-02-29,CUST01450,Electronics,Camera,554.89,4,0,2219.56,Central,Credit Card,Mobile App,5,10
ORD008380,2024-01-20,CUST01253,Books,Novel,45.7,5,0.05,217.07,South,Debit Card,Web,5,1
ORD008381,2024-11-01,CUST01153,Home,Blender,40.6,2,0,81.2,Central,Mobile Money,In-Store,4,3
ORD008382,2024-09-30,CUST00746,Home,Table,201.5,1,0.05,191.42,Central,Bank Transfer,In-Store,4,5
ORD008383,2024-12-23,CUST01757,Books,Textbook,41.62,1,0,41.62,South,Credit Card,Phone,5,11
ORD008384,2024-10-18,CUST00079,Home,Pillow,353.14,1,0.1,317.83,North,Bank Transfer,In-Store,1,4
ORD008385,2024-08-15,CUST00438,Electronics,Tablet,961.16,5,0,4805.8,East,PayPal,Web,2,6
ORD008386,2024-12-21,CUST00630,Electronics,Smartphone,1429.21,1,0.2,1143.37,North,Debit Card,Phone,4,1
ORD008387,2024-08-22,CUST01910,Electronics,Smartphone,731.11,5,0,3655.55,North,Mobile Money,Phone,1,1
ORD008388,2024-12-18,CUST01976,Clothing,Socks,126.06,1,0,126.06,East,Mobile Money,Phone,4,10
ORD008389,2024-01-17,CUST00823,Home,Table,76.05,5,0,380.25,South,Bank Transfer,Web,2,7
ORD008390,2024-04-09,CUST00472,Sports,Dumbbell,394.94,1,0.1,355.45,Central,Mobile Money,Mobile App,2,14
ORD008391,2024-01-25,CUST00961,Home,Lamp,225.85,3,0,677.55,North,PayPal,Phone,2,7
ORD008392,2024-07-11,CUST00054,Home,Lamp,19.68,5,0,98.4,South,Debit Card,Phone,1,2
ORD008393,2024-06-06,CUST01913,Clothing,Jacket,46.51,2,0.05,88.37,East,Mobile Money,Phone,5,9
ORD008394,2024-01-23,CUST01756,Clothing,Sneakers,130.63,3,0.05,372.3,East,Mobile Money,Mobile App,4,6
ORD008395,2024-10-16,CUST01613,Sports,Tennis Racket,474.27,5,0.1,2134.22,West,Debit Card,Web,4,6
ORD008396,2024-03-08,CUST00017,Home,Lamp,160.66,2,0.1,289.19,Central,Debit Card,In-Store,3,3
ORD008397,2024-09-21,CUST00857,Clothing,Jeans,93.07,5,0.1,418.82,South,Mobile Money,Phone,5,13
ORD008398,2024-10-26,CUST00356,Electronics,Smartphone,856.15,3,0.1,2311.61,Central,Debit Card,Mobile App,5,13
ORD008399,2024-10-17,CUST01626,Electronics,Smartphone,164.89,5,0.05,783.23,North,Debit Card,Mobile App,4,1
ORD008400,2024-04-08,CUST00216,Books,Guide,24.26,3,0.2,58.22,West,PayPal,Phone,4,12
ORD008401,2024-02-23,CUST00584,Home,Blender,223.66,4,0.05,849.91,West,Credit Card,In-Store,5,4
ORD008402,2024-11-28,CUST00346,Sports,Yoga Mat,90.93,4,0,363.72,East,Credit Card,In-Store,5,4
ORD008403,2024-04-09,CUST00464,Sports,Yoga Mat,376.6,2,0.15,640.22,South,Debit Card,Phone,5,2
ORD008404,2024-06-03,CUST01857,Home,Chair,126.55,3,0.05,360.67,West,Mobile Money,Web,4,11
ORD008405,2024-09-02,CUST01436,Electronics,Tablet,322.0,3,0.15,821.1,North,Debit Card,Mobile App,5,5
ORD008406,2024-10-25,CUST00987,Electronics,Headphones,66.52,4,0,266.08,North,Bank Transfer,In-Store,2,14
ORD008407,2024-06-10,CUST01989,Electronics,Laptop,1157.09,2,0.05,2198.47,South,Mobile Money,Mobile App,4,6
ORD008408,2024-01-15,CUST01521,Home,Lamp,314.12,3,0.05,895.24,South,Mobile Money,Mobile App,2,3
ORD008409,2024-12-02,CUST01437,Home,Toaster,102.17,5,0.15,434.22,East,Mobile Money,Web,5,6
ORD008410,2024-02-10,CUST01202,Sports,Dumbbell,610.67,5,0.1,2748.02,Central,Debit Card,In-Store,5,1
ORD008411,2024-09-01,CUST00375,Home,Blender,45.65,4,0,182.6,West,Credit Card,In-Store,2,13
ORD008412,2024-05-03,CUST00031,Books,Novel,9.69,3,0.05,27.62,West,Bank Transfer,Web,5,7
ORD008413,2024-02-28,CUST01771,Books,Guide,9.64,1,0,9.64,Central,Bank Transfer,Phone,5,5
ORD008414,2024-06-14,CUST00778,Books,Guide,25.85,5,0,129.25,North,Debit Card,Mobile App,2,5
ORD008415,2024-07-20,CUST01217,Books,Guide,11.37,5,0,56.85,South,Credit Card,Web,3,7
ORD008416,2024-04-27,CUST00009,Home,Toaster,263.96,2,0.1,475.13,North,Bank Transfer,In-Store,5,7
ORD008417,2024-08-01,CUST00736,Clothing,Jacket,137.75,1,0.1,123.97,East,Bank Transfer,Phone,5,14
ORD008418,2024-10-29,CUST00546,Electronics,Headphones,1033.43,5,0.15,4392.08,Central,Credit Card,Mobile App,5,2
ORD008419,2024-12-26,CUST00942,Clothing,T-Shirt,38.19,1,0.1,34.37,South,Mobile Money,Mobile App,3,11
ORD008420,2024-10-27,CUST01581,Books,Comic,27.74,3,0.05,79.06,East,Debit Card,Web,4,10
ORD008421,2024-08-18,CUST00651,Home,Toaster,334.06,2,0,668.12,North,PayPal,In-Store,4,7
ORD008422,2024-02-27,CUST01586,Home,Pillow,357.77,4,0,1431.08,South,Bank Transfer,In-Store,4,9
ORD008423,2024-07-02,CUST01990,Home,Toaster,382.99,1,0.05,363.84,East,Bank Transfer,Web,4,5
ORD008424,2024-06-26,CUST01726,Home,Lamp,161.71,4,0,646.84,West,Debit Card,In-Store,3,10
ORD008425,2024-04-20,CUST00424,Sports,Bicycle,417.95,3,0,1253.85,Central,Bank Transfer,Mobile App,1,5
ORD008426,2024-11-02,CUST01911,Home,Pillow,238.58,1,0,238.58,East,PayPal,Mobile App,5,3
ORD008427,2024-03-22,CUST01922,Electronics,Smartwatch,1216.2,2,0.15,2067.54,North,Mobile Money,In-Store,4,9
ORD008428,2024-05-16,CUST01754,Books,Comic,51.71,3,0,155.13,North,Credit Card,Web,5,14
ORD008429,2024-11-25,CUST01010,Books,Guide,20.95,1,0,20.95,South,PayPal,Phone,4,11
ORD008430,2024-07-28,CUST00853,Clothing,Hat,123.3,3,0.05,351.4,East,Bank Transfer,Mobile App,4,3
ORD008431,2024-09-18,CUST00377,Home,Lamp,159.96,5,0.1,719.82,West,Credit Card,Web,4,12
ORD008432,2024-04-24,CUST01668,Sports,Tennis Racket,382.59,2,0.2,612.14,Central,PayPal,Phone,5,10
ORD008433,2024-07-01,CUST00544,Sports,Football,798.88,4,0.05,3035.74,Central,Bank Transfer,In-Store,3,4
ORD008434,2024-08-06,CUST00921,Electronics,Smartphone,460.85,5,0.2,1843.4,South,Credit Card,In-Store,5,14
ORD008435,2024-04-18,CUST01686,Electronics,Camera,61.0,5,0,305.0,West,Mobile Money,Mobile App,4,8
ORD008436,2024-09-08,CUST01472,Clothing,Hat,121.14,4,0.1,436.1,South,Bank Transfer,In-Store,4,5
ORD008437,2024-04-28,CUST01866,Electronics,Tablet,234.2,2,0.15,398.14,South,Bank Transfer,Phone,5,10
ORD008438,2024-06-10,CUST01896,Electronics,Camera,856.22,4,0.05,3253.64,West,Bank Transfer,Phone,5,4
ORD008439,2024-05-03,CUST00357,Home,Toaster,342.49,3,0.05,976.1,Central,PayPal,Mobile App,5,6
ORD008440,2024-01-25,CUST01830,Books,Comic,47.97,4,0,191.88,West,PayPal,Mobile App,5,8
ORD008441,2024-07-01,CUST01158,Clothing,Jacket,110.05,4,0,440.2,Central,Credit Card,Web,3,2
ORD008442,2024-08-07,CUST01453,Books,Guide,27.04,4,0.05,102.75,North,PayPal,Phone,4,11
ORD008443,2024-07-05,CUST00700,Clothing,T-Shirt,98.74,4,0.15,335.72,West,Bank Transfer,Phone,5,8
ORD008444,2024-01-18,CUST01537,Books,Biography,51.52,1,0.2,41.22,North,Debit Card,Phone,5,4
ORD008445,2024-06-18,CUST00276,Electronics,Smartphone,724.43,4,0.2,2318.18,East,PayPal,In-Store,5,8
ORD008446,2024-05-06,CUST01289,Sports,Tennis Racket,128.52,3,0,385.56,North,Debit Card,Web,3,2
ORD008447,2024-05-26,CUST01673,Sports,Tennis Racket,744.15,1,0.05,706.94,West,Bank Transfer,Phone,3,8
ORD008448,2024-08-26,CUST01217,Sports,Yoga Mat,220.4,4,0.15,749.36,South,Credit Card,In-Store,4,1
ORD008449,2024-04-30,CUST01548,Clothing,T-Shirt,88.39,2,0.05,167.94,South,Credit Card,Web,4,12
ORD008450,2024-01-16,CUST00808,Books,Guide,46.7,4,0,186.8,Central,PayPal,Phone,4,10
ORD008451,2024-10-11,CUST00288,Clothing,Hat,109.41,1,0,109.41,West,Bank Transfer,Web,3,12
ORD008452,2024-03-30,CUST01053,Books,Cookbook,36.98,3,0.15,94.3,West,Bank Transfer,Web,5,11
ORD008453,2024-02-19,CUST01740,Clothing,T-Shirt,98.74,3,0,296.22,West,Bank Transfer,Web,3,12
ORD008454,2024-02-08,CUST01918,Books,Guide,57.5,1,0.05,54.62,North,Credit Card,Web,3,2
ORD008455,2024-03-27,CUST01053,Electronics,Camera,694.04,3,0,2082.12,East,PayPal,Web,5,3
ORD008456,2024-12-03,CUST01374,Books,Guide,43.73,1,0,43.73,Central,Bank Transfer,Mobile App,5,5
ORD008457,2024-11-29,CUST01505,Sports,Bicycle,443.52,4,0.1,1596.67,East,Credit Card,In-Store,5,13
ORD008458,2024-09-16,CUST00610,Books,Biography,37.6,5,0,188.0,West,Mobile Money,Mobile App,4,6
ORD008459,2024-05-07,CUST01998,Sports,Tennis Racket,333.34,2,0.2,533.34,West,Credit Card,Phone,4,9
ORD008460,2024-01-29,CUST01321,Sports,Football,703.72,4,0,2814.88,South,Credit Card,Mobile App,5,8
ORD008461,2024-11-11,CUST00928,Sports,Dumbbell,221.54,1,0.1,199.39,East,Mobile Money,Web,4,8
ORD008462,2024-09-20,CUST00997,Sports,Tennis Racket,175.73,5,0.05,834.72,Central,Mobile Money,Mobile App,3,9
ORD008463,2024-02-16,CUST01094,Clothing,Jacket,64.65,5,0.05,307.09,East,PayPal,Web,4,14
ORD008464,2024-02-10,CUST01714,Clothing,T-Shirt,32.89,4,0,131.56,South,Bank Transfer,Web,3,6
ORD008465,2024-11-23,CUST01922,Sports,Football,237.39,2,0.05,451.04,South,Bank Transfer,Web,2,12
ORD008466,2024-11-05,CUST01438,Home,Pillow,60.37,4,0,241.48,East,PayPal,Web,5,11
ORD008467,2024-02-08,CUST00010,Clothing,Hat,57.4,5,0.1,258.3,Central,Bank Transfer,Web,3,12
ORD008468,2024-03-02,CUST01438,Books,Cookbook,59.1,1,0.2,47.28,East,Bank Transfer,Phone,5,3
ORD008469,2024-01-28,CUST01288,Home,Toaster,300.48,3,0,901.44,West,Mobile Money,In-Store,5,2
ORD008470,2024-09-25,CUST00210,Books,Biography,11.34,2,0.1,20.41,South,Bank Transfer,Phone,4,10
ORD008471,2024-11-06,CUST00363,Books,Cookbook,34.25,5,0.1,154.13,East,Debit Card,Phone,4,3
ORD008472,2024-08-26,CUST00260,Home,Pillow,260.93,2,0.05,495.77,South,PayPal,Phone,5,4
ORD008473,2024-10-15,CUST00908,Books,Novel,5.87,5,0.15,24.95,South,Debit Card,In-Store,5,12
ORD008474,2024-06-19,CUST01019,Books,Novel,47.99,1,0.1,43.19,North,Bank Transfer,In-Store,2,14
ORD008475,2024-08-21,CUST00267,Clothing,Jacket,145.58,1,0.15,123.74,North,Bank Transfer,Phone,5,2
ORD008476,2024-11-26,CUST01676,Books,Guide,15.79,3,0.2,37.9,Central,PayPal,Mobile App,5,10
ORD008477,2024-04-20,CUST00251,Sports,Bicycle,605.51,3,0,1816.53,South,Debit Card,In-Store,4,7
ORD008478,2024-09-19,CUST00463,Sports,Basketball,739.05,5,0.05,3510.49,West,Credit Card,Web,5,3
ORD008479,2024-02-17,CUST00460,Home,Blender,399.62,1,0.2,319.7,Central,Debit Card,Mobile App,2,4
ORD008480,2024-08-27,CUST01708,Electronics,Laptop,277.51,4,0.1,999.04,East,PayPal,Mobile App,4,8
ORD008481,2024-04-03,CUST00623,Books,Guide,38.19,4,0.15,129.85,South,Bank Transfer,Mobile App,5,4
ORD008482,2024-10-04,CUST00182,Books,Biography,27.13,4,0.1,97.67,South,Credit Card,Phone,5,7
ORD008483,2024-09-06,CUST01136,Books,Novel,12.8,2,0.15,21.76,Central,PayPal,Mobile App,5,4
ORD008484,2024-12-28,CUST00537,Sports,Basketball,613.73,4,0.15,2086.68,East,PayPal,Mobile App,5,8
ORD008485,2024-12-08,CUST00850,Clothing,Socks,93.55,3,0.1,252.59,West,Credit Card,In-Store,4,10
ORD008486,2024-09-20,CUST01597,Sports,Dumbbell,670.67,1,0,670.67,South,Bank Transfer,Phone,5,9
ORD008487,2024-01-31,CUST00962,Clothing,Hat,27.82,3,0.1,75.11,South,Credit Card,In-Store,4,14
ORD008488,2024-07-10,CUST01461,Home,Blender,106.26,3,0,318.78,Central,Bank Transfer,In-Store,5,11
ORD008489,2024-05-27,CUST01710,Sports,Basketball,716.0,2,0.15,1217.2,South,Bank Transfer,Web,3,5
ORD008490,2024-01-25,CUST00954,Electronics,Camera,1211.7,3,0.1,3271.59,South,Credit Card,Mobile App,4,4
ORD008491,2024-12-25,CUST01204,Electronics,Camera,1183.24,3,0.05,3372.23,West,Debit Card,In-Store,4,9
ORD008492,2024-05-29,CUST01436,Sports,Basketball,344.17,3,0.1,929.26,East,Mobile Money,Web,4,2
ORD008493,2024-10-20,CUST01994,Books,Textbook,30.95,3,0,92.85,Central,Mobile Money,In-Store,5,12
ORD008494,2024-08-08,CUST00515,Home,Pillow,326.38,2,0.2,522.21,Central,Debit Card,Phone,4,5
ORD008495,2024-02-11,CUST01195,Electronics,Laptop,860.59,1,0,860.59,North,Credit Card,Mobile App,4,12
ORD008496,2024-05-04,CUST00804,Electronics,Laptop,695.11,4,0.15,2363.37,Central,Credit Card,Mobile App,5,1
ORD008497,2024-11-19,CUST01503,Home,Lamp,20.23,5,0.2,80.92,Central,Debit Card,Web,4,3
ORD008498,2024-01-14,CUST00266,Home,Chair,230.72,3,0,692.16,Central,Bank Transfer,Web,5,13
ORD008499,2024-05-07,CUST01088,Clothing,Jacket,146.07,5,0.15,620.8,South,Bank Transfer,In-Store,4,6
ORD008500,2024-07-17,CUST01494,Books,Cookbook,49.76,4,0.1,179.14,North,Debit Card,Mobile App,5,14
ORD008501,2024-07-22,CUST00113,Home,Toaster,214.98,5,0.15,913.67,North,Credit Card,In-Store,2,11
ORD008502,2024-06-04,CUST00195,Books,Cookbook,16.13,2,0.15,27.42,East,Credit Card,Phone,5,7
ORD008503,2024-04-13,CUST00095,Home,Chair,283.55,2,0.15,482.04,North,Bank Transfer,Web,4,7
ORD008504,2024-12-17,CUST01708,Home,Lamp,231.92,5,0.1,1043.64,East,Credit Card,In-Store,2,3
ORD008505,2024-09-04,CUST01491,Books,Novel,10.18,2,0.15,17.31,North,Debit Card,Phone,4,11
ORD008506,2024-06-11,CUST01008,Books,Biography,19.63,3,0.1,53.0,West,Mobile Money,Web,3,10
ORD008507,2024-03-18,CUST01498,Clothing,Jeans,125.64,4,0.1,452.3,South,Debit Card,In-Store,3,9
ORD008508,2024-12-14,CUST01508,Sports,Football,681.23,4,0,2724.92,South,Mobile Money,Web,2,7
ORD008509,2024-03-16,CUST00172,Home,Chair,263.52,4,0,1054.08,North,Debit Card,Mobile App,5,14
ORD008510,2024-12-18,CUST00098,Books,Cookbook,13.39,1,0,13.39,South,Debit Card,Mobile App,5,12
ORD008511,2024-06-01,CUST00252,Home,Pillow,212.43,3,0.05,605.43,South,PayPal,Web,5,5
ORD008512,2024-09-20,CUST01699,Clothing,Hat,46.26,5,0.15,196.61,East,Credit Card,Web,4,6
ORD008513,2024-01-05,CUST01290,Sports,Bicycle,625.64,4,0.15,2127.18,East,Debit Card,In-Store,4,10
ORD008514,2024-04-27,CUST00438,Clothing,Jeans,50.49,4,0.2,161.57,South,Credit Card,Web,5,2
ORD008515,2024-02-06,CUST00304,Sports,Yoga Mat,395.46,1,0.2,316.37,South,Bank Transfer,Phone,5,4
ORD008516,2024-12-08,CUST01747,Electronics,Camera,1344.67,1,0.15,1142.97,North,Mobile Money,Phone,3,3
ORD008517,2024-08-06,CUST00351,Clothing,Sneakers,135.5,3,0,406.5,South,Credit Card,Web,4,7
ORD008518,2024-03-19,CUST01546,Books,Comic,56.41,2,0,112.82,South,Credit Card,Phone,5,7
ORD008519,2024-10-27,CUST01956,Clothing,Jeans,113.63,4,0,454.52,Central,Bank Transfer,In-Store,4,9
ORD008520,2024-12-19,CUST00555,Clothing,Jeans,82.82,4,0,331.28,North,Debit Card,Phone,5,7
ORD008521,2024-11-25,CUST01714,Clothing,T-Shirt,57.27,4,0.1,206.17,South,Bank Transfer,Mobile App,3,4
ORD008522,2024-04-28,CUST00605,Clothing,T-Shirt,77.21,4,0.2,247.07,Central,Debit Card,Mobile App,5,6
ORD008523,2024-06-24,CUST01729,Home,Blender,226.97,4,0.15,771.7,East,Mobile Money,In-Store,5,9
ORD008524,2024-09-16,CUST00775,Books,Guide,35.09,4,0.05,133.34,North,Bank Transfer,Phone,4,11
ORD008525,2024-07-08,CUST01810,Sports,Bicycle,296.08,1,0.05,281.28,West,Debit Card,Phone,4,12
ORD008526,2024-02-08,CUST00093,Clothing,Jeans,37.32,5,0,186.6,North,Mobile Money,In-Store,5,9
ORD008527,2024-12-07,CUST00447,Electronics,Camera,446.74,3,0.05,1273.21,East,Mobile Money,Mobile App,4,4
ORD008528,2024-09-03,CUST00177,Sports,Football,140.11,3,0,420.33,West,Bank Transfer,In-Store,5,7
ORD008529,2024-05-22,CUST00936,Clothing,Jeans,103.28,3,0,309.84,East,Mobile Money,Web,4,11
ORD008530,2024-02-25,CUST00084,Clothing,Jeans,75.29,4,0.15,255.99,East,Debit Card,In-Store,5,5
ORD008531,2024-02-16,CUST01462,Books,Textbook,45.7,3,0.15,116.53,West,PayPal,Phone,5,5
ORD008532,2024-10-16,CUST01614,Sports,Tennis Racket,503.96,5,0,2519.8,East,Bank Transfer,Mobile App,4,13
ORD008533,2024-02-24,CUST00250,Electronics,Smartwatch,249.16,1,0.2,199.33,East,Bank Transfer,In-Store,5,1
ORD008534,2024-10-26,CUST00519,Books,Novel,51.79,4,0.1,186.44,East,Credit Card,Phone,4,12
ORD008535,2024-04-01,CUST01366,Electronics,Camera,1286.92,5,0.1,5791.14,Central,Debit Card,Mobile App,3,3
ORD008536,2024-01-11,CUST01881,Sports,Dumbbell,435.18,2,0.2,696.29,Central,Bank Transfer,Web,5,8
ORD008537,2024-04-13,CUST01541,Sports,Basketball,550.41,5,0.2,2201.64,Central,Bank Transfer,Web,5,12
ORD008538,2024-04-24,CUST01017,Sports,Yoga Mat,635.28,3,0.2,1524.67,West,Mobile Money,Web,4,6
ORD008539,2024-02-16,CUST00155,Home,Pillow,326.0,2,0.05,619.4,Central,Mobile Money,Mobile App,5,5
ORD008540,2024-10-29,CUST01783,Books,Biography,27.44,3,0.15,69.97,South,PayPal,Phone,2,6
ORD008541,2024-02-25,CUST00731,Books,Comic,21.0,1,0,21.0,Central,Bank Transfer,In-Store,4,6
ORD008542,2024-04-19,CUST00143,Home,Table,111.78,4,0,447.12,West,Bank Transfer,Web,3,5
ORD008543,2024-04-07,CUST01477,Electronics,Laptop,1251.69,4,0,5006.76,West,Credit Card,Phone,5,2
ORD008544,2024-04-01,CUST00286,Books,Novel,56.59,5,0.05,268.8,North,Debit Card,In-Store,4,6
ORD008545,2024-08-28,CUST00180,Home,Pillow,126.02,5,0.15,535.58,East,Debit Card,In-Store,4,5
ORD008546,2024-08-19,CUST01014,Sports,Basketball,744.42,3,0,2233.26,South,Debit Card,Web,4,9
ORD008547,2024-07-29,CUST00579,Sports,Dumbbell,72.22,2,0.15,122.77,East,Mobile Money,In-Store,5,13
ORD008548,2024-03-09,CUST00275,Home,Lamp,194.01,2,0.05,368.62,South,Bank Transfer,Mobile App,3,4
ORD008549,2024-10-10,CUST00780,Sports,Tennis Racket,140.56,4,0,562.24,South,Mobile Money,Phone,3,12
ORD008550,2024-03-19,CUST00645,Sports,Basketball,431.36,3,0.15,1099.97,Central,PayPal,Mobile App,5,8
ORD008551,2024-09-29,CUST01994,Clothing,Socks,61.79,1,0.2,49.43,Central,Credit Card,In-Store,3,10
ORD008552,2024-03-23,CUST01114,Sports,Yoga Mat,402.96,4,0.15,1370.06,West,Debit Card,In-Store,5,9
ORD008553,2024-04-02,CUST00837,Sports,Dumbbell,168.65,5,0,843.25,Central,Debit Card,Mobile App,2,8
ORD008554,2024-02-12,CUST00352,Home,Pillow,384.44,2,0.05,730.44,West,Bank Transfer,In-Store,3,4
ORD008555,2024-01-28,CUST01402,Books,Biography,33.17,2,0,66.34,North,Bank Transfer,In-Store,4,11
ORD008556,2024-05-26,CUST00043,Electronics,Smartphone,1296.62,5,0,6483.1,South,PayPal,Mobile App,5,13
ORD008557,2024-06-07,CUST01233,Electronics,Smartwatch,1211.59,4,0.15,4119.41,South,Bank Transfer,Mobile App,5,2
ORD008558,2024-07-02,CUST01041,Books,Comic,47.95,5,0,239.75,West,Mobile Money,Mobile App,4,14
ORD008559,2024-02-26,CUST00138,Sports,Basketball,597.28,1,0,597.28,Central,Mobile Money,Mobile App,4,12
ORD008560,2024-04-04,CUST01103,Electronics,Laptop,154.85,2,0.1,278.73,South,Debit Card,Web,4,10
ORD008561,2024-01-12,CUST00751,Home,Table,161.66,4,0,646.64,North,PayPal,Phone,5,14
ORD008562,2024-09-09,CUST00167,Electronics,Camera,244.35,2,0,488.7,North,Mobile Money,Phone,2,4
ORD008563,2024-06-05,CUST00811,Sports,Bicycle,611.77,4,0.15,2080.02,West,Mobile Money,Web,4,5
ORD008564,2024-08-24,CUST01492,Books,Guide,11.04,1,0.05,10.49,Central,Mobile Money,Mobile App,4,10
ORD008565,2024-11-22,CUST01417,Electronics,Laptop,92.87,5,0.2,371.48,Central,Debit Card,Phone,5,14
ORD008566,2024-07-28,CUST00197,Clothing,Hat,57.2,4,0,228.8,South,Credit Card,In-Store,4,13
ORD008567,2024-05-20,CUST01786,Home,Lamp,393.77,4,0,1575.08,East,Debit Card,Mobile App,2,14
ORD008568,2024-03-03,CUST00430,Books,Textbook,37.12,1,0.05,35.26,West,PayPal,Web,5,11
ORD008569,2024-06-26,CUST00894,Electronics,Headphones,202.03,2,0,404.06,Central,PayPal,In-Store,3,8
ORD008570,2024-12-03,CUST01672,Electronics,Laptop,735.16,5,0.15,3124.43,South,PayPal,In-Store,5,6
ORD008571,2024-05-10,CUST00762,Electronics,Laptop,708.02,3,0.15,1805.45,West,Credit Card,Mobile App,5,8
ORD008572,2024-02-27,CUST00780,Sports,Tennis Racket,163.28,5,0,816.4,South,Debit Card,Mobile App,3,12
ORD008573,2024-11-26,CUST01784,Home,Chair,229.55,2,0,459.1,Central,PayPal,Phone,5,2
ORD008574,2024-06-09,CUST00445,Books,Comic,36.47,2,0.05,69.29,Central,Mobile Money,In-Store,4,9
ORD008575,2024-03-01,CUST01203,Sports,Bicycle,561.48,2,0.1,1010.66,West,Mobile Money,Phone,4,13
ORD008576,2024-01-13,CUST01863,Clothing,Sneakers,25.7,3,0.2,61.68,Central,Credit Card,In-Store,5,7
ORD008577,2024-10-07,CUST00746,Clothing,Jacket,115.56,5,0,577.8,West,Bank Transfer,Web,5,7
ORD008578,2024-11-21,CUST00338,Clothing,Jeans,100.47,2,0.15,170.8,Central,Bank Transfer,Web,5,2
ORD008579,2024-01-12,CUST01574,Sports,Dumbbell,154.05,2,0.1,277.29,North,Credit Card,Web,4,12
ORD008580,2024-01-24,CUST00074,Clothing,Socks,83.88,4,0,335.52,West,Mobile Money,Phone,3,11
ORD008581,2024-02-20,CUST00531,Home,Pillow,146.52,4,0,586.08,South,Debit Card,Web,4,5
ORD008582,2024-05-03,CUST01457,Sports,Football,30.88,4,0.05,117.34,South,Debit Card,In-Store,5,9
ORD008583,2024-04-16,CUST01456,Electronics,Headphones,56.89,2,0,113.78,West,Bank Transfer,In-Store,5,6
ORD008584,2024-03-26,CUST00270,Electronics,Tablet,1220.42,5,0,6102.1,East,Bank Transfer,Phone,5,8
ORD008585,2024-07-04,CUST00706,Sports,Bicycle,262.6,2,0,525.2,Central,Debit Card,Phone,4,8
ORD008586,2024-05-03,CUST01960,Home,Lamp,104.36,5,0.15,443.53,South,Debit Card,Phone,5,13
ORD008587,2024-04-03,CUST00895,Clothing,Hat,123.12,3,0,369.36,Central,Credit Card,Web,4,5
ORD008588,2024-06-17,CUST01809,Books,Guide,44.97,2,0,89.94,West,Mobile Money,Phone,5,11
ORD008589,2024-02-29,CUST01346,Home,Table,32.92,4,0.1,118.51,West,Credit Card,In-Store,3,8
ORD008590,2024-03-25,CUST01334,Electronics,Laptop,1180.07,2,0.2,1888.11,South,Debit Card,In-Store,5,7
ORD008591,2024-04-18,CUST00140,Books,Textbook,39.71,4,0.1,142.96,West,Bank Transfer,In-Store,3,5
ORD008592,2024-02-20,CUST00351,Home,Blender,140.45,2,0,280.9,North,PayPal,Phone,3,13
ORD008593,2024-05-23,CUST01533,Clothing,Sneakers,24.8,5,0.2,99.2,North,Mobile Money,Web,2,3
ORD008594,2024-02-15,CUST00877,Books,Biography,32.3,1,0.1,29.07,East,Mobile Money,Web,2,9
ORD008595,2024-02-27,CUST01253,Clothing,Socks,102.13,2,0.2,163.41,South,Mobile Money,Mobile App,5,7
ORD008596,2024-07-05,CUST00512,Home,Pillow,330.96,3,0.2,794.3,South,Mobile Money,Phone,4,8
ORD008597,2024-03-30,CUST01677,Clothing,Jeans,149.86,1,0,149.86,North,Bank Transfer,In-Store,4,9
ORD008598,2024-07-25,CUST01057,Home,Lamp,278.0,1,0,278.0,Central,Mobile Money,Mobile App,1,13
ORD008599,2024-03-31,CUST01784,Electronics,Headphones,471.18,3,0.2,1130.83,South,Mobile Money,Web,2,9
ORD008600,2024-10-01,CUST01609,Clothing,Jeans,55.45,3,0,166.35,East,Debit Card,Web,5,8
ORD008601,2024-11-26,CUST01769,Clothing,Sneakers,87.41,1,0,87.41,East,Mobile Money,Phone,4,11
ORD008602,2024-04-02,CUST01732,Electronics,Smartwatch,1439.17,1,0,1439.17,East,PayPal,Web,3,8
ORD008603,2024-04-06,CUST00773,Electronics,Camera,560.74,3,0.2,1345.78,North,Bank Transfer,Web,5,8
ORD008604,2024-05-09,CUST01701,Sports,Basketball,72.41,2,0,144.82,South,Mobile Money,Mobile App,4,7
ORD008605,2024-03-03,CUST00383,Sports,Tennis Racket,307.69,5,0.15,1307.68,North,PayPal,In-Store,5,4
ORD008606,2024-09-20,CUST01073,Books,Comic,48.52,5,0,242.6,South,Mobile Money,Phone,1,11
ORD008607,2024-10-23,CUST00009,Home,Chair,377.14,2,0.05,716.57,Central,Credit Card,In-Store,3,12
ORD008608,2024-01-23,CUST00281,Books,Textbook,6.33,5,0.2,25.32,East,Mobile Money,Mobile App,5,8
ORD008609,2024-08-23,CUST01613,Sports,Basketball,112.93,3,0.05,321.85,South,Debit Card,Web,5,7
ORD008610,2024-08-29,CUST01531,Books,Comic,11.88,4,0.15,40.39,East,Debit Card,In-Store,2,4
ORD008611,2024-03-12,CUST00991,Home,Chair,154.57,3,0,463.71,North,PayPal,Mobile App,5,12
ORD008612,2024-05-18,CUST01841,Home,Pillow,135.98,4,0.2,435.14,East,Bank Transfer,Mobile App,2,8
ORD008613,2024-04-10,CUST00128,Electronics,Laptop,114.81,5,0.2,459.24,Central,Mobile Money,Web,5,5
ORD008614,2024-08-07,CUST01123,Electronics,Camera,1151.73,4,0,4606.92,East,Mobile Money,In-Store,4,11
ORD008615,2024-12-07,CUST01493,Sports,Tennis Racket,64.15,1,0,64.15,South,Bank Transfer,Web,2,6
ORD008616,2024-12-30,CUST01639,Clothing,Jeans,133.43,1,0,133.43,West,Debit Card,Phone,5,1
ORD008617,2024-06-27,CUST00175,Home,Lamp,281.76,2,0,563.52,West,Credit Card,In-Store,5,10
ORD008618,2024-02-09,CUST01811,Home,Table,65.58,2,0.15,111.49,South,Bank Transfer,Phone,4,1
ORD008619,2024-03-05,CUST01363,Electronics,Camera,96.9,2,0.1,174.42,East,Debit Card,In-Store,3,13
ORD008620,2024-09-04,CUST00955,Sports,Bicycle,615.67,5,0.15,2616.6,East,PayPal,Mobile App,5,7
ORD008621,2024-06-13,CUST00460,Clothing,Jeans,137.03,2,0.2,219.25,South,PayPal,Phone,5,8
ORD008622,2024-11-18,CUST01513,Books,Cookbook,54.9,1,0.05,52.15,South,Debit Card,Mobile App,4,14
ORD008623,2024-02-10,CUST00427,Books,Comic,31.21,1,0,31.21,East,Mobile Money,Phone,4,8
ORD008624,2024-08-24,CUST01784,Sports,Yoga Mat,138.1,3,0.1,372.87,East,Debit Card,Phone,4,13
ORD008625,2024-02-27,CUST00526,Clothing,T-Shirt,19.66,1,0.15,16.71,South,Debit Card,Web,3,12
ORD008626,2024-07-13,CUST01343,Sports,Football,454.18,4,0,1816.72,South,PayPal,Phone,2,13
ORD008627,2024-04-02,CUST01726,Clothing,T-Shirt,73.43,5,0,367.15,West,Debit Card,Phone,3,13
ORD008628,2024-03-03,CUST01129,Clothing,Sneakers,91.09,4,0.1,327.92,West,Credit Card,Web,5,2
ORD008629,2024-09-28,CUST00311,Books,Guide,19.66,2,0.1,35.39,North,Bank Transfer,Phone,3,14
ORD008630,2024-02-09,CUST00549,Home,Lamp,74.29,2,0,148.58,South,Credit Card,Mobile App,4,6
ORD008631,2024-02-07,CUST00326,Sports,Football,80.8,1,0.1,72.72,North,Credit Card,In-Store,5,1
ORD008632,2024-03-25,CUST00019,Clothing,Jacket,134.73,5,0,673.65,East,PayPal,Phone,4,11
ORD008633,2024-11-20,CUST00505,Sports,Dumbbell,652.37,5,0,3261.85,West,Mobile Money,In-Store,3,5
ORD008634,2024-02-04,CUST01401,Home,Table,359.52,2,0.2,575.23,North,Bank Transfer,In-Store,5,10
ORD008635,2024-04-30,CUST00991,Home,Table,331.1,5,0.05,1572.72,North,Bank Transfer,Mobile App,3,3
ORD008636,2024-12-03,CUST01091,Sports,Yoga Mat,799.78,1,0.05,759.79,North,Credit Card,In-Store,1,14
ORD008637,2024-02-14,CUST01441,Home,Chair,359.22,4,0.05,1365.04,Central,Bank Transfer,Web,4,3
ORD008638,2024-05-20,CUST01077,Home,Chair,367.82,3,0,1103.46,East,Debit Card,In-Store,2,4
ORD008639,2024-02-26,CUST01600,Home,Pillow,22.39,3,0.1,60.45,East,Bank Transfer,In-Store,5,4
ORD008640,2024-02-12,CUST01212,Sports,Bicycle,329.59,5,0,1647.95,South,PayPal,Mobile App,4,5
ORD008641,2024-06-12,CUST00921,Books,Textbook,55.23,4,0,220.92,West,Debit Card,Web,5,7
ORD008642,2024-12-09,CUST00084,Clothing,Hat,62.31,4,0,249.24,Central,Credit Card,Phone,4,4
ORD008643,2024-11-05,CUST00333,Home,Chair,288.84,5,0.05,1371.99,West,Debit Card,In-Store,4,11
ORD008644,2024-09-13,CUST00572,Books,Biography,13.54,5,0.05,64.32,Central,Bank Transfer,Web,3,9
ORD008645,2024-08-15,CUST01583,Clothing,Jacket,55.24,3,0,165.72,South,Credit Card,Web,3,10
ORD008646,2024-11-19,CUST01244,Clothing,Socks,109.76,5,0.05,521.36,East,Debit Card,Web,4,8
ORD008647,2024-09-23,CUST00698,Electronics,Headphones,1104.16,4,0,4416.64,Central,PayPal,Mobile App,4,3
ORD008648,2024-03-14,CUST00734,Books,Cookbook,43.45,3,0.05,123.83,Central,Credit Card,Phone,5,6
ORD008649,2024-01-30,CUST01355,Home,Chair,116.0,4,0.05,440.8,West,Debit Card,Mobile App,4,11
ORD008650,2024-09-18,CUST00040,Sports,Football,541.4,2,0.2,866.24,North,Bank Transfer,Web,3,13
ORD008651,2024-11-27,CUST01316,Electronics,Smartphone,1279.42,5,0.15,5437.53,South,Credit Card,Phone,2,4
ORD008652,2024-05-30,CUST00519,Home,Blender,68.12,3,0,204.36,Central,Bank Transfer,Web,3,3
ORD008653,2024-01-31,CUST01760,Electronics,Headphones,1259.66,4,0,5038.64,East,Mobile Money,Mobile App,4,14
ORD008654,2024-10-20,CUST00968,Clothing,Sneakers,70.91,3,0,212.73,South,Debit Card,Mobile App,2,13
ORD008655,2024-12-26,CUST01694,Books,Comic,11.58,5,0.15,49.22,Central,Mobile Money,Web,5,13
ORD008656,2024-04-11,CUST01020,Home,Toaster,141.23,3,0.1,381.32,Central,Mobile Money,Mobile App,4,13
ORD008657,2024-09-04,CUST00151,Books,Novel,38.46,4,0.1,138.46,West,Bank Transfer,Phone,5,12
ORD008658,2024-09-21,CUST01621,Books,Comic,19.57,1,0,19.57,West,Mobile Money,Mobile App,3,10
ORD008659,2024-08-17,CUST00191,Books,Guide,19.26,3,0.1,52.0,West,Credit Card,Phone,5,13
ORD008660,2024-11-26,CUST01558,Electronics,Laptop,309.42,4,0.05,1175.8,North,Bank Transfer,Web,3,2
ORD008661,2024-07-02,CUST01860,Home,Blender,101.89,1,0,101.89,North,Bank Transfer,Web,2,4
ORD008662,2024-09-04,CUST01735,Home,Pillow,95.84,4,0,383.36,West,Mobile Money,Phone,3,6
ORD008663,2024-07-23,CUST01649,Home,Chair,38.58,5,0.1,173.61,East,PayPal,Web,4,8
ORD008664,2024-06-05,CUST01958,Electronics,Headphones,334.98,5,0,1674.9,South,Credit Card,Web,3,3
ORD008665,2024-08-30,CUST01762,Electronics,Smartwatch,1115.01,1,0.05,1059.26,East,Debit Card,Phone,3,12
ORD008666,2024-06-14,CUST00261,Electronics,Smartwatch,376.58,2,0.1,677.84,East,Credit Card,Phone,4,9
ORD008667,2024-04-16,CUST01984,Home,Toaster,389.8,5,0.15,1656.65,Central,Credit Card,Mobile App,5,6
ORD008668,2024-01-21,CUST01385,Clothing,Jacket,66.12,3,0.05,188.44,West,Mobile Money,Web,3,3
ORD008669,2024-08-06,CUST01484,Home,Chair,224.87,2,0.15,382.28,Central,Mobile Money,Phone,5,10
ORD008670,2024-03-08,CUST00019,Electronics,Laptop,916.93,2,0.15,1558.78,Central,Bank Transfer,Phone,5,10
ORD008671,2024-11-18,CUST00967,Home,Toaster,320.8,2,0.2,513.28,East,Bank Transfer,Web,5,5
ORD008672,2024-04-07,CUST00854,Home,Table,394.03,2,0,788.06,North,PayPal,Web,5,2
ORD008673,2024-05-01,CUST00900,Sports,Yoga Mat,128.1,4,0,512.4,East,Debit Card,In-Store,4,3
ORD008674,2024-07-01,CUST00512,Home,Table,336.05,1,0,336.05,West,Bank Transfer,In-Store,5,9
ORD008675,2024-02-28,CUST01670,Books,Guide,19.73,2,0,39.46,East,Bank Transfer,Mobile App,2,10
ORD008676,2024-02-01,CUST00404,Clothing,Socks,105.98,4,0.05,402.72,Central,PayPal,In-Store,4,1
ORD008677,2024-11-14,CUST00637,Books,Textbook,22.75,4,0,91.0,North,PayPal,In-Store,4,12
ORD008678,2024-08-11,CUST00867,Home,Toaster,87.9,2,0.1,158.22,East,PayPal,Web,2,3
ORD008679,2024-01-30,CUST00831,Sports,Football,122.47,5,0,612.35,West,Debit Card,Web,4,5
ORD008680,2024-04-22,CUST01982,Sports,Football,369.2,2,0,738.4,North,Mobile Money,Web,3,12
ORD008681,2024-07-04,CUST00488,Books,Guide,55.5,1,0,55.5,West,Mobile Money,Mobile App,4,11
ORD008682,2024-09-22,CUST01695,Home,Lamp,163.59,2,0.15,278.1,East,Mobile Money,Phone,5,2
ORD008683,2024-07-03,CUST01860,Electronics,Headphones,465.62,5,0.2,1862.48,West,Mobile Money,Phone,4,10
ORD008684,2024-05-25,CUST00181,Sports,Tennis Racket,371.75,4,0,1487.0,South,PayPal,In-Store,3,8
ORD008685,2024-08-20,CUST01394,Home,Blender,21.86,1,0,21.86,West,Mobile Money,Mobile App,4,3
ORD008686,2024-10-02,CUST01499,Home,Lamp,133.3,1,0.1,119.97,North,Debit Card,In-Store,5,1
ORD008687,2024-04-19,CUST01591,Books,Cookbook,48.19,2,0.05,91.56,South,PayPal,Web,5,13
ORD008688,2024-04-13,CUST01601,Clothing,T-Shirt,70.44,2,0.2,112.7,South,Mobile Money,Web,5,5
ORD008689,2024-08-28,CUST01163,Books,Cookbook,26.32,4,0.05,100.02,Central,Debit Card,Phone,2,5
ORD008690,2024-12-18,CUST01955,Sports,Tennis Racket,681.54,4,0.1,2453.54,Central,Mobile Money,Mobile App,5,9
ORD008691,2024-09-08,CUST01900,Electronics,Smartphone,871.96,4,0,3487.84,North,Debit Card,In-Store,5,10
ORD008692,2024-01-12,CUST01231,Electronics,Smartphone,1348.66,4,0.1,4855.18,West,Bank Transfer,Web,3,7
ORD008693,2024-05-16,CUST00118,Books,Comic,56.99,1,0.05,54.14,Central,Credit Card,Web,4,12
ORD008694,2024-12-19,CUST01844,Clothing,T-Shirt,105.58,5,0.05,501.51,South,Debit Card,Mobile App,5,11
ORD008695,2024-02-14,CUST01786,Electronics,Headphones,1242.62,4,0.15,4224.91,West,Credit Card,Mobile App,4,13
ORD008696,2024-02-13,CUST01529,Electronics,Smartphone,791.01,5,0.2,3164.04,South,Credit Card,In-Store,5,8
ORD008697,2024-09-19,CUST00464,Home,Chair,398.73,2,0.15,677.84,Central,Mobile Money,Mobile App,4,14
ORD008698,2024-01-30,CUST01967,Clothing,Jeans,137.14,1,0.05,130.28,North,Mobile Money,In-Store,4,8
ORD008699,2024-10-29,CUST00326,Sports,Football,228.2,5,0.15,969.85,West,PayPal,Mobile App,4,9
ORD008700,2024-04-30,CUST01588,Sports,Dumbbell,462.32,1,0,462.32,Central,Mobile Money,Phone,2,8
ORD008701,2024-07-16,CUST01114,Sports,Football,105.72,5,0.15,449.31,North,PayPal,Phone,5,7
ORD008702,2024-08-20,CUST00211,Clothing,Jeans,33.52,3,0.2,80.45,Central,PayPal,Mobile App,5,7
ORD008703,2024-08-13,CUST01580,Books,Comic,15.32,1,0.05,14.55,South,Bank Transfer,In-Store,5,5
ORD008704,2024-09-21,CUST01807,Home,Blender,301.67,3,0.05,859.76,East,PayPal,Mobile App,4,8
ORD008705,2024-06-20,CUST00160,Books,Novel,53.42,5,0.2,213.68,West,Bank Transfer,Phone,5,8
ORD008706,2024-10-06,CUST00882,Electronics,Laptop,142.26,5,0,711.3,East,Bank Transfer,Web,3,4
ORD008707,2024-02-07,CUST00583,Home,Blender,183.55,4,0,734.2,North,PayPal,Phone,3,4
ORD008708,2024-04-06,CUST00802,Home,Chair,77.48,2,0,154.96,North,Bank Transfer,Web,5,8
ORD008709,2024-11-13,CUST00072,Clothing,T-Shirt,45.22,2,0,90.44,South,Credit Card,Phone,5,9
ORD008710,2024-03-07,CUST01278,Electronics,Smartwatch,363.7,5,0,1818.5,West,Credit Card,Mobile App,3,13
ORD008711,2024-03-19,CUST00094,Books,Textbook,35.88,4,0.15,121.99,North,Debit Card,In-Store,4,4
ORD008712,2024-12-18,CUST01179,Clothing,Jacket,10.84,3,0,32.52,North,Credit Card,Mobile App,5,13
ORD008713,2024-11-24,CUST00476,Sports,Football,604.82,5,0,3024.1,West,Bank Transfer,Phone,4,11
ORD008714,2024-05-10,CUST00266,Clothing,Jacket,144.78,1,0.05,137.54,West,PayPal,In-Store,3,9
ORD008715,2024-01-01,CUST00130,Sports,Yoga Mat,108.19,1,0,108.19,North,Debit Card,Mobile App,5,5
ORD008716,2024-08-07,CUST01941,Electronics,Headphones,783.25,3,0,2349.75,West,Debit Card,Mobile App,4,8
ORD008717,2024-08-30,CUST01396,Home,Toaster,87.22,3,0.1,235.49,South,PayPal,In-Store,3,10
ORD008718,2024-08-11,CUST01834,Books,Cookbook,47.56,5,0.1,214.02,South,Bank Transfer,Phone,3,7
ORD008719,2024-05-13,CUST01936,Home,Chair,234.88,4,0.15,798.59,South,PayPal,In-Store,5,2
ORD008720,2024-08-05,CUST00956,Books,Comic,16.39,5,0.15,69.66,East,Debit Card,Phone,5,3
ORD008721,2024-06-20,CUST00130,Electronics,Laptop,255.45,4,0,1021.8,North,Mobile Money,Web,4,3
ORD008722,2024-11-17,CUST01884,Home,Blender,346.58,4,0.05,1317.0,West,Mobile Money,Web,5,3
ORD008723,2024-07-03,CUST01727,Electronics,Tablet,748.68,3,0.2,1796.83,North,Credit Card,In-Store,5,12
ORD008724,2024-05-20,CUST01566,Sports,Bicycle,628.85,2,0.2,1006.16,Central,Bank Transfer,Mobile App,5,2
ORD008725,2024-05-24,CUST00918,Sports,Yoga Mat,776.56,4,0,3106.24,North,Mobile Money,Phone,3,13
ORD008726,2024-08-05,CUST01395,Sports,Basketball,791.91,4,0.2,2534.11,West,Bank Transfer,Phone,5,9
ORD008727,2024-09-21,CUST01460,Books,Cookbook,38.91,2,0.2,62.26,North,Bank Transfer,Mobile App,5,6
ORD008728,2024-06-28,CUST00130,Clothing,Socks,96.88,1,0,96.88,West,Mobile Money,Web,3,5
ORD008729,2024-03-25,CUST01762,Electronics,Tablet,1294.69,2,0,2589.38,West,Mobile Money,Phone,3,1
ORD008730,2024-07-15,CUST01080,Books,Comic,7.47,4,0,29.88,Central,Mobile Money,Phone,3,4
ORD008731,2024-04-08,CUST01553,Sports,Football,23.47,2,0,46.94,West,PayPal,Phone,5,9
ORD008732,2024-12-06,CUST00494,Electronics,Headphones,706.2,4,0.05,2683.56,North,Debit Card,Web,4,3
ORD008733,2024-10-22,CUST00542,Sports,Dumbbell,418.11,3,0,1254.33,Central,Bank Transfer,Mobile App,4,10
ORD008734,2024-12-27,CUST00420,Sports,Tennis Racket,640.71,4,0,2562.84,Central,PayPal,In-Store,2,5
ORD008735,2024-12-10,CUST01692,Clothing,Jacket,17.99,3,0.15,45.87,South,PayPal,In-Store,3,12
ORD008736,2024-02-06,CUST01015,Sports,Football,634.6,5,0.2,2538.4,Central,Mobile Money,Phone,5,8
ORD008737,2024-04-25,CUST00746,Clothing,Hat,84.68,4,0.2,270.98,North,Credit Card,Web,5,11
ORD008738,2024-04-30,CUST01257,Clothing,Jacket,147.53,3,0.1,398.33,Central,PayPal,Mobile App,5,6
ORD008739,2024-04-09,CUST00085,Sports,Football,60.82,5,0.05,288.89,North,Bank Transfer,Phone,2,4
ORD008740,2024-06-26,CUST01997,Clothing,Socks,20.83,4,0.05,79.15,West,Debit Card,In-Store,4,1
ORD008741,2024-01-06,CUST01415,Electronics,Laptop,1352.86,5,0,6764.3,Central,PayPal,Phone,4,4
ORD008742,2024-05-22,CUST01975,Electronics,Laptop,923.5,3,0.15,2354.93,Central,Bank Transfer,Mobile App,5,4
ORD008743,2024-08-24,CUST01341,Home,Toaster,81.2,2,0,162.4,East,Credit Card,In-Store,2,2
ORD008744,2024-07-03,CUST01562,Home,Pillow,76.18,5,0.2,304.72,Central,PayPal,Phone,4,12
ORD008745,2024-11-07,CUST00064,Electronics,Laptop,952.55,4,0.15,3238.67,South,Credit Card,Mobile App,5,9
ORD008746,2024-11-26,CUST01885,Books,Cookbook,26.8,1,0.15,22.78,Central,Debit Card,In-Store,3,12
ORD008747,2024-09-08,CUST00205,Sports,Dumbbell,628.45,2,0.15,1068.37,South,Bank Transfer,Web,5,5
ORD008748,2024-05-25,CUST01252,Clothing,Jacket,12.36,2,0.05,23.48,Central,Credit Card,Phone,4,14
ORD008749,2024-01-13,CUST00069,Home,Table,105.06,4,0,420.24,Central,Credit Card,Phone,4,3
ORD008750,2024-04-25,CUST00532,Sports,Tennis Racket,763.02,1,0.2,610.42,North,Credit Card,In-Store,5,14
ORD008751,2024-08-26,CUST01018,Electronics,Headphones,386.46,1,0,386.46,South,Credit Card,Web,5,12
ORD008752,2024-11-11,CUST01564,Sports,Football,336.67,4,0,1346.68,North,PayPal,In-Store,5,4
ORD008753,2024-07-19,CUST01647,Electronics,Smartwatch,952.15,4,0,3808.6,Central,PayPal,In-Store,3,13
ORD008754,2024-02-23,CUST00391,Clothing,Socks,106.46,4,0,425.84,West,Credit Card,Phone,4,6
ORD008755,2024-11-27,CUST00462,Home,Chair,210.68,3,0,632.04,South,Mobile Money,Mobile App,2,4
ORD008756,2024-05-17,CUST01154,Books,Guide,58.35,4,0,233.4,West,Debit Card,Phone,3,4
ORD008757,2024-03-05,CUST01361,Home,Pillow,287.93,2,0,575.86,South,Mobile Money,Phone,5,5
ORD008758,2024-01-24,CUST01576,Sports,Football,398.04,4,0.05,1512.55,Central,Mobile Money,In-Store,5,5
ORD008759,2024-11-22,CUST00652,Home,Pillow,296.66,5,0,1483.3,East,PayPal,In-Store,5,12
ORD008760,2024-06-01,CUST00493,Electronics,Headphones,1498.82,3,0,4496.46,South,Mobile Money,Mobile App,5,9
ORD008761,2024-08-30,CUST00014,Home,Toaster,358.89,5,0.2,1435.56,North,PayPal,In-Store,5,14
ORD008762,2024-08-02,CUST00080,Sports,Basketball,761.28,4,0,3045.12,Central,Mobile Money,Web,4,4
ORD008763,2024-06-25,CUST00112,Electronics,Camera,940.89,2,0.1,1693.6,South,Credit Card,Mobile App,4,1
ORD008764,2024-03-07,CUST01063,Books,Comic,26.29,1,0.2,21.03,South,Mobile Money,In-Store,5,8
ORD008765,2024-09-24,CUST00501,Sports,Dumbbell,49.5,1,0,49.5,Central,Debit Card,Web,1,11
ORD008766,2024-06-19,CUST00611,Sports,Dumbbell,742.76,4,0.05,2822.49,East,Mobile Money,In-Store,5,11
ORD008767,2024-01-25,CUST01357,Clothing,Socks,17.18,4,0,68.72,Central,Credit Card,Mobile App,5,9
ORD008768,2024-09-29,CUST01594,Clothing,Socks,74.31,2,0.1,133.76,Central,Bank Transfer,In-Store,1,4
ORD008769,2024-04-16,CUST01824,Books,Biography,22.01,4,0.1,79.24,East,Credit Card,Web,1,12
ORD008770,2024-10-08,CUST01230,Home,Toaster,354.69,2,0.05,673.91,Central,Mobile Money,Web,5,1
ORD008771,2024-09-19,CUST01063,Home,Table,68.75,1,0.1,61.87,Central,Credit Card,In-Store,4,6
ORD008772,2024-04-26,CUST01688,Electronics,Headphones,732.56,5,0,3662.8,East,Credit Card,Web,4,9
ORD008773,2024-04-19,CUST00092,Electronics,Tablet,938.67,5,0.15,3989.35,South,Mobile Money,In-Store,4,3
ORD008774,2024-11-09,CUST00010,Sports,Dumbbell,466.35,1,0,466.35,West,Mobile Money,Phone,4,9
ORD008775,2024-05-05,CUST00899,Electronics,Laptop,821.55,5,0,4107.75,East,PayPal,Web,1,1
ORD008776,2024-07-18,CUST00158,Electronics,Smartphone,191.98,5,0.1,863.91,South,Bank Transfer,Mobile App,5,4
ORD008777,2024-03-08,CUST00435,Sports,Football,333.61,1,0,333.61,South,Bank Transfer,In-Store,4,3
ORD008778,2024-08-05,CUST00422,Sports,Basketball,428.25,3,0,1284.75,South,Bank Transfer,In-Store,3,6
ORD008779,2024-11-09,CUST01558,Clothing,Jacket,72.9,5,0.2,291.6,East,Credit Card,Phone,5,4
ORD008780,2024-04-02,CUST00760,Home,Blender,56.5,5,0.2,226.0,South,Debit Card,Mobile App,5,4
ORD008781,2024-12-21,CUST01656,Electronics,Smartwatch,554.29,2,0,1108.58,Central,Mobile Money,Phone,3,1
ORD008782,2024-05-14,CUST01270,Sports,Dumbbell,262.96,4,0.05,999.25,North,Mobile Money,Web,2,5
ORD008783,2024-11-19,CUST00132,Clothing,Jacket,128.01,4,0.15,435.23,North,Bank Transfer,Mobile App,4,4
ORD008784,2024-06-19,CUST00383,Clothing,Socks,132.38,1,0,132.38,East,Bank Transfer,Phone,1,11
ORD008785,2024-04-21,CUST01640,Electronics,Camera,192.69,1,0.05,183.06,East,Mobile Money,In-Store,4,2
ORD008786,2024-09-02,CUST00706,Home,Table,328.25,4,0,1313.0,Central,Mobile Money,In-Store,3,8
ORD008787,2024-04-25,CUST01723,Books,Biography,47.26,4,0.2,151.23,East,Mobile Money,Phone,4,10
ORD008788,2024-02-12,CUST01808,Sports,Dumbbell,203.3,1,0.2,162.64,East,Mobile Money,In-Store,5,4
ORD008789,2024-08-26,CUST01714,Electronics,Camera,1084.32,3,0,3252.96,West,PayPal,Phone,5,14
ORD008790,2024-07-29,CUST01727,Electronics,Smartphone,160.03,2,0.1,288.05,West,Credit Card,Mobile App,4,9
ORD008791,2024-11-04,CUST00476,Clothing,Socks,102.49,4,0.15,348.47,North,Mobile Money,In-Store,5,1
ORD008792,2024-10-16,CUST00625,Home,Blender,143.41,1,0.2,114.73,North,PayPal,Web,5,8
ORD008793,2024-06-19,CUST01558,Home,Table,26.9,1,0.15,22.87,Central,Debit Card,Web,5,14
ORD008794,2024-08-15,CUST00178,Sports,Yoga Mat,396.59,1,0.1,356.93,West,PayPal,In-Store,3,13
ORD008795,2024-06-04,CUST01910,Books,Cookbook,22.95,5,0.1,103.27,South,Bank Transfer,Phone,5,13
ORD008796,2024-10-17,CUST01612,Books,Textbook,52.4,1,0.1,47.16,West,PayPal,In-Store,5,12
ORD008797,2024-10-14,CUST00480,Home,Chair,32.03,3,0.15,81.68,Central,PayPal,Web,5,10
ORD008798,2024-08-09,CUST00465,Electronics,Tablet,761.42,1,0.1,685.28,North,Bank Transfer,In-Store,4,12
ORD008799,2024-11-23,CUST00178,Books,Textbook,25.82,2,0.1,46.48,East,Credit Card,Mobile App,3,13
ORD008800,2024-11-06,CUST00947,Home,Pillow,30.86,4,0,123.44,North,Debit Card,Phone,4,5
ORD008801,2024-09-23,CUST00700,Electronics,Smartphone,515.38,3,0,1546.14,North,Bank Transfer,Web,4,11
ORD008802,2024-11-01,CUST01150,Books,Comic,35.39,4,0,141.56,West,PayPal,Web,4,8
ORD008803,2024-12-22,CUST00743,Sports,Basketball,752.22,3,0.2,1805.33,South,Mobile Money,In-Store,5,11
ORD008804,2024-07-13,CUST00186,Books,Novel,58.79,3,0.2,141.1,West,Debit Card,Phone,4,8
ORD008805,2024-08-14,CUST01384,Electronics,Tablet,1213.21,5,0.15,5156.14,South,Credit Card,Phone,4,1
ORD008806,2024-03-31,CUST01796,Sports,Tennis Racket,575.54,1,0.1,517.99,South,Bank Transfer,Mobile App,1,10
ORD008807,2024-12-25,CUST00350,Books,Textbook,49.91,3,0.2,119.78,East,Bank Transfer,Phone,5,9
ORD008808,2024-02-04,CUST01298,Sports,Dumbbell,31.59,2,0,63.18,East,PayPal,Phone,2,14
ORD008809,2024-07-13,CUST01344,Home,Lamp,297.95,1,0.15,253.26,East,PayPal,In-Store,5,9
ORD008810,2024-04-20,CUST01712,Clothing,Socks,14.11,3,0,42.33,North,PayPal,In-Store,4,5
ORD008811,2024-05-15,CUST00527,Clothing,Jeans,146.69,5,0.05,696.78,West,Mobile Money,Mobile App,3,10
ORD008812,2024-05-01,CUST00090,Books,Novel,8.95,4,0,35.8,Central,Debit Card,Mobile App,4,2
ORD008813,2024-05-22,CUST01877,Books,Biography,45.11,2,0.15,76.69,West,PayPal,Phone,3,8
ORD008814,2024-01-07,CUST00137,Clothing,Hat,141.24,4,0.1,508.46,North,Mobile Money,Mobile App,3,2
ORD008815,2024-08-06,CUST00302,Books,Guide,54.54,4,0,218.16,South,Debit Card,Mobile App,4,12
ORD008816,2024-09-04,CUST01715,Clothing,T-Shirt,30.73,4,0.15,104.48,West,Mobile Money,Mobile App,5,14
ORD008817,2024-01-11,CUST01363,Books,Cookbook,52.55,5,0.1,236.47,Central,PayPal,Mobile App,5,9
ORD008818,2024-11-07,CUST01679,Home,Toaster,158.73,3,0.15,404.76,Central,Credit Card,Mobile App,5,14
ORD008819,2024-10-18,CUST00400,Clothing,Jeans,103.52,2,0,207.04,South,Bank Transfer,Web,4,4
ORD008820,2024-05-22,CUST01072,Clothing,Jacket,39.92,1,0,39.92,North,PayPal,Web,3,6
ORD008821,2024-09-03,CUST01614,Sports,Tennis Racket,277.78,2,0.05,527.78,South,PayPal,Web,4,14
ORD008822,2024-01-29,CUST00890,Home,Pillow,172.54,4,0,690.16,South,Bank Transfer,Mobile App,3,12
ORD008823,2024-10-01,CUST00776,Sports,Basketball,199.07,4,0.05,756.47,West,Debit Card,Web,1,6
ORD008824,2024-07-30,CUST00887,Clothing,Socks,78.05,4,0.05,296.59,West,Debit Card,Web,4,4
ORD008825,2024-05-15,CUST00784,Home,Blender,280.59,1,0.1,252.53,Central,Mobile Money,In-Store,3,13
ORD008826,2024-07-30,CUST00838,Home,Lamp,34.25,4,0.1,123.3,South,PayPal,Phone,5,9
ORD008827,2024-10-11,CUST00831,Sports,Dumbbell,337.42,4,0.15,1147.23,Central,Bank Transfer,Web,3,10
ORD008828,2024-02-24,CUST00813,Clothing,Hat,19.35,5,0.05,91.91,Central,Debit Card,Web,4,6
ORD008829,2024-01-11,CUST01877,Books,Comic,33.14,4,0.1,119.3,West,Debit Card,In-Store,3,8
ORD008830,2024-04-29,CUST00164,Electronics,Tablet,1004.62,1,0.15,853.93,West,Mobile Money,Phone,5,3
ORD008831,2024-07-03,CUST01975,Books,Novel,10.29,5,0,51.45,Central,PayPal,Web,5,13
ORD008832,2024-02-01,CUST00749,Books,Novel,44.93,5,0.05,213.42,North,Mobile Money,In-Store,2,9
ORD008833,2024-08-30,CUST00753,Electronics,Tablet,622.49,5,0,3112.45,East,Debit Card,Phone,5,12
ORD008834,2024-07-02,CUST01611,Books,Biography,26.79,1,0,26.79,Central,Bank Transfer,Web,4,10
ORD008835,2024-05-23,CUST00159,Electronics,Headphones,1246.38,5,0.2,4985.52,West,PayPal,Mobile App,4,9
ORD008836,2024-01-16,CUST00091,Sports,Bicycle,79.41,5,0.15,337.49,North,Bank Transfer,In-Store,4,7
ORD008837,2024-05-14,CUST00455,Clothing,Socks,121.76,5,0,608.8,South,Debit Card,Web,5,8
ORD008838,2024-11-29,CUST00843,Sports,Yoga Mat,683.97,3,0,2051.91,North,Mobile Money,In-Store,5,10
ORD008839,2024-04-15,CUST00563,Books,Textbook,57.01,1,0.15,48.46,South,Bank Transfer,Phone,5,12
ORD008840,2024-05-14,CUST01239,Clothing,T-Shirt,99.39,4,0.05,377.68,South,Debit Card,Phone,2,12
ORD008841,2024-02-03,CUST01477,Clothing,Sneakers,107.5,3,0.2,258.0,South,Credit Card,In-Store,4,6
ORD008842,2024-10-30,CUST01397,Home,Blender,215.71,4,0.1,776.56,East,PayPal,Mobile App,5,1
ORD008843,2024-08-09,CUST00552,Sports,Dumbbell,159.15,4,0.05,604.77,South,Credit Card,Phone,4,1
ORD008844,2024-09-28,CUST01861,Electronics,Camera,125.48,5,0.2,501.92,East,Mobile Money,In-Store,5,8
ORD008845,2024-12-01,CUST00224,Sports,Dumbbell,146.65,5,0.2,586.6,West,Debit Card,Phone,2,1
ORD008846,2024-10-08,CUST01373,Clothing,T-Shirt,90.29,4,0,361.16,West,Credit Card,In-Store,4,14
ORD008847,2024-11-03,CUST01964,Home,Lamp,292.76,5,0.15,1244.23,West,PayPal,Phone,5,14
ORD008848,2024-02-19,CUST01028,Electronics,Headphones,219.37,5,0,1096.85,West,Debit Card,Web,4,5
ORD008849,2024-02-16,CUST01642,Clothing,Socks,73.32,5,0.2,293.28,East,Bank Transfer,Web,5,5
ORD008850,2024-07-17,CUST00291,Electronics,Laptop,831.38,5,0,4156.9,East,Mobile Money,In-Store,5,11
ORD008851,2024-03-28,CUST01530,Books,Cookbook,6.97,5,0.15,29.62,East,PayPal,Web,4,11
ORD008852,2024-06-10,CUST01800,Home,Toaster,199.44,3,0,598.32,West,Credit Card,Phone,5,10
ORD008853,2024-10-28,CUST00825,Sports,Yoga Mat,374.85,2,0.2,599.76,South,PayPal,Mobile App,5,2
ORD008854,2024-04-05,CUST01794,Home,Chair,18.97,5,0.15,80.62,Central,Credit Card,Mobile App,5,10
ORD008855,2024-03-26,CUST01767,Sports,Basketball,278.27,4,0.15,946.12,West,Mobile Money,Mobile App,5,12
ORD008856,2024-05-20,CUST00012,Books,Cookbook,56.91,4,0.2,182.11,North,Credit Card,Mobile App,3,9
ORD008857,2024-02-01,CUST01288,Clothing,Socks,47.07,5,0,235.35,South,Credit Card,Web,4,9
ORD008858,2024-09-29,CUST00014,Clothing,Socks,77.9,1,0.15,66.21,East,Debit Card,Phone,5,8
ORD008859,2024-11-08,CUST00735,Sports,Tennis Racket,568.68,3,0,1706.04,South,Bank Transfer,In-Store,5,5
ORD008860,2024-12-23,CUST01254,Home,Table,369.64,4,0,1478.56,West,Mobile Money,Phone,5,9
ORD008861,2024-04-18,CUST00451,Sports,Dumbbell,784.31,5,0,3921.55,Central,PayPal,Web,2,10
ORD008862,2024-07-06,CUST01165,Home,Lamp,22.31,1,0.2,17.85,West,Bank Transfer,Mobile App,5,11
ORD008863,2024-04-17,CUST00086,Home,Table,46.96,5,0.1,211.32,Central,Bank Transfer,Mobile App,3,7
ORD008864,2024-07-11,CUST00834,Home,Toaster,141.08,2,0,282.16,East,Debit Card,Phone,4,14
ORD008865,2024-10-01,CUST00473,Books,Novel,59.73,4,0.15,203.08,West,Credit Card,Mobile App,5,14
ORD008866,2024-03-04,CUST01066,Sports,Dumbbell,129.41,4,0,517.64,South,Bank Transfer,Mobile App,4,11
ORD008867,2024-12-21,CUST01241,Electronics,Tablet,497.41,4,0.2,1591.71,East,Mobile Money,Phone,5,10
ORD008868,2024-07-12,CUST01836,Clothing,Jeans,56.2,4,0,224.8,East,Bank Transfer,Web,1,10
ORD008869,2024-01-21,CUST01520,Clothing,Jacket,104.37,2,0.1,187.87,North,Bank Transfer,Web,3,3
ORD008870,2024-05-07,CUST01903,Home,Pillow,105.55,3,0,316.65,Central,PayPal,Phone,5,13
ORD008871,2024-09-04,CUST01287,Electronics,Smartphone,428.06,5,0.05,2033.28,South,Mobile Money,In-Store,4,7
ORD008872,2024-12-18,CUST00573,Home,Table,331.85,1,0,331.85,South,Credit Card,In-Store,2,5
ORD008873,2024-08-02,CUST00737,Clothing,Socks,124.94,2,0,249.88,South,Debit Card,Web,3,4
ORD008874,2024-05-06,CUST01827,Sports,Yoga Mat,457.32,3,0,1371.96,Central,PayPal,In-Store,2,4
ORD008875,2024-03-28,CUST01330,Books,Cookbook,51.02,4,0.15,173.47,Central,PayPal,In-Store,4,9
ORD008876,2024-04-05,CUST01237,Clothing,Hat,118.82,3,0.2,285.17,East,Mobile Money,In-Store,3,8
ORD008877,2024-05-25,CUST01744,Books,Biography,26.95,2,0.2,43.12,North,Credit Card,In-Store,4,4
ORD008878,2024-09-20,CUST00459,Clothing,T-Shirt,54.46,3,0.1,147.04,West,Debit Card,Web,1,8
ORD008879,2024-06-01,CUST00719,Sports,Tennis Racket,679.59,5,0,3397.95,North,PayPal,Phone,2,9
ORD008880,2024-01-27,CUST00974,Clothing,Hat,144.56,4,0.15,491.5,East,Bank Transfer,In-Store,5,13
ORD008881,2024-07-06,CUST00289,Clothing,Hat,81.38,4,0.2,260.42,South,Bank Transfer,Mobile App,4,14
ORD008882,2024-11-22,CUST00043,Sports,Basketball,261.33,2,0.2,418.13,Central,Credit Card,Phone,5,3
ORD008883,2024-09-16,CUST01211,Books,Comic,41.73,2,0,83.46,East,Debit Card,In-Store,4,10
ORD008884,2024-02-22,CUST00174,Books,Textbook,47.31,4,0,189.24,North,Debit Card,Web,5,4
ORD008885,2024-07-24,CUST00906,Sports,Yoga Mat,686.63,1,0,686.63,East,Bank Transfer,Phone,4,7
ORD008886,2024-02-18,CUST01595,Clothing,Socks,100.82,1,0,100.82,East,Debit Card,Mobile App,3,9
ORD008887,2024-08-15,CUST00556,Sports,Tennis Racket,202.73,3,0.15,516.96,South,Mobile Money,In-Store,4,1
ORD008888,2024-01-09,CUST00260,Clothing,Socks,78.28,5,0.2,313.12,North,Bank Transfer,Mobile App,5,3
ORD008889,2024-06-21,CUST01327,Books,Comic,10.54,5,0.1,47.43,East,Debit Card,Mobile App,5,1
ORD008890,2024-05-08,CUST00830,Home,Table,275.11,1,0.15,233.84,Central,Mobile Money,Mobile App,4,8
ORD008891,2024-07-24,CUST00185,Electronics,Laptop,890.59,5,0.1,4007.65,South,PayPal,In-Store,3,7
ORD008892,2024-02-02,CUST01597,Sports,Tennis Racket,554.93,1,0.1,499.44,South,Bank Transfer,Web,2,10
ORD008893,2024-05-18,CUST00145,Books,Comic,52.99,4,0.1,190.76,North,Mobile Money,Mobile App,2,4
ORD008894,2024-09-23,CUST00059,Home,Pillow,177.99,1,0,177.99,North,Debit Card,Web,1,8
ORD008895,2024-01-29,CUST01658,Electronics,Smartwatch,1464.28,1,0.1,1317.85,South,Credit Card,Mobile App,3,12
ORD008896,2024-10-19,CUST01445,Home,Blender,248.55,1,0.2,198.84,South,Bank Transfer,Phone,2,13
ORD008897,2024-06-09,CUST00779,Electronics,Headphones,1280.54,1,0.1,1152.49,West,Credit Card,In-Store,4,9
ORD008898,2024-04-29,CUST01435,Sports,Bicycle,428.93,3,0.15,1093.77,North,Credit Card,Phone,4,11
ORD008899,2024-04-10,CUST00158,Clothing,Socks,60.77,3,0.1,164.08,North,Mobile Money,Mobile App,5,2
ORD008900,2024-02-27,CUST01211,Clothing,Hat,124.33,5,0.15,528.4,East,Credit Card,In-Store,5,10
ORD008901,2024-01-12,CUST01728,Books,Textbook,45.91,3,0.2,110.18,Central,Debit Card,Web,5,4
ORD008902,2024-11-05,CUST01335,Electronics,Laptop,848.92,1,0.2,679.14,North,Mobile Money,Phone,3,7
ORD008903,2024-10-12,CUST01803,Books,Comic,54.15,1,0.2,43.32,South,PayPal,In-Store,5,6
ORD008904,2024-01-27,CUST00548,Home,Chair,214.26,1,0.15,182.12,South,Bank Transfer,In-Store,5,7
ORD008905,2024-11-11,CUST00330,Home,Toaster,153.7,2,0.05,292.03,West,PayPal,In-Store,4,13
ORD008906,2024-01-04,CUST00299,Home,Toaster,335.23,3,0,1005.69,South,PayPal,In-Store,5,10
ORD008907,2024-05-19,CUST00823,Sports,Tennis Racket,713.72,2,0.05,1356.07,West,Debit Card,Web,5,7
ORD008908,2024-08-16,CUST00012,Books,Cookbook,22.44,3,0,67.32,East,Bank Transfer,Phone,5,9
ORD008909,2024-11-06,CUST01238,Sports,Football,373.31,2,0.2,597.3,West,PayPal,Web,2,9
ORD008910,2024-11-30,CUST01571,Clothing,T-Shirt,81.33,5,0,406.65,North,Mobile Money,In-Store,5,14
ORD008911,2024-04-28,CUST01094,Home,Toaster,332.01,5,0.05,1577.05,Central,Mobile Money,Web,2,11
ORD008912,2024-11-27,CUST01821,Sports,Dumbbell,484.85,5,0.1,2181.82,East,Credit Card,Phone,3,12
ORD008913,2024-06-19,CUST00035,Electronics,Smartwatch,588.06,4,0,2352.24,East,PayPal,Web,5,5
ORD008914,2024-04-04,CUST00686,Books,Cookbook,40.64,1,0,40.64,West,PayPal,Mobile App,4,9
ORD008915,2024-12-19,CUST01165,Electronics,Smartwatch,217.75,3,0.1,587.92,North,Debit Card,Web,4,12
ORD008916,2024-01-24,CUST01248,Electronics,Tablet,194.57,1,0.2,155.66,South,Bank Transfer,Mobile App,5,11
ORD008917,2024-01-17,CUST00036,Books,Textbook,22.58,3,0.2,54.19,Central,Debit Card,Mobile App,5,14
ORD008918,2024-01-18,CUST01483,Books,Textbook,58.58,2,0.05,111.3,North,Bank Transfer,Mobile App,4,9
ORD008919,2024-07-07,CUST01395,Books,Textbook,47.34,5,0.1,213.03,East,Mobile Money,Phone,4,6
ORD008920,2024-03-07,CUST01345,Home,Pillow,219.21,2,0,438.42,West,Debit Card,Phone,4,13
ORD008921,2024-11-24,CUST01128,Sports,Yoga Mat,424.42,1,0,424.42,Central,Credit Card,Phone,5,9
ORD008922,2024-07-31,CUST01820,Home,Toaster,273.12,3,0,819.36,North,Credit Card,Phone,3,14
ORD008923,2024-10-15,CUST01912,Clothing,Hat,114.83,2,0,229.66,South,Credit Card,Phone,4,9
ORD008924,2024-12-20,CUST01678,Sports,Basketball,506.38,4,0.05,1924.24,South,PayPal,Web,2,10
ORD008925,2024-01-14,CUST01244,Sports,Yoga Mat,156.03,1,0,156.03,East,Mobile Money,In-Store,4,12
ORD008926,2024-06-14,CUST01085,Home,Toaster,204.96,1,0,204.96,West,Debit Card,Phone,5,6
ORD008927,2024-05-25,CUST00598,Electronics,Tablet,1302.42,5,0,6512.1,East,Bank Transfer,Mobile App,5,1
ORD008928,2024-10-12,CUST00355,Clothing,Socks,131.36,2,0,262.72,East,Mobile Money,Mobile App,3,4
ORD008929,2024-10-09,CUST01397,Sports,Basketball,161.0,1,0,161.0,South,PayPal,Mobile App,4,11
ORD008930,2024-08-13,CUST00945,Sports,Yoga Mat,115.91,4,0,463.64,Central,PayPal,In-Store,5,9
ORD008931,2024-10-11,CUST01981,Books,Comic,35.27,2,0.2,56.43,East,Debit Card,Mobile App,4,2
ORD008932,2024-07-23,CUST00117,Electronics,Headphones,455.59,5,0.1,2050.16,East,Debit Card,Phone,5,14
ORD008933,2024-10-22,CUST01512,Electronics,Camera,758.94,2,0,1517.88,Central,Bank Transfer,Web,4,10
ORD008934,2024-05-01,CUST00199,Electronics,Headphones,550.54,3,0.2,1321.3,East,Bank Transfer,Phone,5,1
ORD008935,2024-06-17,CUST01962,Home,Blender,64.11,5,0,320.55,South,Mobile Money,Mobile App,4,1
ORD008936,2024-01-04,CUST00573,Electronics,Camera,1467.15,4,0.15,4988.31,North,Mobile Money,Phone,5,9
ORD008937,2024-09-07,CUST01916,Electronics,Camera,1094.8,3,0.15,2791.74,South,Credit Card,Web,5,10
ORD008938,2024-05-06,CUST00177,Books,Cookbook,14.36,1,0.1,12.92,West,Credit Card,Phone,5,5
ORD008939,2024-08-18,CUST00873,Home,Chair,148.07,5,0.15,629.3,South,Bank Transfer,In-Store,5,9
ORD008940,2024-12-13,CUST01190,Home,Blender,192.77,2,0.2,308.43,East,Credit Card,Mobile App,5,6
ORD008941,2024-06-21,CUST00333,Home,Toaster,230.79,1,0.15,196.17,East,PayPal,Phone,4,6
ORD008942,2024-12-07,CUST00995,Sports,Dumbbell,538.18,5,0.2,2152.72,West,Bank Transfer,Phone,5,1
ORD008943,2024-06-04,CUST00686,Home,Chair,83.86,1,0,83.86,Central,Bank Transfer,Web,3,3
ORD008944,2024-03-07,CUST00552,Clothing,Socks,142.07,1,0.15,120.76,North,Debit Card,In-Store,5,11
ORD008945,2024-09-15,CUST01903,Electronics,Smartwatch,750.28,5,0.05,3563.83,South,Bank Transfer,Phone,3,9
ORD008946,2024-10-21,CUST00884,Books,Biography,47.41,1,0,47.41,Central,Mobile Money,Web,2,2
ORD008947,2024-06-16,CUST01981,Home,Pillow,264.37,5,0.1,1189.66,North,Credit Card,In-Store,2,11
ORD008948,2024-01-10,CUST00150,Clothing,Jacket,98.07,4,0,392.28,West,Bank Transfer,In-Store,3,9
ORD008949,2024-08-30,CUST00734,Sports,Basketball,74.11,1,0.15,62.99,South,Credit Card,In-Store,5,7
ORD008950,2024-11-05,CUST01616,Clothing,T-Shirt,95.1,3,0.15,242.51,West,Mobile Money,Phone,3,14
ORD008951,2024-08-15,CUST00429,Books,Comic,55.18,1,0,55.18,South,Debit Card,In-Store,2,13
ORD008952,2024-09-29,CUST00656,Sports,Bicycle,308.8,4,0,1235.2,Central,Mobile Money,Web,3,3
ORD008953,2024-01-27,CUST01081,Electronics,Tablet,730.38,3,0,2191.14,West,Bank Transfer,Web,4,5
ORD008954,2024-11-07,CUST00270,Sports,Tennis Racket,374.31,3,0,1122.93,North,Mobile Money,Mobile App,5,2
ORD008955,2024-11-04,CUST00171,Books,Biography,56.29,4,0.2,180.13,West,PayPal,Mobile App,5,1
ORD008956,2024-10-01,CUST01714,Electronics,Headphones,224.17,4,0.05,851.85,East,PayPal,In-Store,4,6
ORD008957,2024-01-19,CUST00415,Electronics,Camera,1304.4,4,0.2,4174.08,West,Bank Transfer,Phone,4,4
ORD008958,2024-05-09,CUST01454,Clothing,Hat,20.64,3,0.1,55.73,North,Credit Card,Mobile App,3,2
ORD008959,2024-04-02,CUST01984,Clothing,Jacket,148.05,4,0,592.2,West,PayPal,Mobile App,5,6
ORD008960,2024-10-28,CUST00555,Clothing,Jacket,108.47,3,0,325.41,North,Credit Card,Web,4,5
ORD008961,2024-09-28,CUST00230,Sports,Tennis Racket,27.9,3,0,83.7,Central,Debit Card,Phone,4,7
ORD008962,2024-03-29,CUST01550,Clothing,Sneakers,145.86,5,0.05,692.83,South,PayPal,Web,5,11
ORD008963,2024-05-18,CUST01999,Sports,Bicycle,498.38,3,0,1495.14,North,PayPal,In-Store,5,3
ORD008964,2024-05-10,CUST00016,Sports,Tennis Racket,478.68,5,0,2393.4,North,PayPal,Web,3,7
ORD008965,2024-11-30,CUST01471,Clothing,Hat,110.61,4,0.15,376.07,Central,PayPal,Phone,5,6
ORD008966,2024-07-12,CUST00045,Sports,Yoga Mat,88.06,4,0,352.24,South,PayPal,In-Store,2,11
ORD008967,2024-01-15,CUST00436,Home,Lamp,327.09,4,0.2,1046.69,South,PayPal,Phone,2,14
ORD008968,2024-02-05,CUST00016,Home,Toaster,321.36,5,0.05,1526.46,West,Bank Transfer,Mobile App,3,6
ORD008969,2024-04-17,CUST00174,Books,Biography,18.46,4,0.1,66.46,South,Mobile Money,Web,4,9
ORD008970,2024-08-17,CUST00120,Clothing,Jacket,59.53,2,0,119.06,South,PayPal,Mobile App,2,11
ORD008971,2024-08-17,CUST01381,Sports,Dumbbell,287.62,2,0.1,517.72,South,PayPal,Web,3,13
ORD008972,2024-12-30,CUST00082,Books,Guide,47.49,2,0.15,80.73,East,Mobile Money,In-Store,2,8
ORD008973,2024-08-13,CUST00131,Sports,Yoga Mat,321.31,4,0,1285.24,South,PayPal,Web,2,2
ORD008974,2024-08-16,CUST01903,Clothing,Socks,35.59,3,0,106.77,South,Bank Transfer,Phone,3,9
ORD008975,2024-04-02,CUST00716,Home,Lamp,110.51,4,0,442.04,East,PayPal,Mobile App,3,1
ORD008976,2024-03-01,CUST00401,Sports,Dumbbell,381.69,3,0,1145.07,East,PayPal,Mobile App,4,11
ORD008977,2024-06-15,CUST01018,Books,Comic,42.96,1,0.2,34.37,West,Debit Card,In-Store,4,7
ORD008978,2024-03-09,CUST00989,Sports,Yoga Mat,737.45,3,0.15,1880.5,North,PayPal,In-Store,5,6
ORD008979,2024-05-11,CUST01960,Electronics,Smartphone,200.0,2,0.1,360.0,West,Mobile Money,Web,5,14
ORD008980,2024-12-30,CUST01292,Electronics,Smartphone,571.76,5,0.2,2287.04,Central,Bank Transfer,In-Store,5,6
ORD008981,2024-03-25,CUST00930,Books,Biography,41.24,3,0,123.72,East,Bank Transfer,Web,4,13
ORD008982,2024-10-19,CUST00060,Electronics,Laptop,214.87,5,0,1074.35,East,Debit Card,In-Store,3,9
ORD008983,2024-03-20,CUST00897,Sports,Basketball,583.05,1,0.1,524.75,Central,Credit Card,Web,2,9
ORD008984,2024-10-13,CUST00609,Books,Biography,37.32,5,0,186.6,East,Mobile Money,Mobile App,5,5
ORD008985,2024-03-26,CUST01129,Books,Guide,40.06,2,0.05,76.11,South,Credit Card,Web,5,10
ORD008986,2024-07-11,CUST00214,Clothing,T-Shirt,68.67,2,0.1,123.61,West,Credit Card,Mobile App,5,3
ORD008987,2024-02-15,CUST01834,Clothing,Sneakers,119.24,2,0.15,202.71,South,Mobile Money,Phone,5,2
ORD008988,2024-12-06,CUST00473,Electronics,Tablet,1057.92,1,0.15,899.23,South,PayPal,In-Store,5,2
ORD008989,2024-01-25,CUST00461,Clothing,T-Shirt,38.65,5,0,193.25,Central,Debit Card,Mobile App,4,5
ORD008990,2024-05-09,CUST00070,Books,Textbook,14.5,3,0,43.5,North,Mobile Money,In-Store,1,13
ORD008991,2024-05-14,CUST00490,Clothing,Jacket,96.39,3,0.15,245.79,Central,Debit Card,Mobile App,5,14
ORD008992,2024-08-06,CUST01984,Clothing,Sneakers,76.6,1,0.05,72.77,Central,Credit Card,In-Store,3,13
ORD008993,2024-06-08,CUST01295,Books,Novel,23.79,3,0.15,60.66,East,Mobile Money,Phone,2,13
ORD008994,2024-09-10,CUST01098,Electronics,Laptop,103.61,4,0,414.44,West,Bank Transfer,Phone,4,11
ORD008995,2024-05-23,CUST00258,Books,Cookbook,11.58,1,0.05,11.0,East,Bank Transfer,Mobile App,4,12
ORD008996,2024-04-08,CUST01847,Sports,Tennis Racket,360.06,4,0,1440.24,West,Mobile Money,Mobile App,4,1
ORD008997,2024-08-26,CUST00728,Books,Textbook,44.27,4,0,177.08,West,Debit Card,Web,5,13
ORD008998,2024-04-11,CUST00459,Sports,Basketball,546.55,5,0,2732.75,South,Bank Transfer,Phone,2,13
ORD008999,2024-07-25,CUST01795,Electronics,Headphones,874.61,4,0,3498.44,South,Debit Card,Mobile App,5,3
ORD009000,2024-07-25,CUST00401,Home,Table,131.0,2,0.1,235.8,Central,Debit Card,Phone,5,7
ORD009001,2024-10-18,CUST01982,Sports,Football,488.67,4,0.2,1563.74,South,Credit Card,Mobile App,5,13
ORD009002,2024-05-12,CUST01207,Home,Lamp,135.91,5,0.1,611.6,West,Mobile Money,In-Store,5,9
ORD009003,2024-07-09,CUST01173,Home,Blender,56.0,4,0.05,212.8,East,Bank Transfer,In-Store,5,11
ORD009004,2024-01-10,CUST01038,Books,Comic,40.73,5,0,203.65,Central,Bank Transfer,Web,4,9
ORD009005,2024-05-30,CUST00413,Electronics,Tablet,512.84,4,0.15,1743.66,South,PayPal,Phone,3,11
ORD009006,2024-11-25,CUST00723,Clothing,Sneakers,143.87,3,0.15,366.87,Central,PayPal,In-Store,2,2
ORD009007,2024-12-17,CUST00206,Home,Toaster,156.09,2,0.15,265.35,West,Credit Card,In-Store,4,10
ORD009008,2024-02-10,CUST01212,Books,Novel,22.84,4,0.05,86.79,West,Mobile Money,Web,5,10
ORD009009,2024-06-04,CUST00320,Books,Biography,30.05,2,0,60.1,East,Mobile Money,In-Store,4,14
ORD009010,2024-03-20,CUST00812,Books,Novel,22.84,1,0.15,19.41,East,Credit Card,In-Store,5,8
ORD009011,2024-11-14,CUST00719,Clothing,T-Shirt,35.16,1,0.2,28.13,South,Mobile Money,Mobile App,5,7
ORD009012,2024-06-15,CUST01232,Clothing,Hat,120.28,2,0.1,216.5,North,PayPal,Mobile App,5,7
ORD009013,2024-05-24,CUST00216,Clothing,Jacket,67.88,4,0,271.52,Central,Credit Card,Web,4,13
ORD009014,2024-03-05,CUST01923,Electronics,Headphones,121.3,4,0.1,436.68,North,Mobile Money,Phone,4,5
ORD009015,2024-08-10,CUST00960,Clothing,Socks,114.9,5,0.1,517.05,East,Debit Card,In-Store,1,8
ORD009016,2024-11-11,CUST01703,Home,Lamp,200.05,1,0,200.05,South,PayPal,Phone,4,2
ORD009017,2024-09-20,CUST00513,Clothing,Jeans,101.17,2,0.2,161.87,South,Bank Transfer,Web,5,1
ORD009018,2024-09-22,CUST01326,Home,Blender,195.39,1,0.2,156.31,Central,PayPal,Mobile App,5,1
ORD009019,2024-10-16,CUST01810,Home,Lamp,122.25,5,0,611.25,South,Credit Card,Web,2,9
ORD009020,2024-08-25,CUST01605,Books,Guide,22.81,4,0.1,82.12,North,PayPal,Web,4,13
ORD009021,2024-10-21,CUST00421,Home,Blender,112.5,2,0.1,202.5,South,Credit Card,In-Store,3,12
ORD009022,2024-10-17,CUST00991,Sports,Dumbbell,346.94,5,0,1734.7,South,Credit Card,Phone,3,4
ORD009023,2024-04-17,CUST00663,Sports,Basketball,713.82,1,0.05,678.13,West,Mobile Money,In-Store,3,9
ORD009024,2024-01-29,CUST01212,Home,Pillow,233.2,1,0.15,198.22,West,PayPal,Mobile App,5,8
ORD009025,2024-01-30,CUST00766,Home,Blender,321.45,2,0.05,610.75,East,Debit Card,Web,5,7
ORD009026,2024-05-18,CUST00821,Books,Comic,8.11,2,0,16.22,West,Credit Card,Web,4,8
ORD009027,2024-04-03,CUST01046,Books,Novel,27.41,2,0,54.82,South,Bank Transfer,Web,5,4
ORD009028,2024-07-01,CUST00339,Clothing,T-Shirt,27.98,4,0,111.92,South,Mobile Money,Mobile App,4,6
ORD009029,2024-03-29,CUST01166,Home,Table,219.5,1,0,219.5,South,Credit Card,Web,5,2
ORD009030,2024-06-02,CUST00124,Books,Cookbook,26.07,3,0,78.21,Central,PayPal,In-Store,3,10
ORD009031,2024-10-07,CUST01148,Electronics,Smartphone,1396.76,3,0.15,3561.74,North,Credit Card,Web,5,6
ORD009032,2024-08-24,CUST00211,Books,Textbook,11.34,2,0.05,21.55,East,Debit Card,Mobile App,1,12
ORD009033,2024-04-13,CUST00683,Electronics,Camera,489.18,3,0.05,1394.16,South,Credit Card,Web,3,1
ORD009034,2024-10-27,CUST00113,Electronics,Headphones,1282.33,5,0.15,5449.9,West,Mobile Money,Web,5,6
ORD009035,2024-08-28,CUST00450,Books,Biography,54.67,2,0.1,98.41,South,PayPal,Phone,4,6
ORD009036,2024-07-18,CUST00307,Books,Textbook,51.15,5,0,255.75,Central,Bank Transfer,In-Store,1,6
ORD009037,2024-11-20,CUST01026,Clothing,Hat,64.57,5,0.2,258.28,Central,PayPal,Phone,4,12
ORD009038,2024-08-30,CUST01457,Clothing,Sneakers,92.05,4,0,368.2,South,Mobile Money,Web,5,9
ORD009039,2024-11-20,CUST00771,Books,Textbook,16.28,2,0.1,29.3,Central,Mobile Money,In-Store,2,1
ORD009040,2024-08-02,CUST00707,Books,Cookbook,17.59,5,0.1,79.16,East,Bank Transfer,Web,5,11
ORD009041,2024-06-25,CUST00285,Clothing,Jacket,51.92,4,0.15,176.53,Central,Bank Transfer,Phone,5,6
ORD009042,2024-10-11,CUST00137,Clothing,Socks,44.67,4,0.1,160.81,North,Debit Card,In-Store,4,7
ORD009043,2024-08-12,CUST01535,Sports,Tennis Racket,150.12,5,0.15,638.01,Central,Bank Transfer,Phone,5,13
ORD009044,2024-11-08,CUST01643,Electronics,Tablet,679.05,5,0.1,3055.72,South,Debit Card,Phone,4,8
ORD009045,2024-07-02,CUST01645,Home,Table,375.96,3,0,1127.88,Central,Debit Card,In-Store,5,9
ORD009046,2024-11-02,CUST00663,Home,Lamp,95.04,2,0.1,171.07,East,PayPal,In-Store,4,8
ORD009047,2024-01-04,CUST01971,Sports,Basketball,434.59,5,0.05,2064.3,West,Bank Transfer,Web,4,3
ORD009048,2024-09-30,CUST01675,Electronics,Laptop,1084.94,3,0.1,2929.34,South,Bank Transfer,Mobile App,3,14
ORD009049,2024-07-16,CUST00711,Sports,Yoga Mat,361.82,5,0.15,1537.74,North,Bank Transfer,In-Store,5,11
ORD009050,2024-09-27,CUST01860,Clothing,Jacket,135.92,2,0,271.84,North,Credit Card,Mobile App,1,12
ORD009051,2024-02-26,CUST01336,Sports,Football,39.78,4,0,159.12,North,Credit Card,Web,3,1
ORD009052,2024-12-07,CUST01218,Clothing,T-Shirt,29.43,1,0.05,27.96,Central,PayPal,In-Store,4,13
ORD009053,2024-07-26,CUST01272,Books,Comic,26.02,2,0,52.04,West,PayPal,Web,5,8
ORD009054,2024-11-18,CUST00820,Books,Textbook,55.54,4,0,222.16,South,PayPal,In-Store,2,12
ORD009055,2024-07-31,CUST01295,Home,Table,311.1,4,0,1244.4,West,Bank Transfer,Web,5,6
ORD009056,2024-09-24,CUST01573,Home,Lamp,185.18,2,0.1,333.32,West,Bank Transfer,Web,4,2
ORD009057,2024-06-20,CUST01053,Electronics,Headphones,1082.36,2,0,2164.72,West,Debit Card,Web,5,5
ORD009058,2024-05-07,CUST00276,Home,Pillow,30.54,2,0.15,51.92,South,PayPal,Mobile App,3,11
ORD009059,2024-10-10,CUST00188,Home,Chair,307.31,2,0,614.62,South,Mobile Money,In-Store,4,10
ORD009060,2024-01-04,CUST01583,Sports,Basketball,483.53,5,0,2417.65,North,Credit Card,Mobile App,5,9
ORD009061,2024-04-23,CUST01441,Home,Lamp,314.96,4,0,1259.84,East,Mobile Money,Phone,3,8
ORD009062,2024-10-28,CUST01877,Sports,Bicycle,304.92,4,0.1,1097.71,North,Bank Transfer,Mobile App,5,7
ORD009063,2024-03-18,CUST00369,Sports,Football,651.34,3,0,1954.02,Central,Credit Card,Phone,3,10
ORD009064,2024-12-20,CUST01221,Sports,Tennis Racket,52.84,3,0.1,142.67,Central,Credit Card,Phone,5,14
ORD009065,2024-02-28,CUST01479,Electronics,Camera,75.13,3,0.1,202.85,West,Mobile Money,Web,5,13
ORD009066,2024-12-07,CUST00969,Books,Comic,46.19,2,0.15,78.52,Central,Debit Card,Web,5,14
ORD009067,2024-10-16,CUST00744,Books,Guide,45.14,5,0.2,180.56,East,Credit Card,In-Store,3,7
ORD009068,2024-03-09,CUST00864,Home,Pillow,373.52,2,0,747.04,East,Debit Card,In-Store,3,10
ORD009069,2024-10-22,CUST01575,Home,Chair,286.45,2,0.15,486.97,East,Debit Card,Web,4,13
ORD009070,2024-12-30,CUST00478,Sports,Football,245.92,3,0.1,663.98,South,Bank Transfer,Web,5,4
ORD009071,2024-03-20,CUST00224,Books,Cookbook,7.07,4,0,28.28,East,Mobile Money,Mobile App,3,4
ORD009072,2024-11-15,CUST00670,Clothing,Sneakers,82.66,3,0,247.98,North,Mobile Money,Phone,3,6
ORD009073,2024-03-26,CUST01219,Sports,Bicycle,266.76,3,0.05,760.27,South,PayPal,Phone,3,7
ORD009074,2024-12-25,CUST00872,Home,Lamp,307.64,1,0.2,246.11,East,Mobile Money,Web,5,2
ORD009075,2024-04-30,CUST00928,Books,Comic,20.17,2,0.15,34.29,North,Credit Card,In-Store,5,2
ORD009076,2024-06-27,CUST00227,Home,Table,40.36,1,0.2,32.29,West,Mobile Money,In-Store,5,8
ORD009077,2024-07-09,CUST01320,Sports,Dumbbell,84.75,2,0,169.5,Central,Mobile Money,Phone,5,7
ORD009078,2024-02-12,CUST01842,Clothing,Sneakers,95.76,5,0,478.8,West,Debit Card,Mobile App,5,4
ORD009079,2024-08-10,CUST01795,Books,Textbook,25.55,4,0.1,91.98,West,Credit Card,Web,3,11
ORD009080,2024-07-19,CUST01134,Clothing,Socks,132.98,1,0.15,113.03,Central,Mobile Money,Web,5,4
ORD009081,2024-02-20,CUST01171,Clothing,Socks,110.53,2,0,221.06,East,Bank Transfer,Phone,4,5
ORD009082,2024-06-13,CUST00031,Sports,Football,659.4,4,0,2637.6,South,Credit Card,Phone,4,13
ORD009083,2024-02-27,CUST01258,Electronics,Camera,471.62,4,0,1886.48,East,Bank Transfer,Phone,1,3
ORD009084,2024-02-10,CUST01940,Home,Table,39.27,1,0.15,33.38,Central,Mobile Money,Mobile App,5,1
ORD009085,2024-02-19,CUST00790,Clothing,T-Shirt,123.05,3,0.2,295.32,Central,Credit Card,In-Store,5,12
ORD009086,2024-08-15,CUST01852,Books,Cookbook,58.41,1,0,58.41,West,PayPal,Mobile App,5,13
ORD009087,2024-04-05,CUST01840,Clothing,Sneakers,127.59,1,0,127.59,Central,Debit Card,Mobile App,3,5
ORD009088,2024-07-10,CUST00609,Home,Chair,236.0,3,0,708.0,North,Credit Card,Mobile App,3,5
ORD009089,2024-07-21,CUST00814,Electronics,Smartwatch,747.5,2,0.15,1270.75,West,PayPal,In-Store,2,12
ORD009090,2024-12-27,CUST01276,Clothing,T-Shirt,133.3,2,0.15,226.61,West,Debit Card,Phone,5,8
ORD009091,2024-05-15,CUST00330,Home,Lamp,311.22,1,0.1,280.1,Central,PayPal,Mobile App,3,3
ORD009092,2024-01-05,CUST00795,Electronics,Tablet,1188.55,2,0.15,2020.54,South,Debit Card,Web,5,6
ORD009093,2024-08-28,CUST00629,Electronics,Tablet,1362.49,5,0,6812.45,East,Mobile Money,Mobile App,4,12
ORD009094,2024-08-09,CUST01337,Home,Blender,273.68,2,0.15,465.26,East,Bank Transfer,Mobile App,5,14
ORD009095,2024-03-04,CUST01898,Home,Pillow,297.84,5,0.1,1340.28,South,Mobile Money,Phone,4,7
ORD009096,2024-08-22,CUST00587,Electronics,Headphones,290.34,5,0,1451.7,East,Mobile Money,In-Store,4,5
ORD009097,2024-01-17,CUST00840,Electronics,Tablet,354.57,4,0.05,1347.37,North,PayPal,In-Store,4,1
ORD009098,2024-10-23,CUST01119,Electronics,Smartwatch,581.59,3,0.2,1395.82,West,Debit Card,Phone,5,9
ORD009099,2024-11-06,CUST01835,Sports,Yoga Mat,266.95,1,0.1,240.25,North,Debit Card,In-Store,4,10
ORD009100,2024-08-29,CUST01429,Clothing,Socks,22.94,4,0.2,73.41,North,Debit Card,Web,5,1
ORD009101,2024-04-03,CUST00775,Sports,Basketball,432.92,5,0.1,1948.14,South,Mobile Money,Phone,4,4
ORD009102,2024-01-11,CUST01200,Books,Biography,34.15,5,0.1,153.68,West,Debit Card,Mobile App,5,4
ORD009103,2024-12-05,CUST00364,Electronics,Tablet,238.19,1,0,238.19,East,Debit Card,In-Store,5,1
ORD009104,2024-08-22,CUST01552,Home,Table,119.26,3,0,357.78,North,Credit Card,Web,5,3
ORD009105,2024-08-19,CUST01593,Home,Toaster,160.64,4,0.2,514.05,East,Mobile Money,Web,5,2
ORD009106,2024-01-23,CUST00444,Clothing,Hat,36.76,3,0,110.28,West,Debit Card,Mobile App,2,10
ORD009107,2024-08-30,CUST01537,Home,Toaster,202.55,3,0.05,577.27,West,Mobile Money,Phone,4,2
ORD009108,2024-02-27,CUST00526,Clothing,Sneakers,126.44,4,0,505.76,Central,Debit Card,In-Store,5,12
ORD009109,2024-11-05,CUST01700,Electronics,Laptop,137.5,5,0.05,653.12,East,Credit Card,Web,1,13
ORD009110,2024-07-28,CUST00874,Clothing,Sneakers,66.97,2,0,133.94,North,Credit Card,Mobile App,4,13
ORD009111,2024-07-06,CUST01618,Electronics,Laptop,183.29,4,0,733.16,Central,Bank Transfer,Mobile App,2,5
ORD009112,2024-02-10,CUST00832,Books,Biography,17.18,1,0,17.18,North,Credit Card,Mobile App,5,1
ORD009113,2024-01-23,CUST00360,Sports,Yoga Mat,475.75,2,0.05,903.92,East,PayPal,In-Store,4,6
ORD009114,2024-03-06,CUST00273,Electronics,Smartwatch,582.04,1,0,582.04,West,Mobile Money,In-Store,3,1
ORD009115,2024-01-28,CUST01412,Sports,Tennis Racket,40.22,4,0.15,136.75,East,Mobile Money,In-Store,5,10
ORD009116,2024-10-09,CUST00243,Electronics,Tablet,522.49,5,0.2,2089.96,East,Debit Card,In-Store,4,2
ORD009117,2024-03-04,CUST00362,Clothing,T-Shirt,16.54,3,0.15,42.18,Central,PayPal,Mobile App,4,14
ORD009118,2024-07-08,CUST01561,Books,Comic,28.87,5,0.15,122.7,West,Bank Transfer,Phone,5,14
ORD009119,2024-08-19,CUST01946,Home,Table,313.59,1,0,313.59,North,Credit Card,Phone,4,12
ORD009120,2024-09-22,CUST00338,Home,Table,348.14,1,0.15,295.92,North,PayPal,In-Store,4,1
ORD009121,2024-11-23,CUST00871,Home,Toaster,91.16,3,0,273.48,Central,Debit Card,In-Store,5,5
ORD009122,2024-05-25,CUST00073,Electronics,Smartphone,1169.91,2,0,2339.82,West,Mobile Money,Web,4,9
ORD009123,2024-07-07,CUST00903,Home,Chair,382.47,2,0.1,688.45,Central,PayPal,Phone,5,7
ORD009124,2024-09-10,CUST00547,Home,Lamp,146.0,4,0.05,554.8,East,Debit Card,Web,3,4
ORD009125,2024-08-06,CUST01398,Sports,Dumbbell,394.3,2,0,788.6,West,Bank Transfer,In-Store,3,12
ORD009126,2024-05-31,CUST01291,Clothing,Socks,38.38,4,0.15,130.49,North,Mobile Money,Web,2,13
ORD009127,2024-03-15,CUST00888,Books,Comic,31.46,2,0,62.92,North,Debit Card,Web,4,5
ORD009128,2024-10-06,CUST01949,Clothing,T-Shirt,105.08,1,0,105.08,South,PayPal,Web,4,4
ORD009129,2024-03-20,CUST00310,Books,Textbook,31.59,3,0.05,90.03,South,PayPal,Mobile App,4,10
ORD009130,2024-06-18,CUST01740,Clothing,Jeans,70.11,3,0.15,178.78,North,Bank Transfer,Mobile App,5,7
ORD009131,2024-02-24,CUST01337,Electronics,Headphones,554.59,5,0.15,2357.01,South,Credit Card,Web,5,7
ORD009132,2024-01-08,CUST00875,Electronics,Laptop,1080.98,2,0,2161.96,North,Debit Card,Phone,5,1
ORD009133,2024-12-29,CUST00734,Sports,Basketball,386.84,1,0,386.84,Central,PayPal,Phone,4,6
ORD009134,2024-01-23,CUST01457,Home,Pillow,76.43,1,0.2,61.14,Central,Debit Card,Web,5,10
ORD009135,2024-04-25,CUST00382,Sports,Bicycle,195.98,5,0.05,930.9,South,Credit Card,Mobile App,4,4
ORD009136,2024-09-16,CUST00039,Home,Toaster,292.52,2,0.05,555.79,South,Bank Transfer,In-Store,5,11
ORD009137,2024-11-30,CUST00098,Electronics,Tablet,1477.18,5,0.05,7016.6,North,Mobile Money,Mobile App,1,3
ORD009138,2024-03-25,CUST01202,Sports,Football,20.9,3,0.15,53.3,Central,Bank Transfer,Mobile App,3,10
ORD009139,2024-04-07,CUST00754,Books,Guide,45.89,4,0,183.56,West,Mobile Money,Web,2,5
ORD009140,2024-01-19,CUST01181,Clothing,T-Shirt,63.8,1,0,63.8,Central,Bank Transfer,Mobile App,3,14
ORD009141,2024-02-28,CUST00657,Home,Pillow,63.46,4,0.2,203.07,South,Debit Card,Mobile App,5,2
ORD009142,2024-07-06,CUST01673,Clothing,Hat,101.19,3,0,303.57,South,Mobile Money,Phone,4,7
ORD009143,2024-04-02,CUST00737,Home,Pillow,275.72,5,0.2,1102.88,South,Debit Card,In-Store,5,3
ORD009144,2024-10-19,CUST00797,Home,Table,282.52,4,0,1130.08,South,PayPal,Mobile App,3,10
ORD009145,2024-08-22,CUST01063,Sports,Tennis Racket,348.67,1,0.1,313.8,Central,Debit Card,Web,3,8
ORD009146,2024-06-10,CUST00263,Electronics,Smartphone,1369.31,2,0,2738.62,South,PayPal,Mobile App,4,2
ORD009147,2024-10-10,CUST01061,Books,Biography,12.2,5,0,61.0,East,Mobile Money,Web,4,11
ORD009148,2024-12-01,CUST01248,Electronics,Smartwatch,641.62,2,0.05,1219.08,North,Bank Transfer,In-Store,5,1
ORD009149,2024-06-16,CUST01741,Books,Biography,39.37,3,0,118.11,East,PayPal,Phone,5,11
ORD009150,2024-10-28,CUST00416,Clothing,Hat,72.78,3,0,218.34,Central,PayPal,Web,3,10
ORD009151,2024-06-26,CUST01514,Books,Textbook,11.25,5,0.1,50.63,North,PayPal,In-Store,5,11
ORD009152,2024-08-09,CUST00925,Clothing,Hat,143.54,3,0.2,344.5,East,Debit Card,In-Store,5,8
ORD009153,2024-03-28,CUST00882,Clothing,Sneakers,146.41,5,0.2,585.64,West,Credit Card,Web,5,12
ORD009154,2024-03-03,CUST01520,Clothing,T-Shirt,110.65,4,0.2,354.08,Central,Mobile Money,In-Store,5,12
ORD009155,2024-01-30,CUST01778,Electronics,Tablet,1076.22,5,0.05,5112.04,Central,Mobile Money,Mobile App,5,9
ORD009156,2024-08-27,CUST00803,Home,Lamp,396.01,1,0.05,376.21,East,PayPal,In-Store,5,1
ORD009157,2024-01-30,CUST01369,Home,Blender,32.04,2,0.2,51.26,North,Bank Transfer,Phone,5,4
ORD009158,2024-10-12,CUST01312,Clothing,Hat,124.79,4,0,499.16,Central,Credit Card,In-Store,4,13
ORD009159,2024-08-02,CUST01941,Clothing,Hat,12.13,2,0,24.26,South,Debit Card,In-Store,3,12
ORD009160,2024-04-25,CUST01026,Electronics,Smartphone,87.43,1,0.15,74.32,East,PayPal,Mobile App,2,4
ORD009161,2024-08-29,CUST01586,Home,Toaster,245.86,2,0.2,393.38,West,Debit Card,In-Store,5,11
ORD009162,2024-04-06,CUST01567,Books,Novel,33.37,4,0.15,113.46,West,PayPal,In-Store,5,8
ORD009163,2024-12-06,CUST00068,Books,Comic,27.74,1,0,27.74,Central,PayPal,Mobile App,2,10
ORD009164,2024-11-16,CUST00727,Sports,Football,679.36,4,0.2,2173.95,Central,Mobile Money,In-Store,5,2
ORD009165,2024-06-10,CUST00026,Home,Blender,22.73,1,0,22.73,Central,PayPal,In-Store,3,1
ORD009166,2024-10-22,CUST01487,Clothing,Socks,110.75,3,0.1,299.02,Central,PayPal,In-Store,5,1
ORD009167,2024-01-11,CUST00648,Electronics,Headphones,718.37,5,0,3591.85,East,PayPal,Mobile App,3,6
ORD009168,2024-12-26,CUST00666,Clothing,Socks,17.41,5,0.15,73.99,East,Credit Card,Mobile App,3,14
ORD009169,2024-11-01,CUST01139,Books,Guide,20.17,1,0.1,18.15,West,PayPal,In-Store,5,10
ORD009170,2024-02-01,CUST00832,Sports,Bicycle,626.93,5,0.2,2507.72,West,PayPal,Mobile App,5,1
ORD009171,2024-01-21,CUST01726,Books,Biography,15.68,4,0,62.72,Central,Mobile Money,Mobile App,2,14
ORD009172,2024-05-31,CUST00919,Books,Textbook,46.97,1,0.1,42.27,West,PayPal,In-Store,4,6
ORD009173,2024-02-12,CUST00215,Sports,Yoga Mat,723.69,5,0,3618.45,West,Debit Card,In-Store,4,12
ORD009174,2024-11-04,CUST00403,Books,Comic,14.8,1,0.1,13.32,North,PayPal,Web,2,11
ORD009175,2024-11-21,CUST00315,Sports,Dumbbell,55.93,4,0,223.72,North,Debit Card,Mobile App,5,5
ORD009176,2024-07-25,CUST01982,Sports,Basketball,304.06,5,0.15,1292.26,South,Credit Card,Mobile App,3,14
ORD009177,2024-03-01,CUST01150,Sports,Dumbbell,155.55,5,0.1,699.97,Central,Bank Transfer,Mobile App,5,3
ORD009178,2024-08-25,CUST00285,Sports,Yoga Mat,685.5,1,0.2,548.4,West,Bank Transfer,Mobile App,5,2
ORD009179,2024-02-23,CUST01626,Clothing,Jeans,121.39,3,0.2,291.34,North,Credit Card,Web,5,11
ORD009180,2024-02-19,CUST00433,Clothing,Jeans,129.58,5,0.15,550.71,East,PayPal,Mobile App,5,12
ORD009181,2024-07-08,CUST01812,Home,Chair,261.62,1,0,261.62,Central,Credit Card,Web,4,10
ORD009182,2024-12-16,CUST01600,Sports,Basketball,115.43,2,0,230.86,West,Credit Card,Mobile App,4,5
ORD009183,2024-01-30,CUST00431,Home,Pillow,41.92,3,0,125.76,Central,Credit Card,Phone,5,6
ORD009184,2024-11-18,CUST01951,Home,Table,384.6,1,0,384.6,East,PayPal,Phone,5,14
ORD009185,2024-07-19,CUST00973,Home,Table,136.79,4,0,547.16,South,Debit Card,Web,4,13
ORD009186,2024-08-10,CUST01152,Clothing,Jacket,25.1,1,0.15,21.33,Central,PayPal,In-Store,4,9
ORD009187,2024-06-21,CUST00135,Clothing,Jacket,130.46,4,0.2,417.47,East,Bank Transfer,Web,4,9
ORD009188,2024-04-29,CUST00472,Electronics,Laptop,1449.29,4,0,5797.16,South,Debit Card,Phone,5,2
ORD009189,2024-03-08,CUST01256,Sports,Bicycle,209.94,1,0,209.94,North,Mobile Money,In-Store,1,8
ORD009190,2024-01-12,CUST01529,Clothing,Hat,112.8,5,0,564.0,North,Mobile Money,In-Store,5,5
ORD009191,2024-08-26,CUST00494,Electronics,Camera,181.3,1,0.2,145.04,North,Bank Transfer,In-Store,4,7
ORD009192,2024-10-27,CUST00945,Books,Biography,13.6,5,0,68.0,Central,Bank Transfer,Mobile App,5,6
ORD009193,2024-11-20,CUST00962,Sports,Bicycle,619.95,2,0,1239.9,West,PayPal,Web,2,4
ORD009194,2024-04-20,CUST01382,Books,Novel,14.13,1,0.1,12.72,North,Debit Card,Phone,1,2
ORD009195,2024-09-20,CUST01610,Sports,Tennis Racket,80.67,5,0.2,322.68,East,PayPal,Phone,5,6
ORD009196,2024-03-08,CUST00276,Clothing,Jacket,98.65,5,0.1,443.92,South,PayPal,Mobile App,4,1
ORD009197,2024-06-27,CUST00297,Home,Lamp,163.22,2,0,326.44,Central,PayPal,Phone,5,10
ORD009198,2024-12-07,CUST00753,Electronics,Laptop,334.02,2,0,668.04,East,PayPal,Phone,5,10
ORD009199,2024-10-04,CUST01424,Sports,Yoga Mat,657.15,1,0.15,558.58,North,Credit Card,Mobile App,4,1
ORD009200,2024-02-04,CUST00400,Sports,Basketball,421.39,2,0,842.78,East,Mobile Money,Web,4,2
ORD009201,2024-12-10,CUST01055,Books,Comic,18.82,5,0,94.1,East,Debit Card,Mobile App,4,11
ORD009202,2024-07-27,CUST00181,Books,Textbook,59.46,4,0.15,202.16,Central,Mobile Money,Mobile App,5,1
ORD009203,2024-01-24,CUST01969,Electronics,Tablet,979.35,1,0,979.35,East,Bank Transfer,Web,5,11
ORD009204,2024-09-15,CUST00532,Home,Blender,197.06,5,0,985.3,Central,Credit Card,Phone,5,10
ORD009205,2024-04-05,CUST01671,Books,Novel,34.55,1,0,34.55,North,Mobile Money,Mobile App,4,4
ORD009206,2024-05-07,CUST00198,Home,Pillow,37.63,4,0.05,142.99,South,Bank Transfer,Mobile App,3,4
ORD009207,2024-10-06,CUST01311,Books,Textbook,27.12,4,0.1,97.63,Central,Bank Transfer,Mobile App,3,6
ORD009208,2024-06-23,CUST01758,Sports,Dumbbell,260.38,3,0.1,703.03,South,PayPal,Web,3,8
ORD009209,2024-12-15,CUST01853,Home,Toaster,305.05,1,0.2,244.04,Central,Bank Transfer,Phone,5,11
ORD009210,2024-01-10,CUST00111,Electronics,Tablet,676.97,3,0.15,1726.27,North,PayPal,Web,5,4
ORD009211,2024-03-25,CUST00286,Clothing,Sneakers,17.02,3,0.05,48.51,North,Mobile Money,Mobile App,5,2
ORD009212,2024-06-29,CUST01774,Home,Blender,192.81,4,0,771.24,South,PayPal,In-Store,4,11
ORD009213,2024-11-17,CUST00208,Electronics,Smartphone,603.34,5,0,3016.7,West,Bank Transfer,In-Store,1,12
ORD009214,2024-11-27,CUST01299,Home,Chair,233.01,4,0.05,885.44,South,PayPal,Phone,3,14
ORD009215,2024-10-20,CUST00104,Electronics,Laptop,498.8,2,0.05,947.72,South,Mobile Money,Phone,2,13
ORD009216,2024-01-12,CUST01164,Home,Pillow,341.8,5,0.1,1538.1,North,PayPal,Phone,4,4
ORD009217,2024-11-11,CUST01565,Books,Comic,16.41,3,0,49.23,Central,Mobile Money,Phone,5,8
ORD009218,2024-09-06,CUST00013,Electronics,Tablet,689.6,1,0.05,655.12,North,Credit Card,Mobile App,5,11
ORD009219,2024-02-05,CUST01140,Sports,Football,37.03,3,0,111.09,North,Credit Card,Web,5,10
ORD009220,2024-04-20,CUST00451,Sports,Basketball,587.99,3,0.15,1499.37,West,PayPal,In-Store,4,8
ORD009221,2024-12-06,CUST00680,Electronics,Smartphone,865.21,4,0,3460.84,Central,PayPal,Phone,3,8
ORD009222,2024-12-28,CUST01603,Sports,Tennis Racket,681.41,1,0,681.41,West,Bank Transfer,In-Store,4,8
ORD009223,2024-09-22,CUST01583,Home,Toaster,389.26,3,0,1167.78,South,PayPal,Web,4,9
ORD009224,2024-09-22,CUST01162,Clothing,Jeans,144.67,4,0.05,549.75,South,Debit Card,Phone,1,4
ORD009225,2024-08-16,CUST01269,Home,Table,222.4,5,0.05,1056.4,Central,Bank Transfer,Phone,2,3
ORD009226,2024-12-08,CUST00621,Home,Blender,239.4,2,0.2,383.04,West,Bank Transfer,Phone,5,4
ORD009227,2024-06-10,CUST00370,Sports,Bicycle,412.03,1,0,412.03,Central,PayPal,Mobile App,3,10
ORD009228,2024-01-01,CUST01907,Clothing,Socks,20.34,2,0,40.68,West,Credit Card,Phone,3,11
ORD009229,2024-01-25,CUST00497,Clothing,Socks,78.14,1,0,78.14,Central,Credit Card,Phone,4,5
ORD009230,2024-09-25,CUST01010,Sports,Football,59.75,2,0.1,107.55,South,Debit Card,Mobile App,4,14
ORD009231,2024-06-04,CUST00181,Electronics,Tablet,120.23,4,0.1,432.83,West,Credit Card,Mobile App,5,4
ORD009232,2024-11-09,CUST01747,Books,Comic,13.97,5,0,69.85,East,Mobile Money,In-Store,3,12
ORD009233,2024-10-03,CUST01336,Books,Comic,54.38,3,0.2,130.51,West,PayPal,Mobile App,4,4
ORD009234,2024-10-18,CUST01990,Books,Biography,15.02,3,0,45.06,East,Debit Card,Web,3,4
ORD009235,2024-07-18,CUST00969,Sports,Bicycle,308.43,5,0,1542.15,Central,Mobile Money,Web,5,4
ORD009236,2024-12-13,CUST00750,Sports,Yoga Mat,748.47,2,0.15,1272.4,East,Debit Card,Mobile App,5,7
ORD009237,2024-02-06,CUST00505,Books,Comic,55.73,5,0.15,236.85,South,Credit Card,Phone,5,7
ORD009238,2024-03-28,CUST00881,Books,Guide,14.93,1,0.05,14.18,Central,PayPal,Phone,3,9
ORD009239,2024-10-13,CUST01123,Sports,Yoga Mat,184.41,4,0,737.64,North,Bank Transfer,Phone,4,2
ORD009240,2024-11-30,CUST01685,Electronics,Tablet,1023.92,2,0.05,1945.45,South,Bank Transfer,In-Store,4,7
ORD009241,2024-04-26,CUST01515,Electronics,Tablet,895.15,3,0,2685.45,North,PayPal,Web,4,1
ORD009242,2024-07-12,CUST01869,Books,Comic,27.91,5,0.1,125.59,West,Debit Card,Mobile App,5,3
ORD009243,2024-12-05,CUST01248,Books,Comic,24.59,5,0.1,110.65,South,Debit Card,Web,5,14
ORD009244,2024-07-01,CUST01894,Clothing,Hat,100.59,2,0,201.18,North,Credit Card,In-Store,3,2
ORD009245,2024-04-16,CUST01655,Books,Biography,39.82,2,0.2,63.71,South,Credit Card,In-Store,5,7
ORD009246,2024-11-10,CUST01059,Home,Pillow,376.85,3,0.1,1017.49,North,Mobile Money,In-Store,5,11
ORD009247,2024-05-17,CUST00450,Sports,Yoga Mat,664.92,4,0,2659.68,North,PayPal,Mobile App,5,6
ORD009248,2024-05-20,CUST00722,Books,Novel,18.21,1,0,18.21,Central,PayPal,In-Store,4,2
ORD009249,2024-11-09,CUST00696,Clothing,Hat,13.74,5,0,68.7,East,Debit Card,In-Store,3,1
ORD009250,2024-09-26,CUST00563,Electronics,Smartwatch,492.76,4,0,1971.04,North,Credit Card,In-Store,1,6
ORD009251,2024-06-17,CUST00732,Books,Comic,49.65,2,0.1,89.37,West,PayPal,Phone,4,1
ORD009252,2024-10-04,CUST00380,Books,Biography,53.77,1,0.2,43.02,East,Mobile Money,In-Store,4,4
ORD009253,2024-03-30,CUST01169,Electronics,Headphones,1096.0,2,0.15,1863.2,East,PayPal,Mobile App,5,2
ORD009254,2024-05-12,CUST01190,Home,Blender,381.59,2,0,763.18,West,PayPal,In-Store,4,14
ORD009255,2024-04-06,CUST01470,Home,Toaster,174.81,3,0,524.43,South,Bank Transfer,Phone,4,6
ORD009256,2024-10-10,CUST01870,Books,Cookbook,43.8,5,0,219.0,East,Mobile Money,Mobile App,5,1
ORD009257,2024-03-09,CUST00923,Clothing,Hat,142.85,2,0,285.7,West,Mobile Money,In-Store,5,7
ORD009258,2024-11-19,CUST01488,Books,Biography,16.92,1,0,16.92,East,Credit Card,Phone,5,2
ORD009259,2024-06-13,CUST01814,Home,Blender,251.46,4,0.1,905.26,Central,Credit Card,Phone,2,7
ORD009260,2024-04-18,CUST01040,Home,Lamp,159.15,2,0,318.3,South,Mobile Money,Phone,3,1
ORD009261,2024-06-07,CUST00853,Books,Biography,56.76,5,0,283.8,East,Credit Card,Web,4,13
ORD009262,2024-11-21,CUST00344,Clothing,Jacket,102.32,5,0.15,434.86,West,Credit Card,Web,5,11
ORD009263,2024-11-03,CUST00120,Books,Cookbook,35.75,2,0,71.5,South,PayPal,In-Store,3,1
ORD009264,2024-05-18,CUST01570,Books,Biography,14.9,5,0.05,70.77,Central,Bank Transfer,Web,3,14
ORD009265,2024-11-22,CUST00987,Home,Toaster,276.63,3,0,829.89,East,Debit Card,In-Store,5,1
ORD009266,2024-01-10,CUST00452,Clothing,T-Shirt,95.84,1,0,95.84,East,Bank Transfer,Mobile App,4,3
ORD009267,2024-04-09,CUST00177,Clothing,Jacket,130.87,5,0.05,621.63,East,Debit Card,Web,3,4
ORD009268,2024-11-24,CUST00234,Sports,Bicycle,348.53,3,0,1045.59,East,PayPal,In-Store,4,12
ORD009269,2024-10-14,CUST01640,Sports,Football,633.2,1,0,633.2,West,Bank Transfer,In-Store,3,6
ORD009270,2024-09-14,CUST00450,Sports,Dumbbell,89.17,2,0,178.34,Central,Bank Transfer,Mobile App,3,12
ORD009271,2024-10-16,CUST00139,Clothing,Socks,15.79,3,0,47.37,Central,Bank Transfer,In-Store,5,14
ORD009272,2024-11-22,CUST01281,Sports,Football,678.78,2,0,1357.56,West,Mobile Money,Mobile App,4,10
ORD009273,2024-08-01,CUST01343,Books,Cookbook,26.2,1,0.1,23.58,West,Bank Transfer,Web,5,5
ORD009274,2024-03-24,CUST01398,Sports,Tennis Racket,756.24,2,0,1512.48,West,Debit Card,Web,5,3
ORD009275,2024-08-05,CUST00425,Home,Pillow,399.91,4,0.05,1519.66,West,Mobile Money,Web,4,4
ORD009276,2024-12-07,CUST00668,Sports,Football,718.31,5,0,3591.55,East,Debit Card,In-Store,2,1
ORD009277,2024-04-08,CUST00600,Electronics,Smartphone,1173.62,2,0.05,2229.88,South,Credit Card,Mobile App,2,6
ORD009278,2024-08-24,CUST00371,Sports,Tennis Racket,384.22,4,0,1536.88,East,PayPal,In-Store,5,3
ORD009279,2024-02-29,CUST01818,Electronics,Smartwatch,815.07,3,0.1,2200.69,East,PayPal,Web,4,11
ORD009280,2024-06-21,CUST00884,Home,Pillow,19.39,5,0.1,87.25,Central,PayPal,Web,2,6
ORD009281,2024-01-12,CUST01765,Clothing,Hat,44.22,3,0,132.66,South,Mobile Money,Mobile App,4,1
ORD009282,2024-05-15,CUST00642,Sports,Tennis Racket,119.26,3,0.05,339.89,East,PayPal,Web,4,7
ORD009283,2024-07-21,CUST00334,Clothing,Socks,121.59,3,0.15,310.05,South,PayPal,Web,5,8
ORD009284,2024-03-10,CUST00880,Electronics,Smartphone,646.08,4,0.15,2196.67,North,Credit Card,Web,5,14
ORD009285,2024-06-10,CUST01788,Clothing,Hat,129.33,1,0,129.33,Central,Mobile Money,Web,4,8
ORD009286,2024-02-11,CUST00600,Sports,Basketball,247.82,5,0.15,1053.24,East,Credit Card,Web,4,2
ORD009287,2024-11-16,CUST01779,Books,Guide,19.4,4,0,77.6,East,Bank Transfer,Phone,5,11
ORD009288,2024-07-13,CUST00765,Electronics,Smartwatch,653.29,3,0.1,1763.88,Central,Credit Card,Web,3,14
ORD009289,2024-09-07,CUST00093,Electronics,Camera,1018.81,5,0,5094.05,North,PayPal,Mobile App,3,5
ORD009290,2024-06-05,CUST01017,Sports,Yoga Mat,128.98,5,0,644.9,Central,Debit Card,Web,4,10
ORD009291,2024-01-18,CUST00052,Electronics,Smartwatch,89.83,1,0.05,85.34,South,Bank Transfer,Web,2,14
ORD009292,2024-09-23,CUST00235,Electronics,Smartphone,1234.45,2,0.05,2345.45,North,Bank Transfer,Web,1,14
ORD009293,2024-04-14,CUST00715,Home,Toaster,228.28,4,0.05,867.46,West,Mobile Money,Web,5,10
ORD009294,2024-07-27,CUST00164,Home,Toaster,322.53,3,0,967.59,North,Mobile Money,Web,4,9
ORD009295,2024-10-05,CUST00654,Sports,Yoga Mat,710.73,1,0,710.73,South,PayPal,Phone,4,7
ORD009296,2024-08-16,CUST01624,Clothing,Jeans,105.08,3,0.05,299.48,Central,PayPal,Mobile App,5,13
ORD009297,2024-10-17,CUST00589,Sports,Basketball,363.96,5,0,1819.8,North,PayPal,Phone,3,10
ORD009298,2024-03-16,CUST00766,Clothing,Sneakers,63.98,1,0.2,51.18,East,Debit Card,Web,5,1
ORD009299,2024-02-08,CUST01696,Clothing,Jacket,122.93,1,0,122.93,East,Bank Transfer,Web,2,5
ORD009300,2024-02-28,CUST00742,Sports,Yoga Mat,672.86,3,0.15,1715.79,East,Bank Transfer,Phone,3,13
ORD009301,2024-09-30,CUST01622,Books,Guide,49.02,5,0.05,232.84,Central,PayPal,Phone,3,8
ORD009302,2024-02-24,CUST00437,Sports,Tennis Racket,336.26,2,0,672.52,Central,Debit Card,Phone,4,6
ORD009303,2024-05-11,CUST00389,Books,Textbook,46.88,3,0.2,112.51,Central,Credit Card,Phone,4,8
ORD009304,2024-06-19,CUST01779,Home,Table,84.62,3,0.1,228.47,North,PayPal,Phone,5,10
ORD009305,2024-07-28,CUST01331,Home,Pillow,321.9,4,0.15,1094.46,North,PayPal,Web,4,12
ORD009306,2024-04-10,CUST01983,Books,Cookbook,42.06,5,0,210.3,West,Debit Card,In-Store,2,13
ORD009307,2024-11-04,CUST00530,Clothing,Hat,75.84,1,0.05,72.05,East,Debit Card,In-Store,4,10
ORD009308,2024-06-18,CUST00586,Sports,Dumbbell,467.88,4,0,1871.52,West,Credit Card,Web,4,13
ORD009309,2024-04-06,CUST01961,Clothing,Hat,46.4,1,0.15,39.44,North,Debit Card,Web,5,4
ORD009310,2024-01-14,CUST00748,Electronics,Smartphone,1130.09,4,0,4520.36,West,Debit Card,In-Store,5,13
ORD009311,2024-03-13,CUST01164,Electronics,Tablet,771.9,3,0.15,1968.35,West,PayPal,Mobile App,3,2
ORD009312,2024-07-18,CUST00480,Electronics,Headphones,1010.77,4,0,4043.08,West,Mobile Money,Web,4,8
ORD009313,2024-03-09,CUST00273,Books,Novel,28.83,5,0,144.15,South,Debit Card,In-Store,2,13
ORD009314,2024-04-28,CUST00564,Sports,Tennis Racket,307.59,2,0.15,522.9,North,Mobile Money,In-Store,5,10
ORD009315,2024-11-20,CUST00235,Books,Cookbook,35.34,3,0.05,100.72,Central,Credit Card,Phone,3,7
ORD009316,2024-02-05,CUST01840,Sports,Football,753.97,1,0.15,640.87,North,Debit Card,In-Store,5,7
ORD009317,2024-11-04,CUST01910,Electronics,Tablet,918.86,3,0.15,2343.09,West,Credit Card,Web,4,13
ORD009318,2024-08-27,CUST00456,Books,Biography,31.71,3,0.05,90.37,South,PayPal,Web,3,2
ORD009319,2024-10-16,CUST00512,Books,Novel,13.05,4,0,52.2,East,PayPal,Phone,5,4
ORD009320,2024-09-04,CUST01339,Clothing,Socks,80.93,4,0.1,291.35,West,PayPal,Web,2,3
ORD009321,2024-03-13,CUST00819,Home,Toaster,89.59,5,0,447.95,North,PayPal,In-Store,1,10
ORD009322,2024-08-20,CUST00956,Sports,Tennis Racket,600.4,5,0,3002.0,East,Debit Card,Mobile App,5,4
ORD009323,2024-06-10,CUST00252,Home,Blender,152.58,3,0,457.74,Central,Debit Card,Phone,5,11
ORD009324,2024-09-05,CUST00726,Home,Pillow,123.16,1,0.05,117.0,Central,Bank Transfer,Mobile App,4,5
ORD009325,2024-05-29,CUST01570,Books,Textbook,57.11,5,0,285.55,North,Credit Card,Web,2,13
ORD009326,2024-09-14,CUST00673,Books,Cookbook,54.72,1,0,54.72,Central,PayPal,In-Store,2,3
ORD009327,2024-05-30,CUST01371,Home,Lamp,119.87,2,0,239.74,South,Credit Card,In-Store,2,8
ORD009328,2024-10-02,CUST00068,Electronics,Camera,1274.97,3,0.2,3059.93,Central,Credit Card,In-Store,5,14
ORD009329,2024-04-12,CUST01731,Sports,Yoga Mat,601.44,5,0,3007.2,South,Credit Card,Phone,3,7
ORD009330,2024-03-18,CUST00474,Books,Biography,7.23,3,0.2,17.35,West,Bank Transfer,Mobile App,5,4
ORD009331,2024-07-09,CUST00723,Sports,Basketball,616.8,1,0.2,493.44,Central,Credit Card,Mobile App,2,9
ORD009332,2024-01-16,CUST00686,Sports,Yoga Mat,353.98,5,0,1769.9,South,Mobile Money,In-Store,5,14
ORD009333,2024-09-15,CUST01096,Electronics,Smartwatch,812.0,4,0.05,3085.6,West,PayPal,Phone,2,13
ORD009334,2024-04-12,CUST01905,Home,Pillow,181.3,3,0.1,489.51,South,Bank Transfer,In-Store,4,8
ORD009335,2024-12-07,CUST00012,Electronics,Smartphone,227.17,2,0,454.34,North,Credit Card,Mobile App,4,11
ORD009336,2024-04-17,CUST01851,Clothing,Jacket,72.3,4,0.15,245.82,South,PayPal,Web,5,2
ORD009337,2024-08-07,CUST00966,Sports,Basketball,142.98,1,0.1,128.68,North,Debit Card,Web,5,1
ORD009338,2024-09-27,CUST01213,Home,Chair,292.78,1,0.2,234.22,Central,Debit Card,Web,2,14
ORD009339,2024-09-09,CUST00158,Home,Chair,268.01,4,0.15,911.23,South,Bank Transfer,In-Store,4,14
ORD009340,2024-02-12,CUST01281,Books,Guide,37.69,2,0,75.38,South,Credit Card,Phone,4,7
ORD009341,2024-06-22,CUST01307,Home,Pillow,112.73,3,0.2,270.55,West,PayPal,Mobile App,5,14
ORD009342,2024-04-26,CUST00706,Electronics,Headphones,799.33,5,0.15,3397.15,West,PayPal,Mobile App,2,13
ORD009343,2024-07-13,CUST01240,Home,Blender,156.57,5,0,782.85,South,Bank Transfer,Phone,5,14
ORD009344,2024-04-27,CUST01888,Books,Cookbook,9.29,4,0.15,31.59,West,Debit Card,Web,2,9
ORD009345,2024-06-20,CUST00467,Clothing,Sneakers,106.54,2,0.15,181.12,Central,Debit Card,Web,5,9
ORD009346,2024-05-26,CUST01265,Electronics,Laptop,838.24,5,0.05,3981.64,East,Debit Card,Mobile App,5,2
ORD009347,2024-06-16,CUST00627,Home,Blender,127.35,2,0.15,216.5,North,Credit Card,Phone,4,12
ORD009348,2024-12-19,CUST01209,Home,Toaster,397.13,4,0.15,1350.24,Central,Mobile Money,Phone,5,13
ORD009349,2024-10-28,CUST00419,Electronics,Smartwatch,697.98,1,0.1,628.18,East,PayPal,Mobile App,4,8
ORD009350,2024-11-20,CUST01004,Books,Textbook,38.11,1,0.05,36.2,West,Debit Card,Mobile App,4,11
ORD009351,2024-10-24,CUST00871,Electronics,Camera,1494.6,4,0.05,5679.48,South,Credit Card,Mobile App,3,2
ORD009352,2024-02-23,CUST01674,Home,Toaster,62.7,4,0,250.8,South,Credit Card,In-Store,3,10
ORD009353,2024-07-04,CUST00506,Books,Novel,26.24,3,0,78.72,East,Credit Card,Mobile App,4,9
ORD009354,2024-10-13,CUST01545,Books,Novel,20.91,1,0,20.91,Central,Debit Card,Mobile App,2,11
ORD009355,2024-10-11,CUST01367,Clothing,Hat,115.59,2,0.2,184.94,North,Credit Card,Phone,5,6
ORD009356,2024-09-28,CUST00928,Home,Blender,130.75,3,0,392.25,South,Debit Card,Phone,2,2
ORD009357,2024-03-30,CUST00819,Clothing,Jacket,33.34,2,0.15,56.68,West,Debit Card,Mobile App,5,7
ORD009358,2024-10-26,CUST00649,Books,Novel,25.2,5,0.2,100.8,South,PayPal,Web,4,11
ORD009359,2024-03-23,CUST00188,Home,Table,292.06,1,0,292.06,East,Debit Card,In-Store,3,14
ORD009360,2024-06-01,CUST00691,Books,Cookbook,23.65,5,0.15,100.51,East,Bank Transfer,Mobile App,5,9
ORD009361,2024-06-12,CUST00967,Electronics,Camera,516.96,1,0.2,413.57,South,Mobile Money,In-Store,5,4
ORD009362,2024-06-22,CUST00003,Electronics,Smartwatch,393.98,4,0.05,1497.12,South,PayPal,In-Store,2,7
ORD009363,2024-06-05,CUST01179,Electronics,Smartphone,796.5,3,0.15,2031.07,North,Debit Card,Mobile App,5,3
ORD009364,2024-02-22,CUST00599,Home,Pillow,143.86,1,0,143.86,East,PayPal,Phone,2,9
ORD009365,2024-05-13,CUST01867,Clothing,Sneakers,145.68,2,0.05,276.79,South,Mobile Money,Mobile App,4,4
ORD009366,2024-02-19,CUST01031,Clothing,Hat,102.05,4,0.15,346.97,Central,Credit Card,Phone,5,4
ORD009367,2024-05-14,CUST00569,Home,Toaster,315.22,1,0,315.22,South,Credit Card,Mobile App,4,5
ORD009368,2024-11-13,CUST01472,Electronics,Smartphone,974.93,3,0,2924.79,East,Bank Transfer,Mobile App,4,2
ORD009369,2024-12-28,CUST00187,Home,Lamp,345.79,1,0,345.79,East,PayPal,Web,2,3
ORD009370,2024-05-08,CUST00636,Clothing,Jacket,120.48,1,0.05,114.46,Central,Bank Transfer,Phone,3,4
ORD009371,2024-04-05,CUST00447,Clothing,Socks,33.91,1,0.15,28.82,Central,Mobile Money,Web,5,1
ORD009372,2024-04-08,CUST00234,Books,Textbook,57.95,5,0,289.75,North,Credit Card,Mobile App,4,14
ORD009373,2024-12-15,CUST00082,Books,Novel,57.07,1,0.2,45.66,West,PayPal,Phone,5,14
ORD009374,2024-04-09,CUST00853,Home,Blender,300.74,4,0,1202.96,North,Credit Card,Web,4,8
ORD009375,2024-04-25,CUST01288,Books,Guide,47.63,3,0.05,135.75,South,Mobile Money,Web,3,13
ORD009376,2024-12-30,CUST01319,Sports,Yoga Mat,47.44,1,0,47.44,East,PayPal,Phone,4,13
ORD009377,2024-05-28,CUST00650,Electronics,Laptop,794.29,1,0.1,714.86,North,Debit Card,Mobile App,4,13
ORD009378,2024-02-16,CUST01708,Electronics,Headphones,756.84,2,0.05,1438.0,Central,PayPal,Mobile App,3,11
ORD009379,2024-09-25,CUST01560,Clothing,T-Shirt,100.76,4,0.05,382.89,West,Debit Card,Mobile App,5,5
ORD009380,2024-01-15,CUST01890,Sports,Dumbbell,531.36,2,0.15,903.31,Central,PayPal,In-Store,3,6
ORD009381,2024-05-17,CUST00312,Electronics,Camera,283.67,2,0.1,510.61,Central,PayPal,In-Store,3,4
ORD009382,2024-07-10,CUST01215,Electronics,Smartphone,1232.76,1,0,1232.76,East,Mobile Money,Mobile App,3,11
ORD009383,2024-04-04,CUST01378,Clothing,Hat,12.61,4,0.05,47.92,South,PayPal,Mobile App,4,14
ORD009384,2024-12-07,CUST00187,Home,Table,85.16,2,0,170.32,North,Debit Card,Mobile App,5,8
ORD009385,2024-08-10,CUST01185,Books,Textbook,20.25,1,0.05,19.24,West,Bank Transfer,Phone,5,1
ORD009386,2024-03-25,CUST00287,Sports,Tennis Racket,542.62,3,0,1627.86,North,PayPal,Phone,5,13
ORD009387,2024-12-09,CUST00752,Sports,Tennis Racket,768.71,5,0,3843.55,East,PayPal,Mobile App,5,12
ORD009388,2024-02-26,CUST00477,Books,Guide,17.07,3,0.1,46.09,North,Bank Transfer,Web,4,11
ORD009389,2024-07-01,CUST00939,Sports,Basketball,158.87,5,0,794.35,South,Mobile Money,Phone,4,13
ORD009390,2024-10-18,CUST00952,Books,Guide,59.23,5,0.05,281.34,West,Credit Card,In-Store,4,10
ORD009391,2024-09-10,CUST01026,Electronics,Camera,246.05,4,0.1,885.78,Central,Debit Card,In-Store,5,13
ORD009392,2024-11-06,CUST00147,Books,Textbook,24.08,3,0.15,61.4,North,Bank Transfer,In-Store,4,6
ORD009393,2024-01-06,CUST01091,Books,Comic,49.92,4,0.1,179.71,South,Bank Transfer,Mobile App,2,7
ORD009394,2024-07-07,CUST00708,Sports,Tennis Racket,578.88,5,0.1,2604.96,North,Bank Transfer,Phone,2,6
ORD009395,2024-11-26,CUST01569,Books,Guide,46.73,1,0.05,44.39,West,Debit Card,Mobile App,4,2
ORD009396,2024-05-06,CUST01808,Home,Pillow,24.83,1,0,24.83,Central,Credit Card,Mobile App,3,8
ORD009397,2024-10-24,CUST00367,Electronics,Smartphone,671.41,5,0.2,2685.64,North,Credit Card,In-Store,5,9
ORD009398,2024-05-29,CUST00584,Clothing,T-Shirt,95.68,3,0.05,272.69,North,Bank Transfer,Web,5,5
ORD009399,2024-11-22,CUST00975,Books,Cookbook,41.45,3,0.15,105.7,North,PayPal,Web,2,13
ORD009400,2024-06-28,CUST00159,Home,Toaster,35.97,3,0.05,102.51,North,Bank Transfer,Phone,4,13
ORD009401,2024-04-14,CUST01275,Clothing,Hat,108.87,5,0,544.35,West,Bank Transfer,Web,5,4
ORD009402,2024-11-02,CUST00865,Home,Blender,147.72,1,0.05,140.33,North,Mobile Money,Phone,4,11
ORD009403,2024-02-26,CUST01882,Sports,Bicycle,253.39,1,0,253.39,North,PayPal,In-Store,4,12
ORD009404,2024-12-10,CUST00056,Clothing,Jeans,141.1,1,0.1,126.99,East,Debit Card,Phone,4,13
ORD009405,2024-10-14,CUST00612,Books,Textbook,28.73,4,0.05,109.17,Central,PayPal,Phone,2,5
ORD009406,2024-08-01,CUST00513,Books,Cookbook,15.12,5,0.05,71.82,West,PayPal,In-Store,4,1
ORD009407,2024-03-28,CUST00025,Clothing,Jacket,29.94,2,0,59.88,West,Bank Transfer,In-Store,2,5
ORD009408,2024-04-28,CUST01645,Clothing,Sneakers,25.65,1,0.2,20.52,East,Debit Card,Web,3,3
ORD009409,2024-07-26,CUST00920,Electronics,Tablet,98.59,5,0,492.95,West,Debit Card,Web,3,6
ORD009410,2024-06-05,CUST00169,Sports,Dumbbell,780.05,5,0,3900.25,South,Debit Card,Mobile App,5,2
ORD009411,2024-12-15,CUST01131,Electronics,Smartphone,1235.98,1,0.1,1112.38,South,Credit Card,Phone,3,12
ORD009412,2024-08-08,CUST01282,Clothing,Sneakers,18.5,1,0,18.5,West,Credit Card,Phone,4,10
ORD009413,2024-04-01,CUST01096,Home,Lamp,121.47,2,0.1,218.65,South,Credit Card,In-Store,3,5
ORD009414,2024-01-10,CUST01685,Books,Cookbook,15.1,1,0,15.1,Central,Credit Card,Phone,2,10
ORD009415,2024-07-30,CUST00767,Home,Toaster,211.24,1,0.15,179.55,South,PayPal,Phone,5,10
ORD009416,2024-04-20,CUST00105,Home,Pillow,201.03,3,0,603.09,North,Debit Card,Web,4,4
ORD009417,2024-04-25,CUST00579,Clothing,T-Shirt,14.07,1,0.15,11.96,West,Debit Card,Phone,5,12
ORD009418,2024-04-27,CUST01210,Electronics,Smartphone,976.96,3,0.05,2784.34,East,Bank Transfer,In-Store,5,2
ORD009419,2024-04-25,CUST00299,Sports,Yoga Mat,460.99,4,0.1,1659.56,Central,PayPal,Web,3,2
ORD009420,2024-04-21,CUST01404,Home,Blender,217.19,4,0.05,825.32,West,Bank Transfer,Phone,4,11
ORD009421,2024-02-02,CUST00082,Books,Biography,49.41,5,0.05,234.7,South,Mobile Money,Phone,4,13
ORD009422,2024-08-19,CUST01592,Home,Pillow,234.92,1,0,234.92,East,Bank Transfer,Mobile App,4,6
ORD009423,2024-01-03,CUST00488,Electronics,Camera,1295.65,4,0.05,4923.47,West,Mobile Money,In-Store,2,7
ORD009424,2024-06-12,CUST01744,Home,Toaster,303.96,5,0.15,1291.83,East,Mobile Money,Phone,5,12
ORD009425,2024-03-29,CUST00928,Clothing,Hat,125.89,3,0,377.67,West,Mobile Money,In-Store,2,13
ORD009426,2024-11-03,CUST01768,Home,Toaster,343.1,4,0,1372.4,North,Mobile Money,In-Store,5,6
ORD009427,2024-07-22,CUST01195,Books,Guide,7.96,2,0,15.92,East,Mobile Money,Phone,3,9
ORD009428,2024-08-21,CUST01350,Electronics,Tablet,154.83,5,0,774.15,Central,PayPal,Phone,2,13
ORD009429,2024-12-09,CUST00700,Books,Guide,26.19,2,0.05,49.76,South,Credit Card,In-Store,5,12
ORD009430,2024-04-29,CUST01693,Electronics,Camera,1165.07,1,0,1165.07,West,Mobile Money,Mobile App,5,7
ORD009431,2024-07-17,CUST00691,Electronics,Tablet,173.27,1,0,173.27,Central,Debit Card,Mobile App,3,7
ORD009432,2024-07-03,CUST00610,Home,Toaster,247.17,5,0.1,1112.27,West,Credit Card,Mobile App,2,12
ORD009433,2024-04-05,CUST00505,Home,Table,246.9,4,0.1,888.84,North,Bank Transfer,Mobile App,5,14
ORD009434,2024-03-30,CUST00785,Electronics,Camera,1135.46,3,0.2,2725.1,North,Debit Card,In-Store,5,2
ORD009435,2024-11-13,CUST01977,Sports,Basketball,388.27,2,0,776.54,East,Bank Transfer,Phone,2,1
ORD009436,2024-09-25,CUST01051,Books,Novel,42.38,1,0,42.38,West,PayPal,Mobile App,4,10
ORD009437,2024-01-31,CUST01415,Electronics,Laptop,1120.28,2,0.15,1904.48,Central,Credit Card,In-Store,5,1
ORD009438,2024-04-02,CUST00581,Sports,Dumbbell,237.12,4,0,948.48,North,Bank Transfer,Mobile App,3,14
ORD009439,2024-08-26,CUST00228,Books,Comic,47.53,2,0,95.06,East,Credit Card,Phone,5,5
ORD009440,2024-05-20,CUST01592,Books,Guide,10.83,3,0.05,30.87,West,PayPal,Phone,4,3
ORD009441,2024-02-08,CUST00148,Clothing,Sneakers,139.23,1,0.15,118.35,East,Mobile Money,Web,5,3
ORD009442,2024-02-01,CUST01075,Books,Cookbook,42.44,3,0.15,108.22,West,Credit Card,Web,4,2
ORD009443,2024-10-09,CUST01262,Books,Textbook,19.69,4,0.15,66.95,North,PayPal,Phone,5,6
ORD009444,2024-11-15,CUST00353,Clothing,Socks,48.39,4,0,193.56,East,Credit Card,Web,5,2
ORD009445,2024-11-21,CUST01464,Clothing,T-Shirt,31.64,5,0.1,142.38,East,Bank Transfer,Web,4,13
ORD009446,2024-12-07,CUST01172,Books,Textbook,27.28,2,0,54.56,South,PayPal,Web,2,5
ORD009447,2024-07-08,CUST01343,Books,Textbook,10.13,4,0,40.52,West,Credit Card,Mobile App,4,12
ORD009448,2024-07-24,CUST01479,Books,Biography,51.55,3,0,154.65,Central,Mobile Money,Mobile App,2,2
ORD009449,2024-05-09,CUST01768,Books,Guide,57.6,5,0.05,273.6,West,Credit Card,In-Store,4,4
ORD009450,2024-01-02,CUST01721,Sports,Dumbbell,341.53,1,0.15,290.3,Central,Mobile Money,Phone,5,9
ORD009451,2024-05-04,CUST00392,Electronics,Camera,78.79,1,0.2,63.03,East,Bank Transfer,Web,4,3
ORD009452,2024-12-30,CUST01475,Home,Blender,144.44,1,0,144.44,North,Bank Transfer,Mobile App,4,10
ORD009453,2024-01-12,CUST01966,Electronics,Laptop,1022.02,3,0.2,2452.85,West,Debit Card,Phone,4,10
ORD009454,2024-06-16,CUST01891,Home,Toaster,158.87,5,0.05,754.63,Central,Bank Transfer,In-Store,3,5
ORD009455,2024-05-16,CUST01064,Books,Biography,38.03,1,0.1,34.23,West,Debit Card,Web,2,10
ORD009456,2024-12-18,CUST00833,Home,Toaster,33.96,3,0.05,96.79,South,Debit Card,In-Store,4,9
ORD009457,2024-12-07,CUST00381,Electronics,Smartphone,1287.81,2,0.1,2318.06,Central,Mobile Money,Mobile App,3,8
ORD009458,2024-06-02,CUST01721,Books,Comic,8.81,1,0.15,7.49,North,Credit Card,Phone,2,11
ORD009459,2024-07-05,CUST00985,Clothing,T-Shirt,98.36,4,0.15,334.42,West,Mobile Money,Phone,4,7
ORD009460,2024-02-07,CUST01390,Clothing,Hat,136.78,1,0.05,129.94,South,PayPal,Web,1,1
ORD009461,2024-11-17,CUST00411,Books,Textbook,32.78,3,0.05,93.42,North,Mobile Money,Phone,4,2
ORD009462,2024-03-07,CUST00527,Electronics,Tablet,688.76,5,0.1,3099.42,Central,Credit Card,In-Store,3,13
ORD009463,2024-04-11,CUST00874,Books,Comic,12.28,3,0.2,29.47,Central,PayPal,In-Store,5,10
ORD009464,2024-02-14,CUST01726,Electronics,Tablet,214.51,1,0.05,203.78,East,Bank Transfer,Phone,3,12
ORD009465,2024-05-15,CUST00506,Electronics,Camera,878.93,3,0,2636.79,North,Credit Card,Mobile App,4,8
ORD009466,2024-04-08,CUST00957,Electronics,Smartwatch,1289.87,5,0.2,5159.48,West,Mobile Money,In-Store,3,3
ORD009467,2024-05-31,CUST00632,Books,Cookbook,24.77,1,0.05,23.53,North,Credit Card,In-Store,5,12
ORD009468,2024-05-10,CUST00880,Clothing,Sneakers,69.21,3,0.2,166.1,Central,Credit Card,Mobile App,5,5
ORD009469,2024-06-30,CUST01177,Books,Biography,28.06,3,0.15,71.55,Central,Mobile Money,Web,2,12
ORD009470,2024-05-13,CUST01338,Sports,Tennis Racket,197.19,1,0.1,177.47,South,Debit Card,In-Store,4,3
ORD009471,2024-11-25,CUST01386,Home,Toaster,218.51,1,0.05,207.58,West,Debit Card,Web,2,5
ORD009472,2024-07-18,CUST00318,Clothing,Hat,18.84,3,0,56.52,North,Debit Card,In-Store,4,4
ORD009473,2024-11-06,CUST01324,Sports,Football,514.74,1,0,514.74,South,Debit Card,In-Store,4,9
ORD009474,2024-10-29,CUST00531,Clothing,Socks,25.67,1,0,25.67,South,Bank Transfer,Phone,5,9
ORD009475,2024-11-13,CUST00907,Sports,Yoga Mat,298.69,2,0.1,537.64,South,Mobile Money,Web,4,8
ORD009476,2024-11-01,CUST01757,Electronics,Smartwatch,764.29,1,0.2,611.43,East,Debit Card,In-Store,5,2
ORD009477,2024-10-15,CUST01509,Clothing,Jeans,147.36,5,0,736.8,West,Credit Card,Mobile App,5,8
ORD009478,2024-09-21,CUST01656,Clothing,Hat,86.22,5,0,431.1,East,Debit Card,In-Store,3,9
ORD009479,2024-09-04,CUST00188,Home,Toaster,204.84,2,0.15,348.23,South,PayPal,In-Store,5,14
ORD009480,2024-03-14,CUST00809,Electronics,Smartwatch,459.47,5,0,2297.35,West,Mobile Money,In-Store,4,6
ORD009481,2024-06-05,CUST00816,Books,Cookbook,52.41,5,0.2,209.64,Central,PayPal,Phone,5,7
ORD009482,2024-05-05,CUST00723,Books,Guide,33.09,4,0.15,112.51,Central,Debit Card,Web,4,10
ORD009483,2024-08-04,CUST00427,Books,Novel,45.65,3,0.15,116.41,South,Debit Card,Phone,5,4
ORD009484,2024-06-06,CUST01525,Home,Toaster,304.52,4,0,1218.08,East,Debit Card,In-Store,4,11
ORD009485,2024-12-17,CUST00852,Electronics,Laptop,118.74,5,0.1,534.33,East,Mobile Money,Web,4,14
ORD009486,2024-08-15,CUST00557,Books,Guide,15.54,1,0.15,13.21,South,PayPal,Phone,5,6
ORD009487,2024-01-27,CUST01231,Electronics,Laptop,1136.87,5,0.1,5115.92,West,PayPal,In-Store,5,10
ORD009488,2024-07-15,CUST01051,Electronics,Tablet,306.15,1,0.15,260.23,East,Credit Card,Phone,5,4
ORD009489,2024-10-24,CUST01269,Home,Blender,206.35,1,0.1,185.71,North,Bank Transfer,Mobile App,4,7
ORD009490,2024-12-09,CUST01240,Electronics,Headphones,489.5,4,0.1,1762.2,Central,Debit Card,Web,3,7
ORD009491,2024-06-22,CUST01060,Electronics,Laptop,1382.97,5,0.1,6223.36,South,PayPal,Mobile App,4,12
ORD009492,2024-02-04,CUST01530,Books,Guide,48.85,5,0.15,207.61,North,Bank Transfer,Mobile App,5,1
ORD009493,2024-09-04,CUST01965,Electronics,Laptop,743.44,3,0,2230.32,East,Debit Card,Mobile App,5,8
ORD009494,2024-03-26,CUST01653,Books,Cookbook,50.76,2,0.05,96.44,East,PayPal,Mobile App,4,4
ORD009495,2024-07-01,CUST01385,Clothing,Sneakers,86.12,5,0,430.6,Central,Debit Card,Phone,4,13
ORD009496,2024-01-10,CUST00414,Clothing,Sneakers,141.42,4,0,565.68,West,Credit Card,Mobile App,4,2
ORD009497,2024-06-25,CUST01018,Books,Comic,7.05,4,0,28.2,South,Bank Transfer,Mobile App,5,11
ORD009498,2024-09-05,CUST00957,Electronics,Tablet,1268.02,1,0.15,1077.82,North,Bank Transfer,Phone,5,5
ORD009499,2024-03-02,CUST01980,Sports,Yoga Mat,222.43,2,0,444.86,North,Credit Card,In-Store,5,1
ORD009500,2024-12-26,CUST01208,Books,Textbook,10.34,5,0,51.7,West,PayPal,Phone,4,12
ORD009501,2024-05-17,CUST01526,Sports,Basketball,156.87,4,0,627.48,West,Bank Transfer,Phone,5,14
ORD009502,2024-07-21,CUST00948,Books,Textbook,52.67,5,0.2,210.68,South,Debit Card,Mobile App,4,1
ORD009503,2024-04-24,CUST01923,Clothing,T-Shirt,115.63,3,0.1,312.2,Central,Mobile Money,Web,4,6
ORD009504,2024-01-10,CUST00909,Books,Biography,28.69,1,0,28.69,South,Debit Card,Mobile App,3,2
ORD009505,2024-09-19,CUST00022,Clothing,Jeans,71.42,5,0,357.1,Central,Bank Transfer,Phone,5,12
ORD009506,2024-11-19,CUST01828,Electronics,Smartphone,495.62,3,0.1,1338.17,West,Mobile Money,Mobile App,5,13
ORD009507,2024-04-06,CUST01930,Sports,Bicycle,196.47,3,0,589.41,South,PayPal,Phone,4,9
ORD009508,2024-04-08,CUST01177,Home,Pillow,168.31,5,0.15,715.32,North,PayPal,Web,5,6
ORD009509,2024-09-06,CUST00840,Clothing,Sneakers,115.74,4,0.05,439.81,East,Credit Card,Phone,4,1
ORD009510,2024-06-07,CUST01541,Electronics,Smartwatch,355.14,2,0.05,674.77,North,Credit Card,Phone,5,11
ORD009511,2024-10-08,CUST00114,Clothing,Hat,29.38,5,0,146.9,South,Credit Card,Mobile App,4,11
ORD009512,2024-03-26,CUST01839,Clothing,Hat,36.45,4,0,145.8,East,Debit Card,In-Store,4,2
ORD009513,2024-06-17,CUST00679,Books,Guide,32.21,3,0.05,91.8,Central,Bank Transfer,In-Store,4,7
ORD009514,2024-06-17,CUST01680,Sports,Bicycle,117.49,1,0.05,111.62,West,Debit Card,Phone,5,9
ORD009515,2024-11-07,CUST00187,Electronics,Tablet,288.13,3,0.05,821.17,West,Credit Card,Phone,5,11
ORD009516,2024-02-13,CUST00718,Home,Toaster,154.53,4,0.05,587.21,South,Debit Card,Mobile App,4,11
ORD009517,2024-06-18,CUST01189,Books,Biography,18.96,4,0.15,64.46,West,Mobile Money,Mobile App,3,2
ORD009518,2024-01-01,CUST01766,Clothing,Sneakers,68.12,2,0,136.24,West,Credit Card,In-Store,3,10
ORD009519,2024-11-20,CUST00835,Electronics,Camera,1137.5,4,0.1,4095.0,South,PayPal,Mobile App,4,9
ORD009520,2024-07-01,CUST00998,Clothing,Jeans,29.56,5,0,147.8,South,Mobile Money,Web,4,2
ORD009521,2024-01-03,CUST00822,Sports,Football,665.25,2,0.2,1064.4,North,PayPal,In-Store,5,5
ORD009522,2024-04-14,CUST01701,Electronics,Smartwatch,678.45,5,0,3392.25,North,Credit Card,Web,4,4
ORD009523,2024-06-19,CUST01098,Home,Toaster,368.51,4,0,1474.04,West,Bank Transfer,Mobile App,2,14
ORD009524,2024-09-01,CUST01642,Home,Toaster,301.83,5,0,1509.15,West,Debit Card,Phone,2,1
ORD009525,2024-03-26,CUST00929,Sports,Football,172.51,3,0.2,414.02,North,Bank Transfer,Phone,5,6
ORD009526,2024-05-02,CUST01450,Electronics,Laptop,722.75,2,0.05,1373.22,South,Debit Card,Phone,3,11
ORD009527,2024-02-18,CUST01104,Books,Cookbook,46.86,1,0,46.86,South,Debit Card,Phone,4,6
ORD009528,2024-08-18,CUST00482,Sports,Tennis Racket,734.93,2,0.2,1175.89,Central,Credit Card,Phone,5,14
ORD009529,2024-02-26,CUST01143,Home,Table,102.38,4,0.05,389.04,North,Credit Card,Mobile App,3,8
ORD009530,2024-02-10,CUST01799,Home,Chair,154.0,5,0.05,731.5,West,Credit Card,In-Store,2,12
ORD009531,2024-02-19,CUST00651,Clothing,Jeans,111.35,3,0,334.05,Central,Mobile Money,In-Store,2,7
ORD009532,2024-01-13,CUST00906,Sports,Yoga Mat,762.0,3,0,2286.0,North,Debit Card,In-Store,4,10
ORD009533,2024-06-14,CUST00302,Home,Table,105.22,5,0.2,420.88,North,Bank Transfer,Phone,5,1
ORD009534,2024-09-25,CUST01177,Sports,Dumbbell,413.48,5,0,2067.4,South,PayPal,Mobile App,4,11
ORD009535,2024-08-01,CUST01833,Sports,Football,87.91,2,0.15,149.45,South,Bank Transfer,Mobile App,4,9
ORD009536,2024-09-11,CUST01990,Sports,Dumbbell,368.64,5,0.15,1566.72,South,PayPal,Web,4,4
ORD009537,2024-12-24,CUST01833,Home,Blender,114.32,2,0.1,205.78,North,Debit Card,Phone,3,9
ORD009538,2024-08-24,CUST01218,Sports,Dumbbell,196.67,3,0,590.01,Central,Bank Transfer,Phone,3,7
ORD009539,2024-07-19,CUST00841,Clothing,T-Shirt,129.81,5,0,649.05,South,Debit Card,Web,4,4
ORD009540,2024-01-22,CUST01642,Home,Toaster,119.27,4,0.2,381.66,West,Mobile Money,Web,5,11
ORD009541,2024-04-10,CUST00598,Books,Biography,6.89,5,0,34.45,South,Credit Card,Phone,4,10
ORD009542,2024-05-16,CUST00791,Electronics,Smartphone,509.22,3,0.05,1451.28,West,Debit Card,Web,5,10
ORD009543,2024-02-22,CUST01075,Electronics,Headphones,866.86,2,0,1733.72,North,Debit Card,Mobile App,4,7
ORD009544,2024-09-17,CUST01148,Clothing,T-Shirt,12.03,2,0.2,19.25,West,Debit Card,Phone,5,11
ORD009545,2024-10-19,CUST00337,Books,Textbook,38.35,2,0,76.7,South,Mobile Money,Phone,2,8
ORD009546,2024-08-29,CUST01522,Home,Table,147.45,5,0,737.25,East,Mobile Money,Phone,4,11
ORD009547,2024-12-28,CUST01733,Clothing,Jacket,132.84,4,0.1,478.22,South,Bank Transfer,Web,4,9
ORD009548,2024-08-20,CUST00644,Home,Chair,58.8,3,0.2,141.12,Central,Bank Transfer,Mobile App,5,9
ORD009549,2024-12-12,CUST00502,Books,Cookbook,16.66,2,0.2,26.66,Central,PayPal,In-Store,2,8
ORD009550,2024-12-06,CUST01604,Clothing,Hat,90.44,3,0.1,244.19,South,Credit Card,Web,5,13
ORD009551,2024-07-12,CUST00993,Home,Pillow,147.31,5,0,736.55,Central,Credit Card,In-Store,2,14
ORD009552,2024-11-24,CUST01628,Sports,Bicycle,96.95,5,0.1,436.27,North,Debit Card,Web,5,2
ORD009553,2024-08-22,CUST01976,Sports,Football,435.73,3,0,1307.19,South,Bank Transfer,In-Store,4,9
ORD009554,2024-01-19,CUST01002,Sports,Basketball,71.56,1,0,71.56,North,PayPal,Phone,5,4
ORD009555,2024-12-01,CUST01696,Books,Biography,18.72,2,0.1,33.7,West,Credit Card,In-Store,5,14
ORD009556,2024-09-26,CUST01564,Electronics,Smartwatch,984.38,1,0.1,885.94,South,Debit Card,Web,3,4
ORD009557,2024-10-04,CUST00512,Clothing,Jacket,141.32,3,0,423.96,West,Debit Card,Phone,5,12
ORD009558,2024-02-19,CUST00129,Books,Biography,45.71,1,0.2,36.57,South,Mobile Money,Phone,5,6
ORD009559,2024-08-30,CUST00166,Electronics,Camera,1119.19,1,0.05,1063.23,South,Debit Card,In-Store,4,4
ORD009560,2024-05-26,CUST00227,Home,Pillow,167.22,1,0.1,150.5,South,PayPal,Web,4,7
ORD009561,2024-10-27,CUST01982,Clothing,Hat,103.97,4,0.1,374.29,East,Credit Card,In-Store,3,8
ORD009562,2024-01-29,CUST00271,Books,Biography,37.25,2,0.2,59.6,Central,PayPal,Web,5,9
ORD009563,2024-06-14,CUST01364,Sports,Tennis Racket,236.25,4,0.1,850.5,East,Mobile Money,Web,4,4
ORD009564,2024-11-22,CUST01148,Books,Guide,33.45,3,0.2,80.28,North,Debit Card,Web,4,12
ORD009565,2024-06-11,CUST01532,Electronics,Headphones,364.75,1,0,364.75,North,PayPal,Phone,3,3
ORD009566,2024-03-05,CUST00565,Books,Cookbook,45.66,1,0.2,36.53,South,Bank Transfer,Mobile App,4,7
ORD009567,2024-06-13,CUST01968,Home,Blender,162.95,5,0.05,774.01,South,Credit Card,Web,5,13
ORD009568,2024-01-16,CUST00699,Sports,Yoga Mat,34.27,4,0,137.08,Central,Mobile Money,Phone,4,11
ORD009569,2024-02-19,CUST00138,Electronics,Tablet,358.98,4,0.1,1292.33,East,Bank Transfer,Web,5,13
ORD009570,2024-05-30,CUST00264,Clothing,T-Shirt,49.5,4,0,198.0,West,PayPal,Web,3,4
ORD009571,2024-11-10,CUST00473,Sports,Dumbbell,704.25,4,0.05,2676.15,East,Mobile Money,In-Store,4,10
ORD009572,2024-01-02,CUST00353,Electronics,Tablet,1046.96,3,0,3140.88,East,Bank Transfer,Phone,4,4
ORD009573,2024-04-13,CUST01308,Electronics,Camera,1366.98,2,0,2733.96,Central,Credit Card,Mobile App,3,3
ORD009574,2024-07-14,CUST00696,Electronics,Camera,204.4,1,0.05,194.18,North,Mobile Money,In-Store,2,14
ORD009575,2024-01-01,CUST01633,Electronics,Smartphone,1342.18,5,0,6710.9,Central,Mobile Money,Mobile App,5,3
ORD009576,2024-02-04,CUST00076,Home,Pillow,193.06,2,0.15,328.2,West,Debit Card,Phone,3,13
ORD009577,2024-06-14,CUST00079,Home,Chair,378.5,4,0,1514.0,Central,Mobile Money,In-Store,2,8
ORD009578,2024-06-27,CUST01638,Books,Novel,27.21,3,0,81.63,East,Mobile Money,In-Store,3,12
ORD009579,2024-09-20,CUST01144,Sports,Football,274.26,4,0,1097.04,West,Bank Transfer,Web,2,14
ORD009580,2024-07-20,CUST01254,Books,Biography,57.27,5,0.05,272.03,South,Debit Card,Phone,3,4
ORD009581,2024-03-20,CUST01531,Clothing,Jeans,58.92,3,0.2,141.41,East,PayPal,In-Store,5,12
ORD009582,2024-07-22,CUST01058,Clothing,Jeans,50.2,5,0.15,213.35,South,Credit Card,Phone,4,9
ORD009583,2024-03-30,CUST00005,Clothing,Socks,63.58,5,0.15,270.22,Central,Mobile Money,In-Store,5,1
ORD009584,2024-01-25,CUST01936,Clothing,T-Shirt,112.48,2,0.05,213.71,West,Credit Card,Mobile App,4,14
ORD009585,2024-12-12,CUST00993,Electronics,Camera,1072.25,3,0.15,2734.24,East,PayPal,Web,3,7
ORD009586,2024-12-30,CUST01950,Sports,Bicycle,450.18,3,0.1,1215.49,West,Debit Card,In-Store,3,12
ORD009587,2024-07-04,CUST00979,Electronics,Tablet,161.47,5,0,807.35,West,Credit Card,Web,4,9
ORD009588,2024-08-07,CUST01239,Clothing,Hat,124.4,2,0,248.8,North,Mobile Money,In-Store,4,6
ORD009589,2024-04-12,CUST00656,Home,Table,396.5,4,0.15,1348.1,South,PayPal,Mobile App,5,7
ORD009590,2024-09-20,CUST01415,Electronics,Tablet,886.95,2,0.05,1685.2,North,PayPal,Phone,5,3
ORD009591,2024-04-09,CUST01865,Home,Lamp,179.96,5,0,899.8,North,Debit Card,Phone,4,6
ORD009592,2024-11-25,CUST00394,Electronics,Camera,1363.02,2,0,2726.04,South,Debit Card,In-Store,3,3
ORD009593,2024-05-10,CUST01539,Sports,Football,755.14,1,0.15,641.87,West,Bank Transfer,In-Store,5,6
ORD009594,2024-10-05,CUST00952,Sports,Basketball,717.05,5,0,3585.25,South,Credit Card,Web,5,10
ORD009595,2024-04-06,CUST00522,Home,Chair,97.97,2,0.05,186.14,East,PayPal,Phone,5,2
ORD009596,2024-06-14,CUST01192,Home,Chair,85.03,3,0,255.09,West,Mobile Money,In-Store,2,8
ORD009597,2024-09-13,CUST00564,Books,Biography,9.48,3,0.15,24.17,South,Credit Card,Web,3,1
ORD009598,2024-10-07,CUST01588,Electronics,Headphones,1299.32,1,0.15,1104.42,East,Bank Transfer,Phone,4,4
ORD009599,2024-10-09,CUST00177,Books,Textbook,45.31,5,0.05,215.22,East,Bank Transfer,Web,4,5
ORD009600,2024-07-12,CUST01738,Home,Toaster,311.38,2,0.05,591.62,East,PayPal,Phone,5,1
ORD009601,2024-06-08,CUST01044,Clothing,Socks,120.89,5,0,604.45,North,PayPal,Web,5,6
ORD009602,2024-05-26,CUST00097,Home,Lamp,73.54,2,0,147.08,East,Mobile Money,Mobile App,5,6
ORD009603,2024-07-31,CUST00802,Clothing,Socks,84.2,4,0.2,269.44,South,Debit Card,Mobile App,4,11
ORD009604,2024-04-28,CUST00967,Sports,Dumbbell,529.52,4,0,2118.08,Central,Mobile Money,Phone,3,10
ORD009605,2024-07-02,CUST01413,Sports,Yoga Mat,211.92,4,0.1,762.91,North,Debit Card,In-Store,5,8
ORD009606,2024-07-16,CUST00942,Home,Toaster,132.59,3,0.1,357.99,Central,Mobile Money,Mobile App,5,8
ORD009607,2024-04-23,CUST01335,Electronics,Camera,577.78,4,0,2311.12,North,Mobile Money,Mobile App,5,14
ORD009608,2024-02-02,CUST00667,Books,Biography,12.84,4,0,51.36,West,Bank Transfer,In-Store,4,14
ORD009609,2024-09-05,CUST00685,Books,Guide,45.12,2,0.05,85.73,North,Mobile Money,Mobile App,3,4
ORD009610,2024-05-11,CUST01571,Electronics,Camera,416.56,1,0.05,395.73,North,Credit Card,Phone,4,9
ORD009611,2024-03-31,CUST01481,Clothing,Socks,32.75,2,0,65.5,South,Debit Card,Web,4,10
ORD009612,2024-09-14,CUST01150,Electronics,Smartwatch,668.1,2,0,1336.2,South,Credit Card,Phone,4,13
ORD009613,2024-12-22,CUST00412,Home,Blender,273.29,2,0,546.58,West,Bank Transfer,In-Store,5,12
ORD009614,2024-05-12,CUST01432,Clothing,T-Shirt,100.33,2,0.15,170.56,Central,Mobile Money,In-Store,3,8
ORD009615,2024-01-13,CUST00787,Clothing,Jeans,70.42,1,0,70.42,West,PayPal,Web,5,10
ORD009616,2024-08-19,CUST01692,Sports,Bicycle,94.69,5,0.15,402.43,East,PayPal,In-Store,4,12
ORD009617,2024-11-21,CUST01210,Sports,Football,248.39,4,0.2,794.85,North,PayPal,Phone,5,6
ORD009618,2024-04-09,CUST00106,Clothing,Hat,56.62,2,0.05,107.58,East,Debit Card,In-Store,4,3
ORD009619,2024-07-18,CUST00004,Electronics,Headphones,556.12,4,0.05,2113.26,South,Credit Card,Phone,2,11
ORD009620,2024-09-08,CUST01628,Electronics,Laptop,908.35,4,0.05,3451.73,Central,Bank Transfer,In-Store,3,3
ORD009621,2024-02-01,CUST01383,Clothing,Jacket,79.12,5,0,395.6,South,Bank Transfer,Web,4,12
ORD009622,2024-02-06,CUST01497,Home,Pillow,159.24,2,0.1,286.63,East,Bank Transfer,Mobile App,3,10
ORD009623,2024-04-04,CUST00197,Home,Chair,346.13,1,0,346.13,South,Mobile Money,Web,5,4
ORD009624,2024-12-16,CUST00643,Home,Table,84.67,5,0,423.35,Central,Credit Card,Web,5,4
ORD009625,2024-10-26,CUST00526,Clothing,Sneakers,48.18,4,0,192.72,West,Credit Card,Phone,5,11
ORD009626,2024-12-25,CUST01826,Home,Toaster,307.92,4,0.15,1046.93,North,Debit Card,In-Store,5,6
ORD009627,2024-04-11,CUST00371,Clothing,Sneakers,93.98,5,0.2,375.92,East,PayPal,Web,5,2
ORD009628,2024-05-08,CUST01030,Electronics,Smartphone,1127.83,4,0.15,3834.62,West,Credit Card,In-Store,5,2
ORD009629,2024-07-14,CUST01616,Sports,Bicycle,382.48,4,0.1,1376.93,North,Mobile Money,Web,5,9
ORD009630,2024-04-27,CUST01085,Electronics,Headphones,548.3,5,0.05,2604.42,North,PayPal,Mobile App,3,6
ORD009631,2024-02-11,CUST01968,Sports,Dumbbell,176.82,2,0,353.64,East,Debit Card,In-Store,2,2
ORD009632,2024-11-23,CUST01287,Home,Pillow,200.68,5,0,1003.4,East,Debit Card,Web,3,10
ORD009633,2024-11-24,CUST01535,Clothing,Jeans,71.05,4,0,284.2,South,Bank Transfer,Web,4,13
ORD009634,2024-04-04,CUST01600,Home,Table,388.68,5,0,1943.4,East,PayPal,Phone,4,10
ORD009635,2024-04-14,CUST01632,Electronics,Smartwatch,1027.37,3,0,3082.11,Central,PayPal,Web,4,14
ORD009636,2024-11-21,CUST01618,Clothing,Jeans,34.11,5,0,170.55,East,Mobile Money,In-Store,4,7
ORD009637,2024-02-28,CUST00182,Electronics,Laptop,1256.34,4,0.2,4020.29,North,PayPal,Phone,5,9
ORD009638,2024-05-14,CUST01032,Sports,Dumbbell,287.64,1,0.15,244.49,East,Mobile Money,Mobile App,5,9
ORD009639,2024-03-06,CUST01388,Sports,Dumbbell,194.07,5,0,970.35,North,Bank Transfer,Phone,5,8
ORD009640,2024-03-15,CUST01287,Clothing,Socks,94.93,1,0.2,75.94,West,Debit Card,Phone,5,11
ORD009641,2024-11-26,CUST00064,Books,Textbook,31.41,1,0.2,25.13,Central,PayPal,Web,3,11
ORD009642,2024-07-25,CUST00697,Books,Novel,33.25,1,0.05,31.59,North,Mobile Money,Web,5,1
ORD009643,2024-10-13,CUST01631,Clothing,Sneakers,99.32,4,0.1,357.55,East,Debit Card,Mobile App,5,11
ORD009644,2024-09-20,CUST00090,Sports,Dumbbell,90.75,2,0.15,154.28,West,Bank Transfer,Mobile App,3,13
ORD009645,2024-12-24,CUST01765,Sports,Basketball,341.91,5,0.05,1624.07,South,Credit Card,Phone,5,10
ORD009646,2024-03-22,CUST00232,Home,Toaster,204.16,5,0,1020.8,Central,Credit Card,In-Store,2,4
ORD009647,2024-09-09,CUST01674,Sports,Dumbbell,557.95,1,0,557.95,North,Debit Card,Phone,5,3
ORD009648,2024-06-12,CUST01112,Clothing,Jeans,48.91,1,0.2,39.13,North,Credit Card,Phone,4,3
ORD009649,2024-08-15,CUST01078,Sports,Basketball,183.43,3,0.15,467.75,Central,Credit Card,In-Store,5,7
ORD009650,2024-04-04,CUST01713,Sports,Yoga Mat,357.78,3,0.1,966.01,North,PayPal,Mobile App,3,2
ORD009651,2024-01-19,CUST01145,Books,Textbook,24.88,3,0.15,63.44,West,Credit Card,Mobile App,3,8
ORD009652,2024-06-18,CUST00265,Electronics,Smartphone,1118.16,5,0,5590.8,West,Credit Card,Phone,3,8
ORD009653,2024-09-22,CUST01241,Electronics,Camera,385.88,3,0,1157.64,North,Bank Transfer,Phone,4,13
ORD009654,2024-07-18,CUST00319,Sports,Yoga Mat,467.24,4,0.1,1682.06,East,Credit Card,In-Store,3,9
ORD009655,2024-06-30,CUST00170,Electronics,Camera,692.51,4,0.2,2216.03,Central,Mobile Money,In-Store,5,1
ORD009656,2024-02-07,CUST00244,Books,Guide,19.28,5,0.15,81.94,East,PayPal,Mobile App,5,10
ORD009657,2024-08-12,CUST01761,Electronics,Laptop,564.42,5,0.2,2257.68,East,Debit Card,In-Store,4,12
ORD009658,2024-11-13,CUST01914,Electronics,Camera,730.6,1,0.15,621.01,Central,PayPal,Web,4,11
ORD009659,2024-07-18,CUST01821,Home,Lamp,329.07,4,0.2,1053.02,Central,Credit Card,Phone,3,6
ORD009660,2024-10-20,CUST01077,Electronics,Tablet,965.32,5,0,4826.6,North,PayPal,Web,4,5
ORD009661,2024-02-29,CUST00112,Home,Chair,48.58,5,0,242.9,South,Mobile Money,Mobile App,5,7
ORD009662,2024-05-29,CUST01161,Home,Chair,94.59,3,0.05,269.58,East,Debit Card,Web,3,8
ORD009663,2024-03-25,CUST01490,Home,Table,70.62,3,0,211.86,Central,Debit Card,Mobile App,3,13
ORD009664,2024-10-09,CUST00082,Home,Lamp,139.89,4,0.1,503.6,West,Debit Card,In-Store,5,7
ORD009665,2024-11-12,CUST00036,Electronics,Laptop,757.51,5,0.1,3408.79,North,Bank Transfer,Web,5,11
ORD009666,2024-12-22,CUST00164,Home,Lamp,397.85,3,0,1193.55,Central,Debit Card,Web,5,13
ORD009667,2024-11-18,CUST01442,Home,Table,20.68,1,0,20.68,South,Debit Card,Mobile App,4,6
ORD009668,2024-01-05,CUST01141,Sports,Yoga Mat,383.65,4,0.2,1227.68,North,Mobile Money,Web,4,10
ORD009669,2024-07-03,CUST01445,Home,Blender,25.83,2,0.1,46.49,West,Debit Card,In-Store,5,6
ORD009670,2024-08-01,CUST00837,Sports,Football,564.34,2,0.15,959.38,North,Bank Transfer,Web,5,1
ORD009671,2024-05-20,CUST01755,Sports,Bicycle,631.22,4,0,2524.88,Central,PayPal,In-Store,5,3
ORD009672,2024-06-17,CUST01397,Electronics,Smartphone,1280.01,2,0,2560.02,South,Credit Card,In-Store,4,11
ORD009673,2024-08-11,CUST01823,Home,Pillow,25.88,3,0.15,65.99,East,Mobile Money,Phone,5,6
ORD009674,2024-03-30,CUST01322,Books,Textbook,25.94,1,0,25.94,Central,Debit Card,Phone,5,2
ORD009675,2024-08-16,CUST01678,Electronics,Headphones,1212.52,4,0.05,4607.58,East,Bank Transfer,Mobile App,3,14
ORD009676,2024-04-08,CUST01099,Electronics,Laptop,131.57,1,0,131.57,Central,Debit Card,Mobile App,3,4
ORD009677,2024-02-29,CUST00886,Books,Comic,40.09,1,0.15,34.08,East,Bank Transfer,Web,5,8
ORD009678,2024-11-03,CUST01704,Books,Novel,35.43,1,0.05,33.66,West,Mobile Money,Web,3,4
ORD009679,2024-06-26,CUST02000,Electronics,Smartphone,84.01,2,0.2,134.42,South,Credit Card,Mobile App,5,6
ORD009680,2024-01-13,CUST01924,Electronics,Headphones,432.02,2,0.15,734.43,Central,PayPal,Phone,5,7
ORD009681,2024-02-16,CUST00456,Electronics,Camera,150.13,2,0.15,255.22,North,PayPal,Phone,4,11
ORD009682,2024-04-23,CUST01837,Electronics,Tablet,204.45,3,0.1,552.02,South,PayPal,Web,3,4
ORD009683,2024-11-09,CUST00592,Clothing,Hat,70.69,2,0.1,127.24,West,Bank Transfer,Mobile App,4,12
ORD009684,2024-03-07,CUST00441,Clothing,Hat,57.47,2,0,114.94,South,PayPal,Web,4,14
ORD009685,2024-01-05,CUST00350,Home,Chair,110.99,5,0.15,471.71,West,PayPal,Mobile App,5,7
ORD009686,2024-09-04,CUST01655,Books,Comic,6.18,5,0,30.9,North,Credit Card,Web,3,7
ORD009687,2024-09-07,CUST01984,Clothing,Hat,86.15,1,0.05,81.84,South,Credit Card,Web,2,1
ORD009688,2024-02-12,CUST00012,Clothing,Jeans,82.17,2,0,164.34,South,Bank Transfer,Phone,2,5
ORD009689,2024-08-10,CUST00592,Books,Textbook,58.0,5,0,290.0,West,Bank Transfer,In-Store,5,8
ORD009690,2024-03-14,CUST00863,Electronics,Smartphone,1062.21,4,0.2,3399.07,North,Credit Card,Mobile App,5,9
ORD009691,2024-07-25,CUST01345,Clothing,Jacket,90.13,1,0.2,72.1,North,Mobile Money,In-Store,5,12
ORD009692,2024-07-22,CUST00355,Sports,Basketball,109.79,2,0,219.58,East,Bank Transfer,Phone,4,9
ORD009693,2024-02-01,CUST00704,Electronics,Camera,964.06,1,0.15,819.45,South,Mobile Money,Web,5,7
ORD009694,2024-08-02,CUST00589,Electronics,Smartphone,253.83,1,0.15,215.76,South,PayPal,In-Store,5,9
ORD009695,2024-09-18,CUST00129,Books,Comic,9.51,3,0.15,24.25,South,Bank Transfer,In-Store,4,3
ORD009696,2024-04-12,CUST00913,Sports,Dumbbell,665.21,2,0,1330.42,South,Mobile Money,In-Store,1,4
ORD009697,2024-07-13,CUST00309,Home,Blender,119.49,3,0.2,286.78,South,Credit Card,In-Store,4,14
ORD009698,2024-02-28,CUST00298,Home,Pillow,133.28,1,0,133.28,Central,Debit Card,In-Store,3,13
ORD009699,2024-12-03,CUST01845,Sports,Bicycle,218.43,1,0,218.43,North,PayPal,Web,4,4
ORD009700,2024-02-27,CUST00719,Clothing,Sneakers,79.4,5,0.15,337.45,West,Bank Transfer,Web,3,13
ORD009701,2024-07-22,CUST01457,Electronics,Laptop,971.18,2,0,1942.36,East,Bank Transfer,Web,5,7
ORD009702,2024-09-25,CUST01646,Clothing,T-Shirt,78.76,1,0.1,70.88,Central,PayPal,Web,4,5
ORD009703,2024-12-23,CUST00649,Clothing,Socks,145.11,4,0,580.44,West,Mobile Money,In-Store,4,5
ORD009704,2024-12-09,CUST01997,Home,Toaster,61.87,4,0,247.48,West,Debit Card,Web,4,6
ORD009705,2024-08-21,CUST00740,Books,Biography,15.63,4,0,62.52,East,Bank Transfer,Mobile App,4,1
ORD009706,2024-08-17,CUST00293,Home,Lamp,272.95,3,0.1,736.97,West,Credit Card,In-Store,2,10
ORD009707,2024-12-10,CUST00209,Clothing,Socks,114.74,4,0.2,367.17,North,Mobile Money,Phone,5,11
ORD009708,2024-05-03,CUST00841,Home,Table,251.06,1,0,251.06,North,Mobile Money,In-Store,4,10
ORD009709,2024-01-29,CUST00048,Sports,Football,98.15,1,0.2,78.52,North,Debit Card,Mobile App,5,11
ORD009710,2024-01-17,CUST01432,Books,Novel,13.26,4,0,53.04,Central,Debit Card,In-Store,2,7
ORD009711,2024-09-15,CUST00710,Clothing,Socks,17.61,2,0.15,29.94,North,Credit Card,In-Store,5,5
ORD009712,2024-09-26,CUST00951,Electronics,Smartphone,1417.49,4,0,5669.96,North,Debit Card,Web,5,6
ORD009713,2024-09-04,CUST00465,Electronics,Laptop,238.9,2,0,477.8,South,Credit Card,Web,2,13
ORD009714,2024-11-12,CUST00498,Home,Blender,163.28,1,0,163.28,North,Credit Card,In-Store,4,7
ORD009715,2024-02-06,CUST00266,Sports,Dumbbell,98.78,4,0.15,335.85,West,Mobile Money,Mobile App,5,14
ORD009716,2024-05-24,CUST01783,Electronics,Tablet,564.07,4,0.05,2143.47,East,Credit Card,Mobile App,5,7
ORD009717,2024-10-09,CUST00147,Electronics,Camera,569.49,4,0,2277.96,South,PayPal,Phone,4,2
ORD009718,2024-08-19,CUST01122,Books,Biography,39.53,2,0.2,63.25,Central,Mobile Money,Phone,5,14
ORD009719,2024-07-01,CUST00981,Home,Table,392.42,5,0.2,1569.68,South,Mobile Money,Phone,5,11
ORD009720,2024-03-03,CUST01272,Clothing,Sneakers,59.28,5,0,296.4,West,Debit Card,Web,4,2
ORD009721,2024-10-03,CUST00479,Books,Cookbook,14.48,2,0.15,24.62,East,Credit Card,Mobile App,5,11
ORD009722,2024-09-29,CUST01655,Home,Toaster,163.65,4,0,654.6,West,Bank Transfer,Mobile App,1,8
ORD009723,2024-05-01,CUST01613,Clothing,Jeans,25.95,5,0.05,123.26,East,Debit Card,In-Store,4,5
ORD009724,2024-09-20,CUST01030,Clothing,Jacket,133.07,4,0,532.28,Central,PayPal,Web,1,7
ORD009725,2024-06-21,CUST01656,Clothing,Sneakers,90.41,1,0.2,72.33,West,PayPal,Mobile App,5,9
ORD009726,2024-12-29,CUST00336,Sports,Dumbbell,617.31,2,0,1234.62,East,Mobile Money,In-Store,4,5
ORD009727,2024-04-23,CUST01496,Clothing,Hat,73.69,2,0,147.38,South,Credit Card,In-Store,2,1
ORD009728,2024-11-10,CUST01083,Electronics,Camera,534.99,1,0,534.99,West,Bank Transfer,Mobile App,3,6
ORD009729,2024-11-28,CUST00482,Electronics,Tablet,931.09,2,0.05,1769.07,East,Debit Card,Phone,3,1
ORD009730,2024-08-02,CUST01971,Clothing,Socks,98.57,1,0,98.57,North,Debit Card,Phone,5,14
ORD009731,2024-09-14,CUST01880,Clothing,Sneakers,41.07,5,0,205.35,South,PayPal,Web,3,3
ORD009732,2024-02-15,CUST01788,Electronics,Laptop,865.6,3,0,2596.8,South,Mobile Money,Mobile App,3,14
ORD009733,2024-01-09,CUST00088,Clothing,Hat,90.72,5,0,453.6,North,Credit Card,Web,4,12
ORD009734,2024-05-31,CUST01610,Sports,Dumbbell,324.94,4,0.1,1169.78,East,Credit Card,Mobile App,2,2
ORD009735,2024-08-21,CUST01098,Sports,Dumbbell,600.84,1,0,600.84,West,Bank Transfer,Mobile App,4,3
ORD009736,2024-09-10,CUST01037,Clothing,Hat,56.54,3,0.2,135.7,East,Mobile Money,Phone,5,8
ORD009737,2024-05-23,CUST00017,Home,Lamp,280.85,4,0,1123.4,Central,PayPal,In-Store,3,5
ORD009738,2024-08-03,CUST00590,Clothing,Sneakers,46.74,4,0.05,177.61,North,Credit Card,Phone,3,2
ORD009739,2024-11-20,CUST01539,Sports,Basketball,56.13,5,0.2,224.52,North,Debit Card,Mobile App,5,3
ORD009740,2024-12-16,CUST00925,Electronics,Camera,393.97,5,0.05,1871.36,South,Bank Transfer,In-Store,5,3
ORD009741,2024-07-13,CUST00292,Sports,Bicycle,71.39,3,0.2,171.34,South,Debit Card,Web,5,9
ORD009742,2024-05-26,CUST01518,Clothing,Jacket,113.92,1,0.15,96.83,West,PayPal,Mobile App,5,5
ORD009743,2024-07-16,CUST01389,Electronics,Smartphone,948.05,2,0.05,1801.29,South,Credit Card,Phone,4,8
ORD009744,2024-09-10,CUST01559,Sports,Bicycle,290.35,3,0,871.05,East,PayPal,Mobile App,5,2
ORD009745,2024-04-24,CUST01875,Sports,Dumbbell,559.98,3,0,1679.94,South,Bank Transfer,Web,4,2
ORD009746,2024-03-29,CUST00725,Sports,Dumbbell,37.76,3,0.15,96.29,South,Credit Card,Web,5,6
ORD009747,2024-12-05,CUST00538,Sports,Dumbbell,53.29,5,0,266.45,Central,Credit Card,Mobile App,5,10
ORD009748,2024-01-04,CUST01055,Sports,Basketball,472.96,1,0.15,402.02,West,Credit Card,In-Store,5,5
ORD009749,2024-09-27,CUST01751,Electronics,Tablet,1392.61,5,0,6963.05,Central,Bank Transfer,Web,3,9
ORD009750,2024-05-18,CUST00434,Electronics,Tablet,897.96,5,0.05,4265.31,South,Mobile Money,Web,4,12
ORD009751,2024-04-27,CUST00611,Home,Toaster,195.87,3,0.2,470.09,South,PayPal,Web,4,2
ORD009752,2024-11-25,CUST01614,Sports,Basketball,793.21,3,0.2,1903.7,East,Bank Transfer,Phone,3,12
ORD009753,2024-05-14,CUST00491,Home,Lamp,320.15,2,0.1,576.27,North,Debit Card,Mobile App,4,1
ORD009754,2024-06-06,CUST01337,Home,Toaster,183.59,5,0.05,872.05,Central,PayPal,Mobile App,4,12
ORD009755,2024-05-02,CUST01865,Home,Toaster,386.11,2,0,772.22,Central,PayPal,Web,4,12
ORD009756,2024-08-15,CUST00104,Sports,Football,585.45,1,0.15,497.63,Central,Bank Transfer,Phone,5,14
ORD009757,2024-09-09,CUST00365,Home,Toaster,214.94,3,0,644.82,South,PayPal,Mobile App,5,6
ORD009758,2024-08-12,CUST00650,Electronics,Smartphone,781.71,4,0,3126.84,West,PayPal,Web,3,8
ORD009759,2024-03-27,CUST01512,Clothing,Socks,140.73,5,0,703.65,North,Mobile Money,Web,4,10
ORD009760,2024-03-25,CUST00731,Home,Pillow,99.66,5,0,498.3,Central,PayPal,Phone,1,12
ORD009761,2024-03-07,CUST00559,Electronics,Smartwatch,547.49,1,0.15,465.37,West,Bank Transfer,In-Store,4,4
ORD009762,2024-01-09,CUST01640,Electronics,Laptop,1498.53,3,0.15,3821.25,South,PayPal,Mobile App,5,6
ORD009763,2024-03-18,CUST01504,Clothing,Jeans,45.82,3,0.1,123.71,East,Mobile Money,Phone,4,9
ORD009764,2024-10-13,CUST00016,Books,Guide,59.27,1,0,59.27,North,Debit Card,In-Store,5,3
ORD009765,2024-05-20,CUST00824,Clothing,Socks,33.36,4,0,133.44,West,Mobile Money,In-Store,5,2
ORD009766,2024-01-01,CUST00157,Books,Biography,44.47,4,0,177.88,West,Debit Card,Web,3,14
ORD009767,2024-05-22,CUST00851,Electronics,Headphones,287.51,3,0.15,733.15,Central,Mobile Money,Web,4,11
ORD009768,2024-06-02,CUST01093,Books,Biography,7.21,1,0.15,6.13,South,Bank Transfer,Mobile App,3,7
ORD009769,2024-03-09,CUST00065,Books,Guide,27.37,4,0.2,87.58,Central,Bank Transfer,In-Store,5,12
ORD009770,2024-08-30,CUST01792,Home,Toaster,380.33,2,0.15,646.56,North,Debit Card,In-Store,5,11
ORD009771,2024-09-11,CUST00984,Home,Toaster,119.66,2,0.05,227.35,South,PayPal,Web,4,8
ORD009772,2024-10-31,CUST00231,Home,Lamp,112.14,1,0,112.14,South,Credit Card,Mobile App,2,14
ORD009773,2024-05-09,CUST01712,Home,Toaster,220.96,4,0,883.84,North,Bank Transfer,Web,3,12
ORD009774,2024-02-01,CUST01187,Home,Blender,214.23,5,0.1,964.04,Central,Bank Transfer,Phone,2,6
ORD009775,2024-05-18,CUST01858,Books,Biography,47.04,2,0,94.08,East,Bank Transfer,In-Store,5,1
ORD009776,2024-12-24,CUST00915,Books,Novel,47.64,4,0,190.56,West,Bank Transfer,Mobile App,3,14
ORD009777,2024-01-05,CUST00663,Sports,Tennis Racket,277.21,2,0,554.42,South,Bank Transfer,In-Store,5,7
ORD009778,2024-12-11,CUST00891,Home,Chair,165.72,2,0,331.44,North,Debit Card,In-Store,3,8
ORD009779,2024-01-01,CUST00384,Books,Novel,49.12,3,0,147.36,Central,Bank Transfer,Web,2,2
ORD009780,2024-03-29,CUST00385,Home,Chair,131.92,5,0.15,560.66,Central,Bank Transfer,Web,4,7
ORD009781,2024-04-13,CUST00026,Books,Biography,52.51,2,0,105.02,West,Bank Transfer,In-Store,3,12
ORD009782,2024-01-11,CUST00357,Home,Pillow,75.94,2,0,151.88,East,Credit Card,Mobile App,5,9
ORD009783,2024-08-13,CUST00122,Clothing,Jeans,76.53,1,0.15,65.05,North,Debit Card,Web,5,3
ORD009784,2024-12-28,CUST00809,Clothing,Jacket,98.34,4,0.1,354.02,West,Debit Card,Mobile App,3,5
ORD009785,2024-05-20,CUST01591,Electronics,Smartwatch,77.76,5,0,388.8,Central,PayPal,Web,5,6
ORD009786,2024-09-13,CUST01430,Clothing,Jeans,60.13,5,0,300.65,South,Credit Card,Mobile App,1,12
ORD009787,2024-08-16,CUST00421,Home,Chair,218.74,1,0,218.74,North,PayPal,Web,4,3
ORD009788,2024-03-16,CUST00437,Books,Cookbook,18.79,1,0.1,16.91,West,Debit Card,Phone,4,5
ORD009789,2024-01-09,CUST01334,Home,Pillow,244.11,3,0,732.33,West,Debit Card,In-Store,5,3
ORD009790,2024-04-16,CUST01665,Electronics,Tablet,959.18,4,0.05,3644.88,North,Credit Card,Mobile App,3,1
ORD009791,2024-12-09,CUST01184,Home,Lamp,375.3,3,0.15,957.01,Central,PayPal,Mobile App,5,8
ORD009792,2024-01-16,CUST00924,Books,Cookbook,35.92,4,0,143.68,South,Bank Transfer,Phone,2,9
ORD009793,2024-09-05,CUST01068,Books,Comic,23.11,1,0.05,21.95,East,Credit Card,In-Store,5,13
ORD009794,2024-01-25,CUST01303,Electronics,Smartwatch,50.25,5,0.05,238.69,North,PayPal,Web,2,11
ORD009795,2024-03-23,CUST00921,Sports,Bicycle,754.14,1,0.05,716.43,South,Bank Transfer,Phone,5,5
ORD009796,2024-04-05,CUST00588,Electronics,Smartphone,748.05,5,0,3740.25,South,Debit Card,Mobile App,3,3
ORD009797,2024-01-29,CUST01451,Clothing,T-Shirt,92.02,4,0.15,312.87,South,Mobile Money,Mobile App,5,13
ORD009798,2024-04-08,CUST01934,Electronics,Smartphone,341.08,2,0.2,545.73,South,Mobile Money,Mobile App,5,14
ORD009799,2024-09-04,CUST00791,Clothing,Jeans,136.63,5,0,683.15,West,Debit Card,In-Store,2,4
ORD009800,2024-04-03,CUST00388,Sports,Dumbbell,514.01,3,0,1542.03,East,Mobile Money,Mobile App,4,11
ORD009801,2024-08-13,CUST01084,Sports,Football,390.23,2,0,780.46,Central,Bank Transfer,Phone,4,2
ORD009802,2024-12-11,CUST00538,Home,Chair,279.8,3,0,839.4,West,Bank Transfer,Phone,4,1
ORD009803,2024-01-25,CUST00593,Clothing,Jeans,83.03,3,0.15,211.73,West,PayPal,Phone,4,6
ORD009804,2024-07-18,CUST00981,Sports,Bicycle,263.46,2,0.2,421.54,Central,Debit Card,Web,5,9
ORD009805,2024-02-24,CUST01448,Sports,Bicycle,249.61,3,0.05,711.39,North,Credit Card,Phone,4,6
ORD009806,2024-03-20,CUST01396,Books,Cookbook,8.52,5,0.1,38.34,North,Mobile Money,Web,4,2
ORD009807,2024-01-16,CUST00529,Clothing,Sneakers,42.85,3,0,128.55,West,PayPal,Mobile App,1,3
ORD009808,2024-08-24,CUST00473,Sports,Dumbbell,423.64,5,0,2118.2,East,Bank Transfer,In-Store,5,9
ORD009809,2024-03-05,CUST00469,Clothing,Sneakers,20.33,4,0.1,73.19,Central,PayPal,Web,2,7
ORD009810,2024-10-22,CUST00586,Books,Textbook,48.35,5,0,241.75,North,Debit Card,In-Store,4,6
ORD009811,2024-09-10,CUST01393,Books,Novel,35.92,1,0.2,28.74,South,PayPal,Mobile App,5,4
ORD009812,2024-12-01,CUST01779,Books,Comic,53.69,5,0.15,228.18,East,PayPal,In-Store,5,13
ORD009813,2024-08-31,CUST01403,Clothing,T-Shirt,91.72,2,0.15,155.92,South,Bank Transfer,Web,5,14
ORD009814,2024-08-19,CUST01414,Electronics,Camera,591.4,2,0,1182.8,South,Bank Transfer,Mobile App,3,9
ORD009815,2024-10-02,CUST00721,Sports,Basketball,279.87,5,0.05,1329.38,East,PayPal,Web,4,5
ORD009816,2024-11-03,CUST00058,Electronics,Tablet,844.32,4,0.15,2870.69,East,Bank Transfer,Web,5,7
ORD009817,2024-04-01,CUST01452,Electronics,Headphones,728.86,5,0.15,3097.66,East,Bank Transfer,Mobile App,5,10
ORD009818,2024-06-17,CUST01231,Clothing,Jeans,22.17,2,0,44.34,North,PayPal,Phone,5,9
ORD009819,2024-10-22,CUST00005,Home,Lamp,316.61,5,0.15,1345.59,Central,PayPal,Mobile App,4,14
ORD009820,2024-09-05,CUST01057,Home,Blender,327.95,4,0.1,1180.62,South,Mobile Money,Phone,4,3
ORD009821,2024-02-06,CUST00072,Home,Table,369.3,5,0,1846.5,Central,Credit Card,Phone,4,2
ORD009822,2024-11-13,CUST00737,Home,Blender,82.32,1,0,82.32,East,Bank Transfer,Mobile App,3,6
ORD009823,2024-08-08,CUST00665,Clothing,Jeans,67.17,2,0.1,120.91,North,Mobile Money,Mobile App,4,12
ORD009824,2024-03-30,CUST01326,Books,Guide,42.98,2,0.2,68.77,East,PayPal,In-Store,5,10
ORD009825,2024-07-03,CUST01486,Electronics,Tablet,1433.28,5,0,7166.4,West,Debit Card,Mobile App,4,10
ORD009826,2024-06-06,CUST01380,Electronics,Smartphone,949.34,4,0.05,3607.49,North,PayPal,Phone,3,8
ORD009827,2024-06-01,CUST01996,Electronics,Headphones,1000.15,1,0.05,950.14,West,Debit Card,In-Store,3,3
ORD009828,2024-12-29,CUST01485,Sports,Football,72.41,2,0,144.82,West,Bank Transfer,In-Store,5,7
ORD009829,2024-01-27,CUST00062,Home,Table,233.74,3,0,701.22,North,Mobile Money,Phone,1,14
ORD009830,2024-01-03,CUST01183,Books,Biography,49.7,2,0,99.4,Central,PayPal,Web,3,13
ORD009831,2024-07-25,CUST00104,Electronics,Tablet,235.27,5,0,1176.35,Central,PayPal,Web,3,1
ORD009832,2024-01-15,CUST00037,Sports,Dumbbell,657.48,2,0,1314.96,East,PayPal,Phone,4,6
ORD009833,2024-05-30,CUST01499,Sports,Bicycle,406.98,5,0.05,1933.15,West,Mobile Money,In-Store,4,2
ORD009834,2024-10-08,CUST00892,Sports,Basketball,661.34,2,0.1,1190.41,South,Debit Card,Phone,5,4
ORD009835,2024-03-22,CUST01551,Electronics,Laptop,956.4,5,0.1,4303.8,Central,Bank Transfer,Mobile App,4,9
ORD009836,2024-11-15,CUST01947,Electronics,Camera,448.67,4,0.1,1615.21,West,Bank Transfer,Phone,3,1
ORD009837,2024-07-20,CUST00676,Sports,Dumbbell,200.88,5,0,1004.4,Central,PayPal,Mobile App,5,2
ORD009838,2024-03-19,CUST01796,Sports,Dumbbell,569.9,2,0.05,1082.81,North,PayPal,Web,4,11
ORD009839,2024-05-03,CUST01054,Books,Textbook,13.04,2,0.1,23.47,West,Mobile Money,Mobile App,1,9
ORD009840,2024-09-27,CUST00218,Sports,Yoga Mat,182.93,5,0,914.65,East,Bank Transfer,Phone,4,3
ORD009841,2024-03-21,CUST00526,Clothing,Socks,51.32,1,0.15,43.62,West,Mobile Money,Phone,3,2
ORD009842,2024-09-29,CUST00619,Sports,Basketball,235.46,2,0.1,423.83,Central,Debit Card,Mobile App,4,3
ORD009843,2024-08-24,CUST01852,Sports,Yoga Mat,196.56,2,0.15,334.15,North,PayPal,Mobile App,5,4
ORD009844,2024-10-09,CUST01124,Home,Pillow,203.8,1,0,203.8,North,Debit Card,Web,2,6
ORD009845,2024-12-10,CUST00137,Home,Lamp,144.16,2,0.05,273.9,East,Credit Card,In-Store,4,2
ORD009846,2024-06-27,CUST00490,Sports,Bicycle,342.94,5,0,1714.7,Central,Credit Card,In-Store,4,1
ORD009847,2024-07-10,CUST00839,Electronics,Tablet,577.31,2,0.2,923.7,East,PayPal,Phone,5,1
ORD009848,2024-10-07,CUST00475,Books,Biography,38.23,4,0.1,137.63,South,PayPal,In-Store,4,9
ORD009849,2024-05-03,CUST00647,Electronics,Smartwatch,677.79,5,0.05,3219.5,West,Mobile Money,In-Store,1,6
ORD009850,2024-06-04,CUST00993,Electronics,Camera,341.64,4,0.15,1161.58,Central,Bank Transfer,Web,5,4
ORD009851,2024-08-10,CUST01060,Clothing,Hat,12.06,4,0,48.24,West,Bank Transfer,Web,3,2
ORD009852,2024-10-01,CUST00750,Electronics,Tablet,1303.12,4,0.15,4430.61,Central,Mobile Money,Phone,4,7
ORD009853,2024-12-02,CUST01409,Books,Textbook,53.85,4,0,215.4,West,PayPal,Web,4,6
ORD009854,2024-05-10,CUST00235,Clothing,Sneakers,69.01,1,0.15,58.66,North,Mobile Money,Web,3,3
ORD009855,2024-06-09,CUST01229,Home,Chair,398.66,4,0,1594.64,South,PayPal,Web,4,12
ORD009856,2024-10-03,CUST00554,Clothing,T-Shirt,107.99,3,0.1,291.57,East,Mobile Money,In-Store,3,7
ORD009857,2024-05-03,CUST01988,Electronics,Tablet,659.9,1,0.05,626.91,North,Credit Card,Mobile App,4,11
ORD009858,2024-03-03,CUST01450,Home,Chair,399.45,3,0.2,958.68,South,Debit Card,Mobile App,4,1
ORD009859,2024-12-15,CUST00916,Books,Guide,11.23,5,0,56.15,South,Mobile Money,Web,5,5
ORD009860,2024-01-12,CUST01218,Home,Pillow,86.21,1,0,86.21,South,Credit Card,Web,3,12
ORD009861,2024-05-13,CUST00862,Clothing,Socks,148.35,5,0,741.75,South,PayPal,In-Store,5,8
ORD009862,2024-08-20,CUST00368,Books,Guide,22.28,2,0.15,37.88,Central,PayPal,In-Store,5,2
ORD009863,2024-02-11,CUST00244,Clothing,Jacket,110.77,1,0.15,94.15,West,Bank Transfer,Phone,5,12
ORD009864,2024-11-24,CUST00069,Clothing,Sneakers,66.09,3,0,198.27,North,PayPal,Mobile App,5,9
ORD009865,2024-02-13,CUST01510,Books,Comic,15.09,5,0,75.45,West,Credit Card,In-Store,4,4
ORD009866,2024-01-01,CUST00739,Sports,Football,759.04,1,0.1,683.14,Central,PayPal,Web,5,4
ORD009867,2024-06-25,CUST00650,Books,Guide,46.43,5,0.2,185.72,West,PayPal,Phone,5,7
ORD009868,2024-03-24,CUST00523,Books,Textbook,15.9,5,0,79.5,South,Mobile Money,Mobile App,5,2
ORD009869,2024-06-09,CUST01515,Books,Biography,28.08,5,0.05,133.38,East,Mobile Money,In-Store,5,7
ORD009870,2024-12-09,CUST00065,Electronics,Camera,1284.23,2,0,2568.46,East,Bank Transfer,Mobile App,5,13
ORD009871,2024-05-26,CUST00887,Sports,Football,77.85,4,0.15,264.69,Central,Mobile Money,Phone,4,3
ORD009872,2024-09-02,CUST01322,Books,Comic,54.92,5,0.15,233.41,North,Credit Card,Mobile App,4,4
ORD009873,2024-11-16,CUST00795,Electronics,Camera,944.39,5,0,4721.95,South,Mobile Money,Phone,5,10
ORD009874,2024-01-11,CUST01173,Home,Table,94.34,4,0.2,301.89,West,Debit Card,Web,5,13
ORD009875,2024-07-23,CUST01444,Sports,Dumbbell,355.5,5,0.1,1599.75,Central,Credit Card,Mobile App,4,6
ORD009876,2024-11-12,CUST01023,Electronics,Camera,1074.62,2,0,2149.24,West,Debit Card,Phone,4,1
ORD009877,2024-02-01,CUST01388,Sports,Yoga Mat,72.87,5,0,364.35,North,PayPal,Phone,5,11
ORD009878,2024-11-04,CUST00085,Clothing,Sneakers,43.29,4,0,173.16,West,Debit Card,Mobile App,5,13
ORD009879,2024-02-25,CUST01584,Books,Novel,6.87,3,0,20.61,North,Debit Card,Web,4,5
ORD009880,2024-11-25,CUST00878,Electronics,Smartphone,986.76,4,0,3947.04,North,Debit Card,Phone,4,5
ORD009881,2024-03-26,CUST01910,Electronics,Tablet,109.99,5,0.1,494.96,North,Mobile Money,Mobile App,4,4
ORD009882,2024-09-04,CUST00856,Electronics,Tablet,1012.83,4,0.15,3443.62,East,Debit Card,Web,5,11
ORD009883,2024-11-16,CUST00945,Books,Novel,14.61,1,0,14.61,North,Debit Card,Phone,5,1
ORD009884,2024-11-22,CUST00403,Sports,Basketball,474.11,1,0.15,402.99,East,Bank Transfer,Phone,4,2
ORD009885,2024-09-29,CUST01163,Clothing,Jacket,141.25,1,0.15,120.06,West,PayPal,Phone,5,11
ORD009886,2024-07-10,CUST00313,Electronics,Smartphone,1090.26,5,0.2,4361.04,East,Mobile Money,Phone,4,12
ORD009887,2024-08-25,CUST01248,Home,Lamp,354.81,1,0.2,283.85,North,PayPal,Mobile App,4,14
ORD009888,2024-10-25,CUST01768,Clothing,Jeans,97.85,4,0,391.4,North,PayPal,Phone,5,14
ORD009889,2024-04-16,CUST01888,Home,Lamp,313.45,5,0.2,1253.8,North,PayPal,In-Store,5,14
ORD009890,2024-02-27,CUST00835,Home,Lamp,242.73,4,0,970.92,North,Bank Transfer,Web,4,6
ORD009891,2024-02-19,CUST01057,Clothing,Sneakers,90.31,5,0.15,383.82,West,Credit Card,Web,4,7
ORD009892,2024-06-15,CUST01849,Sports,Yoga Mat,573.46,4,0,2293.84,North,PayPal,Phone,5,6
ORD009893,2024-11-13,CUST00487,Sports,Tennis Racket,569.24,4,0.2,1821.57,North,Mobile Money,Phone,5,8
ORD009894,2024-07-11,CUST00185,Electronics,Smartwatch,175.56,1,0.15,149.23,South,Mobile Money,Mobile App,3,5
ORD009895,2024-08-11,CUST01392,Clothing,Jeans,107.55,1,0.1,96.79,North,Credit Card,In-Store,4,11
ORD009896,2024-10-26,CUST01326,Sports,Dumbbell,607.55,3,0.15,1549.25,East,PayPal,Mobile App,5,2
ORD009897,2024-04-15,CUST01029,Electronics,Laptop,1436.48,5,0,7182.4,East,Credit Card,Phone,4,5
ORD009898,2024-09-18,CUST00903,Electronics,Smartwatch,1395.67,5,0,6978.35,West,Debit Card,Web,5,9
ORD009899,2024-02-05,CUST01704,Books,Cookbook,34.91,5,0.2,139.64,South,Debit Card,Phone,3,14
ORD009900,2024-04-05,CUST01898,Sports,Bicycle,294.93,5,0.15,1253.45,West,Debit Card,Phone,3,2
ORD009901,2024-12-09,CUST00347,Clothing,Sneakers,30.62,1,0.1,27.56,West,Credit Card,Mobile App,4,14
ORD009902,2024-11-25,CUST01609,Books,Guide,46.13,3,0.1,124.55,West,Debit Card,In-Store,4,10
ORD009903,2024-07-04,CUST00290,Home,Toaster,36.38,5,0.2,145.52,North,Debit Card,Mobile App,4,2
ORD009904,2024-04-12,CUST00064,Home,Table,60.34,5,0.2,241.36,South,Mobile Money,Phone,5,13
ORD009905,2024-07-04,CUST01017,Electronics,Smartphone,516.64,5,0,2583.2,East,Credit Card,In-Store,5,12
ORD009906,2024-04-15,CUST00125,Electronics,Tablet,418.4,3,0.15,1066.92,North,Mobile Money,Phone,5,8
ORD009907,2024-06-25,CUST01701,Clothing,Jeans,10.82,4,0,43.28,South,Credit Card,Mobile App,4,7
ORD009908,2024-01-10,CUST01815,Electronics,Smartphone,726.13,4,0,2904.52,East,Bank Transfer,Phone,3,11
ORD009909,2024-01-19,CUST00143,Clothing,Jacket,74.61,1,0.2,59.69,North,Mobile Money,Web,5,8
ORD009910,2024-02-16,CUST01442,Home,Lamp,230.91,5,0.05,1096.82,East,Bank Transfer,Phone,5,12
ORD009911,2024-01-03,CUST00521,Clothing,T-Shirt,49.71,4,0.2,159.07,West,PayPal,Phone,3,14
ORD009912,2024-04-30,CUST01353,Home,Chair,43.84,3,0.15,111.79,North,Mobile Money,Web,5,2
ORD009913,2024-06-28,CUST00919,Electronics,Headphones,531.93,2,0.1,957.47,West,Debit Card,Mobile App,5,9
ORD009914,2024-11-16,CUST01653,Sports,Dumbbell,634.81,3,0.1,1713.99,East,Credit Card,Mobile App,5,12
ORD009915,2024-09-24,CUST01005,Clothing,Socks,47.31,5,0,236.55,North,Bank Transfer,Mobile App,4,5
ORD009916,2024-09-16,CUST01472,Books,Biography,21.19,3,0.2,50.86,West,Bank Transfer,Web,4,10
ORD009917,2024-07-24,CUST00746,Clothing,Socks,119.27,2,0.05,226.61,West,Credit Card,In-Store,3,3
ORD009918,2024-03-01,CUST00384,Books,Cookbook,29.86,4,0.2,95.55,West,Bank Transfer,Web,5,7
ORD009919,2024-10-02,CUST00214,Electronics,Smartphone,1400.05,4,0.1,5040.18,South,Bank Transfer,Web,4,13
ORD009920,2024-08-04,CUST00934,Electronics,Camera,692.74,3,0,2078.22,South,Credit Card,Web,4,8
ORD009921,2024-01-24,CUST00144,Electronics,Camera,1249.95,2,0.2,1999.92,South,Debit Card,Mobile App,5,5
ORD009922,2024-01-03,CUST01482,Electronics,Smartphone,514.3,5,0.05,2442.92,South,Debit Card,In-Store,5,9
ORD009923,2024-10-17,CUST00118,Home,Pillow,88.07,5,0,440.35,Central,Bank Transfer,Phone,5,13
ORD009924,2024-08-19,CUST01162,Books,Biography,31.02,5,0.05,147.35,East,Mobile Money,Web,2,3
ORD009925,2024-01-31,CUST01237,Home,Lamp,281.91,2,0.05,535.63,North,Credit Card,Web,5,7
ORD009926,2024-06-17,CUST01814,Home,Chair,321.07,4,0.05,1220.07,South,Bank Transfer,In-Store,3,1
ORD009927,2024-04-04,CUST01516,Books,Novel,26.21,2,0.15,44.56,Central,Debit Card,Phone,5,8
ORD009928,2024-11-07,CUST00735,Books,Comic,42.72,4,0,170.88,East,Credit Card,Phone,4,11
ORD009929,2024-02-10,CUST01387,Electronics,Tablet,881.43,5,0.15,3746.08,North,Mobile Money,Mobile App,5,2
ORD009930,2024-12-11,CUST01621,Home,Chair,370.49,2,0.1,666.88,North,PayPal,Web,2,12
ORD009931,2024-02-25,CUST01570,Electronics,Tablet,986.17,5,0.05,4684.31,West,Credit Card,Mobile App,5,3
ORD009932,2024-06-13,CUST00762,Electronics,Headphones,672.46,4,0,2689.84,West,PayPal,Web,4,5
ORD009933,2024-06-25,CUST00108,Books,Biography,26.11,3,0,78.33,East,Mobile Money,Mobile App,5,4
ORD009934,2024-10-11,CUST01256,Books,Guide,20.58,4,0,82.32,South,Bank Transfer,Web,3,8
ORD009935,2024-12-30,CUST00409,Books,Biography,9.43,3,0.15,24.05,East,Credit Card,Web,5,11
ORD009936,2024-05-18,CUST01128,Sports,Basketball,531.51,2,0,1063.02,East,PayPal,Web,5,10
ORD009937,2024-08-23,CUST00156,Home,Pillow,349.09,2,0.05,663.27,South,Credit Card,In-Store,2,2
ORD009938,2024-05-01,CUST00738,Books,Biography,31.53,5,0,157.65,North,Debit Card,In-Store,5,4
ORD009939,2024-06-28,CUST01265,Clothing,Sneakers,59.28,2,0,118.56,Central,PayPal,Web,2,4
ORD009940,2024-10-12,CUST00949,Sports,Football,496.34,4,0.2,1588.29,Central,PayPal,Web,5,11
ORD009941,2024-10-12,CUST01053,Home,Pillow,154.68,5,0.2,618.72,South,Bank Transfer,Phone,4,13
ORD009942,2024-10-26,CUST00847,Books,Comic,40.35,1,0.15,34.3,South,Mobile Money,Phone,5,10
ORD009943,2024-10-17,CUST00781,Home,Chair,87.55,3,0.15,223.25,East,Debit Card,Mobile App,4,4
ORD009944,2024-02-03,CUST00282,Electronics,Tablet,473.81,1,0.1,426.43,East,Bank Transfer,Web,4,14
ORD009945,2024-09-02,CUST01250,Clothing,Socks,91.19,4,0,364.76,West,Debit Card,Mobile App,4,11
ORD009946,2024-02-16,CUST00992,Books,Comic,36.4,4,0.1,131.04,Central,PayPal,Web,4,2
ORD009947,2024-03-17,CUST00874,Clothing,Socks,64.08,4,0,256.32,South,Debit Card,Phone,2,13
ORD009948,2024-08-30,CUST01915,Electronics,Headphones,1357.68,1,0,1357.68,East,PayPal,In-Store,3,13
ORD009949,2024-09-12,CUST01149,Clothing,Jacket,42.48,2,0.15,72.22,North,PayPal,Mobile App,5,1
ORD009950,2024-11-02,CUST01878,Sports,Bicycle,768.98,1,0.05,730.53,Central,Mobile Money,Mobile App,3,4
ORD009951,2024-12-02,CUST01028,Electronics,Headphones,1363.13,3,0,4089.39,South,Credit Card,In-Store,4,2
ORD009952,2024-08-12,CUST01354,Clothing,Jeans,14.04,2,0.1,25.27,Central,Credit Card,In-Store,2,14
ORD009953,2024-11-01,CUST00961,Sports,Basketball,80.94,1,0.05,76.89,West,PayPal,Mobile App,5,13
ORD009954,2024-05-15,CUST00735,Home,Pillow,186.45,4,0.2,596.64,West,PayPal,Web,3,9
ORD009955,2024-05-26,CUST01281,Books,Biography,15.66,4,0.15,53.24,Central,PayPal,Mobile App,5,6
ORD009956,2024-09-29,CUST01128,Clothing,Sneakers,27.04,1,0,27.04,West,Credit Card,Phone,4,5
ORD009957,2024-03-13,CUST00116,Home,Table,386.59,5,0,1932.95,North,PayPal,Mobile App,5,4
ORD009958,2024-08-27,CUST01830,Electronics,Headphones,460.74,1,0.2,368.59,West,PayPal,Web,5,5
ORD009959,2024-02-10,CUST01463,Sports,Dumbbell,768.32,3,0.15,1959.22,North,Mobile Money,In-Store,5,10
ORD009960,2024-08-24,CUST01031,Sports,Bicycle,719.74,5,0,3598.7,East,Mobile Money,Web,4,14
ORD009961,2024-08-16,CUST01731,Sports,Yoga Mat,394.96,4,0.1,1421.86,North,Credit Card,In-Store,4,14
ORD009962,2024-07-14,CUST01194,Clothing,Jacket,104.06,4,0.15,353.8,East,Debit Card,In-Store,5,11
ORD009963,2024-04-24,CUST01666,Electronics,Laptop,727.48,3,0,2182.44,South,Credit Card,Web,2,12
ORD009964,2024-05-23,CUST01138,Home,Lamp,351.84,1,0.1,316.66,West,PayPal,Mobile App,2,3
ORD009965,2024-06-25,CUST01422,Clothing,Jacket,92.23,4,0,368.92,Central,Mobile Money,Mobile App,5,5
ORD009966,2024-09-20,CUST01920,Sports,Tennis Racket,403.27,3,0,1209.81,Central,PayPal,Phone,3,2
ORD009967,2024-08-02,CUST00304,Clothing,Sneakers,118.62,3,0,355.86,East,Debit Card,Phone,5,2
ORD009968,2024-07-27,CUST00498,Home,Lamp,211.32,5,0.15,898.11,North,Bank Transfer,Mobile App,5,10
ORD009969,2024-01-16,CUST00613,Electronics,Laptop,518.77,3,0,1556.31,North,Credit Card,In-Store,2,3
ORD009970,2024-12-10,CUST01488,Home,Pillow,37.58,1,0.2,30.06,West,PayPal,Phone,5,14
ORD009971,2024-02-18,CUST00702,Home,Pillow,53.36,2,0.2,85.38,Central,Credit Card,In-Store,5,12
ORD009972,2024-03-24,CUST01488,Home,Pillow,354.53,4,0.15,1205.4,West,Bank Transfer,Web,5,2
ORD009973,2024-12-24,CUST01841,Electronics,Laptop,469.79,3,0,1409.37,East,Bank Transfer,Web,2,7
ORD009974,2024-02-13,CUST01485,Home,Pillow,182.37,3,0.15,465.04,North,Credit Card,Web,3,9
ORD009975,2024-05-04,CUST01322,Home,Toaster,366.03,2,0.1,658.85,Central,Bank Transfer,In-Store,2,6
ORD009976,2024-06-04,CUST00693,Books,Novel,42.39,5,0.15,180.16,East,Debit Card,Mobile App,4,4
ORD009977,2024-11-03,CUST00023,Clothing,Sneakers,142.5,2,0.05,270.75,South,PayPal,Web,2,11
ORD009978,2024-07-21,CUST01106,Clothing,Socks,103.31,2,0.05,196.29,South,Mobile Money,In-Store,4,14
ORD009979,2024-03-16,CUST00031,Sports,Football,214.3,1,0,214.3,East,Bank Transfer,Phone,3,9
ORD009980,2024-05-24,CUST00175,Home,Blender,376.42,3,0.15,959.87,South,Debit Card,Mobile App,5,12
ORD009981,2024-05-09,CUST00779,Electronics,Headphones,153.3,5,0.2,613.2,East,Bank Transfer,Mobile App,3,9
ORD009982,2024-06-29,CUST01700,Home,Toaster,346.51,1,0.2,277.21,West,Credit Card,Mobile App,5,10
ORD009983,2024-07-22,CUST00566,Clothing,Jeans,20.37,3,0,61.11,West,Mobile Money,In-Store,3,2
ORD009984,2024-01-31,CUST01079,Books,Textbook,9.39,3,0,28.17,West,Bank Transfer,Mobile App,4,5
ORD009985,2024-04-03,CUST00592,Books,Novel,35.44,3,0,106.32,East,Debit Card,In-Store,3,4
ORD009986,2024-10-09,CUST00947,Books,Cookbook,5.27,4,0,21.08,Central,Mobile Money,Web,3,1
ORD009987,2024-04-02,CUST00976,Home,Pillow,18.44,3,0,55.32,East,Mobile Money,In-Store,2,2
ORD009988,2024-07-14,CUST00827,Home,Pillow,170.62,3,0,511.86,Central,Debit Card,Mobile App,1,2
ORD009989,2024-01-28,CUST00382,Home,Table,186.67,1,0,186.67,East,Credit Card,In-Store,3,5
ORD009990,2024-03-26,CUST00927,Books,Comic,34.78,1,0,34.78,North,Mobile Money,Mobile App,4,3
ORD009991,2024-09-06,CUST01329,Sports,Yoga Mat,420.63,3,0,1261.89,East,Mobile Money,Web,5,2
ORD009992,2024-07-20,CUST00651,Books,Guide,18.28,3,0,54.84,North,Credit Card,Mobile App,4,11
ORD009993,2024-11-05,CUST00590,Clothing,Sneakers,52.78,2,0,105.56,North,Mobile Money,Mobile App,4,2
ORD009994,2024-10-04,CUST01757,Home,Chair,277.66,2,0.2,444.26,East,PayPal,Phone,3,10
ORD009995,2024-09-12,CUST00817,Home,Table,157.86,1,0.2,126.29,North,PayPal,Mobile App,5,3
ORD009996,2024-04-23,CUST01774,Electronics,Headphones,918.63,2,0.05,1745.4,South,Debit Card,Web,1,8
ORD009997,2024-12-21,CUST00879,Electronics,Tablet,340.07,2,0,680.14,South,PayPal,Phone,3,14
ORD009998,2024-11-26,CUST01206,Electronics,Headphones,82.65,5,0.2,330.6,East,Credit Card,Mobile App,4,2
ORD009999,2024-10-10,CUST00773,Electronics,Smartphone,227.26,3,0,681.78,North,PayPal,Mobile App,3,13
ORD010000,2024-03-23,CUST01989,Sports,Football,424.65,1,0,424.65,West,Bank Transfer,Phone,3,5
